call_id,turn_id,speaker,channel,segment_id,start_time,end_time,text,sentiment_label,sentiment_score,frustration_flag,empathy_flag,probing_flag,ownership_flag,next_steps_flag,segment_duration_sec,rms_energy,peak_amplitude,rms_db,zero_crossing_rate,spectral_centroid,pitch_mean_hz,pitch_std_hz,speaking_rate_wps,volume_level,speaking_rate_level,pitch_level,frustration_flag_bool,empathy_flag_bool,probing_flag_bool,ownership_flag_bool,next_steps_flag_bool,normalized_sentiment,vocal_intensity_level,turn_risk_score,turn_main_signal,turn_risk_level,turn_reason_codes,evidence_id,signal_coverage_confidence,analytical_contract_version,risk_rubric_version,risk_score_type,risk_score_calibrated,asr_model_id,sentiment_model_id
en_AU_Entertainment_1592670,1,agent,channel1,1,0.0,26.4,Good afternoon. Thank you for calling Sydney Theatre Company. This is Danielle speaking.,positive,0.9141,False,False,False,False,False,26.4,0.064765,0.999969,-23.773,0.042075,915.412,283.482,127.565,0.492,medium,low,high,False,False,False,False,False,positive,medium,0,no strong signal,low,NO_STRONG_SIGNAL,en_AU_Entertainment_1592670:turn:1,1.0,1.0.0,conversation_risk_v1,heuristic_proxy,False,faster-whisper/small,cardiffnlp/twitter-roberta-base-sentiment-latest
en_AU_Entertainment_1592670,2,customer,channel2,1,0.0,28.0,Thank you.,positive,0.8345,False,False,False,False,False,28.0,0.000919,0.164337,-60.737,0.098305,1943.65,241.951,144.171,0.071,low,low,high,False,False,False,False,False,positive,medium,5,medium customer vocal intensity,low,CUST_MEDIUM_VOCAL_INTENSITY,en_AU_Entertainment_1592670:turn:2,1.0,1.0.0,conversation_risk_v1,heuristic_proxy,False,faster-whisper/small,cardiffnlp/twitter-roberta-base-sentiment-latest
en_AU_Entertainment_1592670,3,agent,channel1,2,26.4,28.4,How can I help you today?,neutral,0.7191,False,False,True,False,False,2.0,0.079791,0.632385,-21.961,0.050471,1037.743,205.601,112.146,3.0,high,high,medium,False,False,True,False,False,neutral,high,0,agent probing question detected,low,AGENT_PROBING,en_AU_Entertainment_1592670:turn:3,1.0,1.0.0,conversation_risk_v1,heuristic_proxy,False,faster-whisper/small,cardiffnlp/twitter-roberta-base-sentiment-latest
en_AU_Entertainment_1592670,4,customer,channel2,2,28.0,31.0,"Hi, Danielle. My name is Maria.",neutral,0.7464,False,False,False,False,False,3.0,0.069684,0.451843,-23.137,0.119572,1777.139,251.583,68.389,2.0,medium,low,high,False,False,False,False,False,neutral,medium,5,medium customer vocal intensity,low,CUST_MEDIUM_VOCAL_INTENSITY,en_AU_Entertainment_1592670:turn:4,1.0,1.0.0,conversation_risk_v1,heuristic_proxy,False,faster-whisper/small,cardiffnlp/twitter-roberta-base-sentiment-latest
en_AU_Entertainment_1592670,5,agent,channel1,3,28.4,51.4,"Oh, that's so sad. Okay. Yeah, I mean, our show's a fantastic. Sorry, I'm going to have to miss it.",negative,0.7795,False,False,False,False,False,23.0,0.026498,0.292755,-31.536,0.069981,1231.835,281.471,130.679,0.87,low,low,high,False,False,False,False,False,negative,medium,8,negative agent sentiment,low,AGENT_NEGATIVE_SENTIMENT,en_AU_Entertainment_1592670:turn:5,1.0,1.0.0,conversation_risk_v1,heuristic_proxy,False,faster-whisper/small,cardiffnlp/twitter-roberta-base-sentiment-latest
en_AU_Entertainment_1592670,6,customer,channel2,3,31.0,35.0,"Look, I'm calling because I've got a bit of a situation.",neutral,0.6762,False,False,False,False,False,4.0,0.057355,0.444885,-24.829,0.119737,1613.614,242.867,78.36,2.75,medium,medium,high,False,False,False,False,False,neutral,medium,5,medium customer vocal intensity,low,CUST_MEDIUM_VOCAL_INTENSITY,en_AU_Entertainment_1592670:turn:6,1.0,1.0.0,conversation_risk_v1,heuristic_proxy,False,faster-whisper/small,cardiffnlp/twitter-roberta-base-sentiment-latest
en_AU_Entertainment_1592670,7,customer,channel2,4,35.0,38.0,I bought two tickets online for a show.,neutral,0.8036,False,False,False,False,False,3.0,0.042145,0.256165,-27.505,0.176373,1945.22,206.013,87.022,2.667,low,medium,medium,False,False,False,False,False,neutral,low,0,no strong signal,low,NO_STRONG_SIGNAL,en_AU_Entertainment_1592670:turn:7,1.0,1.0.0,conversation_risk_v1,heuristic_proxy,False,faster-whisper/small,cardiffnlp/twitter-roberta-base-sentiment-latest
en_AU_Entertainment_1592670,8,customer,channel2,5,38.0,42.0,"But unfortunately, I can't make it anymore,",negative,0.8843,False,False,False,False,False,4.0,0.059258,0.536804,-24.545,0.130673,1609.501,207.112,82.223,1.75,medium,low,medium,False,False,False,False,False,negative,medium,20,negative customer sentiment | medium customer vocal intensity,low,CUST_NEGATIVE_SENTIMENT|CUST_MEDIUM_VOCAL_INTENSITY,en_AU_Entertainment_1592670:turn:8,1.0,1.0.0,conversation_risk_v1,heuristic_proxy,False,faster-whisper/small,cardiffnlp/twitter-roberta-base-sentiment-latest
en_AU_Entertainment_1592670,9,customer,channel2,6,42.0,46.0,"and I'm hoping you can, you know, might be able to help me out.",positive,0.7362,False,False,False,False,False,4.0,0.029727,0.337463,-30.537,0.071595,1231.436,218.971,116.753,3.5,low,high,medium,False,False,False,False,False,positive,medium,5,medium customer vocal intensity,low,CUST_MEDIUM_VOCAL_INTENSITY,en_AU_Entertainment_1592670:turn:9,1.0,1.0.0,conversation_risk_v1,heuristic_proxy,False,faster-whisper/small,cardiffnlp/twitter-roberta-base-sentiment-latest
en_AU_Entertainment_1592670,10,agent,channel1,4,51.4,56.4,"Look, of course, I can help you. I'm sorry to hear you can't make the performance.",neutral,0.4972,False,False,False,True,False,5.0,0.095484,0.801575,-20.401,0.111235,1137.02,174.713,63.142,3.2,high,high,low,False,False,False,True,False,neutral,high,0,agent ownership detected,low,AGENT_OWNERSHIP,en_AU_Entertainment_1592670:turn:10,1.0,1.0.0,conversation_risk_v1,heuristic_proxy,False,faster-whisper/small,cardiffnlp/twitter-roberta-base-sentiment-latest
en_AU_Entertainment_1592670,11,agent,channel1,5,56.4,75.4,Can I just start by getting a few details from you? Starting with which show did you book?,neutral,0.9364,False,False,True,False,False,19.0,0.051056,0.806427,-25.839,0.05278,1083.238,298.928,123.762,0.947,low,low,high,False,False,True,False,False,neutral,medium,0,agent probing question detected,low,AGENT_PROBING,en_AU_Entertainment_1592670:turn:11,1.0,1.0.0,conversation_risk_v1,heuristic_proxy,False,faster-whisper/small,cardiffnlp/twitter-roberta-base-sentiment-latest
en_AU_Entertainment_1592670,12,customer,channel2,7,59.0,65.0,"Yeah, of course.",neutral,0.4614,False,False,False,False,False,6.0,0.041437,0.419922,-27.652,0.121398,2070.968,253.253,125.676,0.5,low,low,high,False,False,False,False,False,neutral,medium,5,medium customer vocal intensity,low,CUST_MEDIUM_VOCAL_INTENSITY,en_AU_Entertainment_1592670:turn:12,1.0,1.0.0,conversation_risk_v1,heuristic_proxy,False,faster-whisper/small,cardiffnlp/twitter-roberta-base-sentiment-latest
en_AU_Entertainment_1592670,13,customer,channel2,8,65.0,71.0,It was for the picture of Dorian Gray at the Roslyn Packer Theatre in Walsh Bay.,neutral,0.9344,False,False,False,False,False,6.0,0.06071,0.539001,-24.335,0.1278,1637.798,204.233,82.535,2.667,medium,medium,medium,False,False,False,False,False,neutral,medium,5,medium customer vocal intensity,low,CUST_MEDIUM_VOCAL_INTENSITY,en_AU_Entertainment_1592670:turn:13,1.0,1.0.0,conversation_risk_v1,heuristic_proxy,False,faster-whisper/small,cardiffnlp/twitter-roberta-base-sentiment-latest
en_AU_Entertainment_1592670,14,customer,channel2,9,71.0,85.0,"I was really looking forward to it, actually.",positive,0.9784,False,False,False,False,False,14.0,0.021341,0.304565,-33.416,0.102071,2023.668,245.772,137.228,0.571,low,low,high,False,False,False,False,False,positive,medium,5,medium customer vocal intensity,low,CUST_MEDIUM_VOCAL_INTENSITY,en_AU_Entertainment_1592670:turn:14,1.0,1.0.0,conversation_risk_v1,heuristic_proxy,False,faster-whisper/small,cardiffnlp/twitter-roberta-base-sentiment-latest
en_AU_Entertainment_1592670,15,agent,channel1,6,75.4,81.4,"That's such a fantastic production too. Oh my God, I've heard so many wonderful things about it.",positive,0.987,False,False,False,False,False,6.0,0.080544,0.640991,-21.879,0.14716,1528.102,211.096,61.741,2.833,high,medium,medium,False,False,False,False,False,positive,medium,0,no strong signal,low,NO_STRONG_SIGNAL,en_AU_Entertainment_1592670:turn:15,1.0,1.0.0,conversation_risk_v1,heuristic_proxy,False,faster-whisper/small,cardiffnlp/twitter-roberta-base-sentiment-latest
en_AU_Entertainment_1592670,16,agent,channel1,7,81.4,92.4,When was your performance scheduled for? Which date?,neutral,0.9512,False,False,True,False,False,11.0,0.039524,0.515259,-28.063,0.05232,985.078,300.93,126.585,0.727,low,low,high,False,False,True,False,False,neutral,medium,0,agent probing question detected,low,AGENT_PROBING,en_AU_Entertainment_1592670:turn:16,1.0,1.0.0,conversation_risk_v1,heuristic_proxy,False,faster-whisper/small,cardiffnlp/twitter-roberta-base-sentiment-latest
en_AU_Entertainment_1592670,17,customer,channel2,10,85.0,88.0,"It's this Saturday night, 14th of December at 7.30.",neutral,0.9566,False,False,False,False,False,3.0,0.069535,0.529053,-23.156,0.150141,1861.605,211.747,50.909,3.0,medium,high,medium,False,False,False,False,False,neutral,medium,5,medium customer vocal intensity,low,CUST_MEDIUM_VOCAL_INTENSITY,en_AU_Entertainment_1592670:turn:17,1.0,1.0.0,conversation_risk_v1,heuristic_proxy,False,faster-whisper/small,cardiffnlp/twitter-roberta-base-sentiment-latest
en_AU_Entertainment_1592670,18,customer,channel2,11,88.0,90.0,I wish I could make it.,positive,0.4955,False,False,False,False,False,2.0,0.053872,0.401703,-25.373,0.107158,1460.099,208.046,71.097,3.0,medium,high,medium,False,False,False,False,False,positive,medium,5,medium customer vocal intensity,low,CUST_MEDIUM_VOCAL_INTENSITY,en_AU_Entertainment_1592670:turn:18,1.0,1.0.0,conversation_risk_v1,heuristic_proxy,False,faster-whisper/small,cardiffnlp/twitter-roberta-base-sentiment-latest
en_AU_Entertainment_1592670,19,customer,channel2,12,90.0,103.0,I bought the tickets about three weeks ago.,neutral,0.8788,False,False,False,False,False,13.0,0.01501,0.281982,-36.472,0.09039,1948.015,257.337,142.015,0.615,low,low,high,False,False,False,False,False,neutral,medium,5,medium customer vocal intensity,low,CUST_MEDIUM_VOCAL_INTENSITY,en_AU_Entertainment_1592670:turn:19,1.0,1.0.0,conversation_risk_v1,heuristic_proxy,False,faster-whisper/small,cardiffnlp/twitter-roberta-base-sentiment-latest
en_AU_Entertainment_1592670,20,agent,channel1,8,92.4,98.4,"Yeah, look, it's going to be such a shame. Okay, right. Can I just grab your booking reference number?",negative,0.9025,False,False,True,False,False,6.0,0.079736,0.635315,-21.967,0.1071,1213.941,205.68,88.23,3.167,high,high,medium,False,False,True,False,False,negative,high,3,negative agent sentiment | agent probing question detected,low,AGENT_NEGATIVE_SENTIMENT|AGENT_PROBING,en_AU_Entertainment_1592670:turn:20,1.0,1.0.0,conversation_risk_v1,heuristic_proxy,False,faster-whisper/small,cardiffnlp/twitter-roberta-base-sentiment-latest
en_AU_Entertainment_1592670,21,agent,channel1,9,98.4,102.4,It should be on the confirmation email just in that top right hand corner if you can see it.,neutral,0.8716,False,False,False,False,False,4.0,0.067748,0.525574,-23.382,0.11513,1282.407,218.403,58.733,4.75,medium,high,medium,False,False,False,False,False,neutral,medium,0,no strong signal,low,NO_STRONG_SIGNAL,en_AU_Entertainment_1592670:turn:21,1.0,1.0.0,conversation_risk_v1,heuristic_proxy,False,faster-whisper/small,cardiffnlp/twitter-roberta-base-sentiment-latest
en_AU_Entertainment_1592670,22,customer,channel2,13,103.0,105.0,"Um, do you mean on the...",neutral,0.8896,False,False,False,False,False,2.0,0.06375,0.226776,-23.91,0.096439,1696.026,315.145,80.935,3.0,medium,high,high,False,False,False,False,False,neutral,high,15,high customer vocal intensity,low,CUST_HIGH_VOCAL_INTENSITY,en_AU_Entertainment_1592670:turn:22,1.0,1.0.0,conversation_risk_v1,heuristic_proxy,False,faster-whisper/small,cardiffnlp/twitter-roberta-base-sentiment-latest
en_AU_Entertainment_1592670,23,customer,channel2,14,105.0,109.0,"Oh, hang on, on the confirmation, I'm not sure.",neutral,0.7053,False,False,False,False,False,4.0,0.059654,0.47467,-24.487,0.144357,1720.668,199.584,69.072,2.25,medium,medium,medium,False,False,False,False,False,neutral,medium,5,medium customer vocal intensity,low,CUST_MEDIUM_VOCAL_INTENSITY,en_AU_Entertainment_1592670:turn:23,1.0,1.0.0,conversation_risk_v1,heuristic_proxy,False,faster-whisper/small,cardiffnlp/twitter-roberta-base-sentiment-latest
en_AU_Entertainment_1592670,24,customer,channel2,15,109.0,111.0,Let me just pull that up.,neutral,0.7484,False,False,False,False,False,2.0,0.069272,0.500488,-23.189,0.152134,1832.864,240.532,107.688,3.0,medium,high,high,False,False,False,False,False,neutral,high,15,high customer vocal intensity,low,CUST_HIGH_VOCAL_INTENSITY,en_AU_Entertainment_1592670:turn:24,1.0,1.0.0,conversation_risk_v1,heuristic_proxy,False,faster-whisper/small,cardiffnlp/twitter-roberta-base-sentiment-latest
en_AU_Entertainment_1592670,25,customer,channel2,16,111.0,113.0,"Okay, hang on a second.",neutral,0.7162,False,False,False,False,False,2.0,0.038328,0.3013,-28.33,0.143818,1855.683,166.442,55.297,2.5,low,medium,low,False,False,False,False,False,neutral,low,0,no strong signal,low,NO_STRONG_SIGNAL,en_AU_Entertainment_1592670:turn:25,1.0,1.0.0,conversation_risk_v1,heuristic_proxy,False,faster-whisper/small,cardiffnlp/twitter-roberta-base-sentiment-latest
en_AU_Entertainment_1592670,26,customer,channel2,17,113.0,118.0,I have to go through...,neutral,0.6372,False,False,False,False,False,5.0,0.012399,0.138,-38.132,0.167726,2309.039,174.566,103.835,1.0,low,low,low,False,False,False,False,False,neutral,low,0,no strong signal,low,NO_STRONG_SIGNAL,en_AU_Entertainment_1592670:turn:26,1.0,1.0.0,conversation_risk_v1,heuristic_proxy,False,faster-whisper/small,cardiffnlp/twitter-roberta-base-sentiment-latest
en_AU_Entertainment_1592670,27,customer,channel2,18,118.0,132.0,"Here we go. Okay, it's STC-2024-9876.",neutral,0.8676,False,False,False,False,False,14.0,0.058316,0.610138,-24.684,0.181434,2184.499,194.724,92.804,0.429,medium,low,low,False,False,False,False,False,neutral,medium,5,medium customer vocal intensity,low,CUST_MEDIUM_VOCAL_INTENSITY,en_AU_Entertainment_1592670:turn:27,1.0,1.0.0,conversation_risk_v1,heuristic_proxy,False,faster-whisper/small,cardiffnlp/twitter-roberta-base-sentiment-latest
en_AU_Entertainment_1592670,28,agent,channel1,10,128.4,150.4,"Okay, thank you. Perfect. So just going to confirm that number. It's Sierra Tango Charlie 20249876.",positive,0.7272,False,False,False,False,False,22.0,0.066603,0.658142,-23.53,0.098706,1326.433,247.845,122.988,0.727,medium,low,high,False,False,False,False,False,positive,medium,0,no strong signal,low,NO_STRONG_SIGNAL,en_AU_Entertainment_1592670:turn:28,1.0,1.0.0,conversation_risk_v1,heuristic_proxy,False,faster-whisper/small,cardiffnlp/twitter-roberta-base-sentiment-latest
en_AU_Entertainment_1592670,29,customer,channel2,19,143.0,164.0,"Um, yeah, that's right.",neutral,0.6523,False,False,False,False,False,21.0,0.025712,0.425812,-31.797,0.090903,2062.335,252.537,143.684,0.19,low,low,high,False,False,False,False,False,neutral,medium,5,medium customer vocal intensity,low,CUST_MEDIUM_VOCAL_INTENSITY,en_AU_Entertainment_1592670:turn:29,1.0,1.0.0,conversation_risk_v1,heuristic_proxy,False,faster-whisper/small,cardiffnlp/twitter-roberta-base-sentiment-latest
en_AU_Entertainment_1592670,30,agent,channel1,11,150.4,156.4,"Okay, perfect. Thank you. Just give me one moment please while I bring up your booking.",positive,0.7435,False,False,False,False,False,6.0,0.06367,0.551117,-23.921,0.079361,1116.777,218.639,111.12,2.667,medium,medium,medium,False,False,False,False,False,positive,medium,0,no strong signal,low,NO_STRONG_SIGNAL,en_AU_Entertainment_1592670:turn:30,1.0,1.0.0,conversation_risk_v1,heuristic_proxy,False,faster-whisper/small,cardiffnlp/twitter-roberta-base-sentiment-latest
en_AU_Entertainment_1592670,31,agent,channel1,12,156.4,163.4,"All right, Maria, I can see it here. We've got two tickets for Saturday evening, the 14th, premium reserve seating tickets too.",positive,0.5762,False,False,False,False,False,7.0,0.087874,0.659515,-21.123,0.131501,1521.881,215.312,75.782,3.143,high,high,medium,False,False,False,False,False,positive,high,0,no strong signal,low,NO_STRONG_SIGNAL,en_AU_Entertainment_1592670:turn:31,1.0,1.0.0,conversation_risk_v1,heuristic_proxy,False,faster-whisper/small,cardiffnlp/twitter-roberta-base-sentiment-latest
en_AU_Entertainment_1592670,32,agent,channel1,13,163.4,174.4,Is that correct?,neutral,0.8883,False,False,True,False,False,11.0,0.029405,0.515289,-30.632,0.040062,1052.367,313.877,126.439,0.273,low,low,high,False,False,True,False,False,neutral,medium,0,agent probing question detected,low,AGENT_PROBING,en_AU_Entertainment_1592670:turn:32,1.0,1.0.0,conversation_risk_v1,heuristic_proxy,False,faster-whisper/small,cardiffnlp/twitter-roberta-base-sentiment-latest
en_AU_Entertainment_1592670,33,customer,channel2,20,164.0,168.0,"Oh, don't remind me. That's right.",negative,0.474,False,False,False,False,False,4.0,0.075307,0.544861,-22.463,0.141144,2033.322,225.552,90.062,1.5,medium,low,medium,False,False,False,False,False,negative,medium,20,negative customer sentiment | medium customer vocal intensity,low,CUST_NEGATIVE_SENTIMENT|CUST_MEDIUM_VOCAL_INTENSITY,en_AU_Entertainment_1592670:turn:33,1.0,1.0.0,conversation_risk_v1,heuristic_proxy,False,faster-whisper/small,cardiffnlp/twitter-roberta-base-sentiment-latest
en_AU_Entertainment_1592670,34,customer,channel2,21,168.0,172.0,I splurged a bit because it was meant to be a special night out with my sister.,neutral,0.5294,False,False,False,False,False,4.0,0.045491,0.424133,-26.842,0.186605,1905.017,175.136,66.697,4.25,low,high,low,False,False,False,False,False,neutral,medium,5,medium customer vocal intensity,low,CUST_MEDIUM_VOCAL_INTENSITY,en_AU_Entertainment_1592670:turn:34,1.0,1.0.0,conversation_risk_v1,heuristic_proxy,False,faster-whisper/small,cardiffnlp/twitter-roberta-base-sentiment-latest
en_AU_Entertainment_1592670,35,customer,channel2,22,172.0,188.0,She's visiting from Melbourne.,neutral,0.947,False,False,False,False,False,16.0,0.004825,0.114838,-46.33,0.060313,1864.424,273.548,149.196,0.25,low,low,high,False,False,False,False,False,neutral,medium,5,medium customer vocal intensity,low,CUST_MEDIUM_VOCAL_INTENSITY,en_AU_Entertainment_1592670:turn:35,1.0,1.0.0,conversation_risk_v1,heuristic_proxy,False,faster-whisper/small,cardiffnlp/twitter-roberta-base-sentiment-latest
en_AU_Entertainment_1592670,36,agent,channel1,14,174.4,177.4,"Oh, that's such a pity. Okay, yeah, I understand completely.",negative,0.7889,False,True,False,False,False,3.0,0.065147,0.54834,-23.722,0.108108,1246.672,169.486,62.853,3.333,medium,high,low,False,True,False,False,False,negative,medium,0,negative agent sentiment | agent empathy detected,low,AGENT_NEGATIVE_SENTIMENT|AGENT_EMPATHY,en_AU_Entertainment_1592670:turn:36,1.0,1.0.0,conversation_risk_v1,heuristic_proxy,False,faster-whisper/small,cardiffnlp/twitter-roberta-base-sentiment-latest
en_AU_Entertainment_1592670,37,agent,channel1,15,177.4,183.4,"So what I need to ask you first, Maria, is whether or not is whether your tickets were refundable?",neutral,0.9022,False,False,True,False,False,6.0,0.089012,0.833923,-21.011,0.08901,1115.328,203.228,77.953,3.167,high,high,medium,False,False,True,False,False,neutral,high,0,agent probing question detected,low,AGENT_PROBING,en_AU_Entertainment_1592670:turn:37,1.0,1.0.0,conversation_risk_v1,heuristic_proxy,False,faster-whisper/small,cardiffnlp/twitter-roberta-base-sentiment-latest
en_AU_Entertainment_1592670,38,agent,channel1,16,183.4,195.4,"Unfortunately, it depends on which type of ticket you selected when you made the booking.",neutral,0.541,False,False,False,False,False,12.0,0.046036,0.787079,-26.738,0.058826,1106.795,266.489,132.943,1.25,low,low,high,False,False,False,False,False,neutral,medium,0,no strong signal,low,NO_STRONG_SIGNAL,en_AU_Entertainment_1592670:turn:38,1.0,1.0.0,conversation_risk_v1,heuristic_proxy,False,faster-whisper/small,cardiffnlp/twitter-roberta-base-sentiment-latest
en_AU_Entertainment_1592670,39,customer,channel2,23,188.0,190.0,"Alright, okay.",neutral,0.6611,False,False,False,False,False,2.0,0.071683,0.387543,-22.892,0.088379,1313.533,215.897,55.882,1.0,medium,low,medium,False,False,False,False,False,neutral,medium,5,medium customer vocal intensity,low,CUST_MEDIUM_VOCAL_INTENSITY,en_AU_Entertainment_1592670:turn:39,1.0,1.0.0,conversation_risk_v1,heuristic_proxy,False,faster-whisper/small,cardiffnlp/twitter-roberta-base-sentiment-latest
en_AU_Entertainment_1592670,40,customer,channel2,24,190.0,193.0,I didn't really pay attention to that when I bought them.,neutral,0.6197,False,False,False,False,False,3.0,0.039631,0.222229,-28.039,0.09216,1394.599,222.874,56.838,3.667,low,high,medium,False,False,False,False,False,neutral,medium,5,medium customer vocal intensity,low,CUST_MEDIUM_VOCAL_INTENSITY,en_AU_Entertainment_1592670:turn:40,1.0,1.0.0,conversation_risk_v1,heuristic_proxy,False,faster-whisper/small,cardiffnlp/twitter-roberta-base-sentiment-latest
en_AU_Entertainment_1592670,41,customer,channel2,25,193.0,213.0,Is there a way to check?,neutral,0.9081,False,False,False,False,False,20.0,0.013079,0.374054,-37.668,0.062456,1956.96,276.9,145.448,0.3,low,low,high,False,False,False,False,False,neutral,medium,5,medium customer vocal intensity,low,CUST_MEDIUM_VOCAL_INTENSITY,en_AU_Entertainment_1592670:turn:41,1.0,1.0.0,conversation_risk_v1,heuristic_proxy,False,faster-whisper/small,cardiffnlp/twitter-roberta-base-sentiment-latest
en_AU_Entertainment_1592670,42,agent,channel1,17,195.4,202.4,"Yeah, absolutely. Look, let me just see. I can see that information on my end. Let me just open it.",positive,0.5447,False,False,False,False,False,7.0,0.096194,0.975891,-20.337,0.11665,1292.59,185.518,70.665,2.857,high,medium,low,False,False,False,False,False,positive,medium,0,no strong signal,low,NO_STRONG_SIGNAL,en_AU_Entertainment_1592670:turn:42,1.0,1.0.0,conversation_risk_v1,heuristic_proxy,False,faster-whisper/small,cardiffnlp/twitter-roberta-base-sentiment-latest
en_AU_Entertainment_1592670,43,agent,channel1,18,202.4,209.4,"Yeah, okay, great. So looking at your booking, you purchase standard admission tickets rather than our flex tickets.",positive,0.6457,False,False,False,False,False,7.0,0.101306,0.883514,-19.887,0.172762,1699.246,198.391,82.632,2.571,high,medium,medium,False,False,False,False,False,positive,medium,0,no strong signal,low,NO_STRONG_SIGNAL,en_AU_Entertainment_1592670:turn:43,1.0,1.0.0,conversation_risk_v1,heuristic_proxy,False,faster-whisper/small,cardiffnlp/twitter-roberta-base-sentiment-latest
en_AU_Entertainment_1592670,44,agent,channel1,19,209.4,218.4,So the standard tickets do have some restrictions around refunds.,neutral,0.8124,False,False,False,False,False,9.0,0.048624,0.688416,-26.263,0.101303,1308.234,255.733,128.772,1.111,low,low,high,False,False,False,False,False,neutral,medium,0,no strong signal,low,NO_STRONG_SIGNAL,en_AU_Entertainment_1592670:turn:44,1.0,1.0.0,conversation_risk_v1,heuristic_proxy,False,faster-whisper/small,cardiffnlp/twitter-roberta-base-sentiment-latest
en_AU_Entertainment_1592670,45,customer,channel2,26,213.0,233.0,Oh no. Does that mean I can't get a refund at all?,negative,0.7489,False,False,False,False,False,20.0,0.026534,0.478516,-31.524,0.06679,1758.95,275.299,133.578,0.6,low,low,high,False,False,False,False,False,negative,medium,20,negative customer sentiment | medium customer vocal intensity,low,CUST_NEGATIVE_SENTIMENT|CUST_MEDIUM_VOCAL_INTENSITY,en_AU_Entertainment_1592670:turn:45,1.0,1.0.0,conversation_risk_v1,heuristic_proxy,False,faster-whisper/small,cardiffnlp/twitter-roberta-base-sentiment-latest
en_AU_Entertainment_1592670,46,agent,channel1,20,218.4,223.4,"Well, look, let me first explain our policy so that you know exactly where you stand.",neutral,0.8172,False,False,False,False,False,5.0,0.085007,0.665924,-21.411,0.164174,1541.845,180.189,78.164,3.2,high,high,low,False,False,False,False,False,neutral,high,0,no strong signal,low,NO_STRONG_SIGNAL,en_AU_Entertainment_1592670:turn:46,1.0,1.0.0,conversation_risk_v1,heuristic_proxy,False,faster-whisper/small,cardiffnlp/twitter-roberta-base-sentiment-latest
en_AU_Entertainment_1592670,47,agent,channel1,21,223.4,230.4,"So our standard tickets are generally non-refundable, but we can make exceptions in certain circumstances.",neutral,0.8497,False,False,False,False,False,7.0,0.07931,0.648743,-22.013,0.166669,1498.032,179.698,71.462,2.143,high,medium,low,False,False,False,False,False,neutral,medium,0,no strong signal,low,NO_STRONG_SIGNAL,en_AU_Entertainment_1592670:turn:47,1.0,1.0.0,conversation_risk_v1,heuristic_proxy,False,faster-whisper/small,cardiffnlp/twitter-roberta-base-sentiment-latest
en_AU_Entertainment_1592670,48,agent,channel1,22,230.4,247.4,So let me ask what's prevented you from attending.,neutral,0.7343,False,False,False,False,False,17.0,0.017589,0.361053,-35.095,0.028735,832.455,283.011,145.667,0.529,low,low,high,False,False,False,False,False,neutral,medium,0,no strong signal,low,NO_STRONG_SIGNAL,en_AU_Entertainment_1592670:turn:48,1.0,1.0.0,conversation_risk_v1,heuristic_proxy,False,faster-whisper/small,cardiffnlp/twitter-roberta-base-sentiment-latest
en_AU_Entertainment_1592670,49,customer,channel2,27,233.0,237.0,"Yeah, so my sister, the one I was going to go with,",neutral,0.8166,False,False,False,False,False,4.0,0.052274,0.540009,-25.634,0.171433,2011.407,212.894,83.501,3.0,medium,high,medium,False,False,False,False,False,neutral,medium,5,medium customer vocal intensity,low,CUST_MEDIUM_VOCAL_INTENSITY,en_AU_Entertainment_1592670:turn:49,1.0,1.0.0,conversation_risk_v1,heuristic_proxy,False,faster-whisper/small,cardiffnlp/twitter-roberta-base-sentiment-latest
en_AU_Entertainment_1592670,50,customer,channel2,28,237.0,243.0,she's had to cancel her trip from Melbourne because her son came down with a pretty bad case of gastro.,negative,0.8683,False,False,False,False,False,6.0,0.026259,0.27652,-31.615,0.160148,1888.292,189.173,68.432,3.333,low,high,low,False,False,False,False,False,negative,medium,20,negative customer sentiment | medium customer vocal intensity,low,CUST_NEGATIVE_SENTIMENT|CUST_MEDIUM_VOCAL_INTENSITY,en_AU_Entertainment_1592670:turn:50,1.0,1.0.0,conversation_risk_v1,heuristic_proxy,False,faster-whisper/small,cardiffnlp/twitter-roberta-base-sentiment-latest
en_AU_Entertainment_1592670,51,customer,channel2,29,243.0,247.0,"Nothing serious, but she needs to stay home and look after him, of course.",neutral,0.7364,False,False,False,False,False,4.0,0.040226,0.359344,-27.91,0.180466,2075.945,188.157,85.277,3.5,low,high,low,False,False,False,False,False,neutral,medium,5,medium customer vocal intensity,low,CUST_MEDIUM_VOCAL_INTENSITY,en_AU_Entertainment_1592670:turn:51,1.0,1.0.0,conversation_risk_v1,heuristic_proxy,False,faster-whisper/small,cardiffnlp/twitter-roberta-base-sentiment-latest
en_AU_Entertainment_1592670,52,agent,channel1,23,247.4,253.4,"Oh my God, Australia. Oh, look, that is so unfortunate. I hope he feels better soon.",negative,0.8851,False,False,False,False,False,6.0,0.127658,1.0,-17.879,0.135537,1299.041,185.594,70.238,2.667,high,medium,low,False,False,False,False,False,negative,medium,8,negative agent sentiment,low,AGENT_NEGATIVE_SENTIMENT,en_AU_Entertainment_1592670:turn:52,1.0,1.0.0,conversation_risk_v1,heuristic_proxy,False,faster-whisper/small,cardiffnlp/twitter-roberta-base-sentiment-latest
en_AU_Entertainment_1592670,53,agent,channel1,24,253.4,256.4,That's so horrible case of gastro. Wow.,negative,0.9326,False,False,False,False,False,3.0,0.07603,0.825134,-22.38,0.152401,1400.464,164.429,87.164,2.333,medium,medium,low,False,False,False,False,False,negative,medium,8,negative agent sentiment,low,AGENT_NEGATIVE_SENTIMENT,en_AU_Entertainment_1592670:turn:53,1.0,1.0.0,conversation_risk_v1,heuristic_proxy,False,faster-whisper/small,cardiffnlp/twitter-roberta-base-sentiment-latest
en_AU_Entertainment_1592670,54,agent,channel1,25,256.4,263.4,"Now, in cases like yours where there is a bit of a family emergency or illness, we may be able to process a refund.",neutral,0.7965,False,False,False,False,False,7.0,0.099003,0.875214,-20.087,0.097317,1132.691,178.839,58.884,3.429,high,high,low,False,False,False,False,False,neutral,high,0,no strong signal,low,NO_STRONG_SIGNAL,en_AU_Entertainment_1592670:turn:54,1.0,1.0.0,conversation_risk_v1,heuristic_proxy,False,faster-whisper/small,cardiffnlp/twitter-roberta-base-sentiment-latest
en_AU_Entertainment_1592670,55,customer,channel2,30,263.0,286.0,"Right, okay. Well, how much would that fee be?",neutral,0.8843,False,False,False,False,False,23.0,0.021406,0.425049,-33.389,0.055574,1796.62,287.737,139.348,0.391,low,low,high,False,False,False,False,False,neutral,medium,5,medium customer vocal intensity,low,CUST_MEDIUM_VOCAL_INTENSITY,en_AU_Entertainment_1592670:turn:55,1.0,1.0.0,conversation_risk_v1,heuristic_proxy,False,faster-whisper/small,cardiffnlp/twitter-roberta-base-sentiment-latest
en_AU_Entertainment_1592670,56,agent,channel1,26,263.4,271.4,Though I should mention it would be subject to an administration fee.,neutral,0.8279,False,False,False,False,False,8.0,0.051227,0.539551,-25.81,0.073816,1015.84,246.942,135.009,1.5,medium,low,high,False,False,False,False,False,neutral,medium,0,no strong signal,low,NO_STRONG_SIGNAL,en_AU_Entertainment_1592670:turn:56,1.0,1.0.0,conversation_risk_v1,heuristic_proxy,False,faster-whisper/small,cardiffnlp/twitter-roberta-base-sentiment-latest
en_AU_Entertainment_1592670,57,agent,channel1,27,271.4,278.4,"The admin fee is $15 per ticket, so that would be $30 in total because you purchased two tickets.",neutral,0.9209,False,False,False,False,False,7.0,0.074985,0.999969,-22.501,0.167935,1732.818,183.376,73.768,2.714,medium,medium,low,False,False,False,False,False,neutral,medium,0,no strong signal,low,NO_STRONG_SIGNAL,en_AU_Entertainment_1592670:turn:57,1.0,1.0.0,conversation_risk_v1,heuristic_proxy,False,faster-whisper/small,cardiffnlp/twitter-roberta-base-sentiment-latest
en_AU_Entertainment_1592670,58,agent,channel1,28,278.4,299.4,"The tickets originally were $89 each, so you'd be looking at receiving $148 back rather than the full $178.",neutral,0.8678,False,False,False,False,False,21.0,0.0522,0.763916,-25.647,0.060668,1059.193,267.995,131.89,0.905,medium,low,high,False,False,False,False,False,neutral,medium,0,no strong signal,low,NO_STRONG_SIGNAL,en_AU_Entertainment_1592670:turn:58,1.0,1.0.0,conversation_risk_v1,heuristic_proxy,False,faster-whisper/small,cardiffnlp/twitter-roberta-base-sentiment-latest
en_AU_Entertainment_1592670,59,customer,channel2,31,287.0,289.0,"Hmm, I see.",neutral,0.7879,False,False,False,False,False,2.0,0.038797,0.221924,-28.224,0.122086,1768.053,176.673,65.419,1.5,low,low,low,False,False,False,False,False,neutral,low,0,no strong signal,low,NO_STRONG_SIGNAL,en_AU_Entertainment_1592670:turn:59,1.0,1.0.0,conversation_risk_v1,heuristic_proxy,False,faster-whisper/small,cardiffnlp/twitter-roberta-base-sentiment-latest
en_AU_Entertainment_1592670,60,customer,channel2,32,289.0,292.0,"Look, that's still better than losing the whole amount, of course,",positive,0.7324,False,False,False,False,False,3.0,0.07392,0.44928,-22.625,0.122953,1435.307,192.764,50.931,3.667,medium,high,low,False,False,False,False,False,positive,medium,5,medium customer vocal intensity,low,CUST_MEDIUM_VOCAL_INTENSITY,en_AU_Entertainment_1592670:turn:60,1.0,1.0.0,conversation_risk_v1,heuristic_proxy,False,faster-whisper/small,cardiffnlp/twitter-roberta-base-sentiment-latest
en_AU_Entertainment_1592670,61,customer,channel2,33,292.0,294.0,"but before I decide on the refund,",neutral,0.8004,False,False,False,False,False,2.0,0.069413,0.490601,-23.171,0.107685,1506.843,237.031,66.121,3.5,medium,high,high,False,False,False,False,False,neutral,high,15,high customer vocal intensity,low,CUST_HIGH_VOCAL_INTENSITY,en_AU_Entertainment_1592670:turn:61,1.0,1.0.0,conversation_risk_v1,heuristic_proxy,False,faster-whisper/small,cardiffnlp/twitter-roberta-base-sentiment-latest
en_AU_Entertainment_1592670,62,customer,channel2,34,294.0,296.0,"can I just ask her about other options,",neutral,0.8598,False,False,False,False,False,2.0,0.082526,0.453888,-21.668,0.128247,1697.361,258.222,79.057,4.0,high,high,high,False,False,False,False,False,neutral,high,15,high customer vocal intensity,low,CUST_HIGH_VOCAL_INTENSITY,en_AU_Entertainment_1592670:turn:62,1.0,1.0.0,conversation_risk_v1,heuristic_proxy,False,faster-whisper/small,cardiffnlp/twitter-roberta-base-sentiment-latest
en_AU_Entertainment_1592670,63,customer,channel2,35,296.0,300.0,like is it possible to exchange them for another performance instead?,neutral,0.8997,False,False,False,False,False,4.0,0.040502,0.436066,-27.85,0.138315,1760.638,199.811,77.797,2.75,low,medium,medium,False,False,False,False,False,neutral,low,0,no strong signal,low,NO_STRONG_SIGNAL,en_AU_Entertainment_1592670:turn:63,1.0,1.0.0,conversation_risk_v1,heuristic_proxy,False,faster-whisper/small,cardiffnlp/twitter-roberta-base-sentiment-latest
en_AU_Entertainment_1592670,64,agent,channel1,29,299.4,304.4,"Yeah, look, that's a great question. And yes, we can definitely look at that option for you.",positive,0.9681,False,False,False,False,False,5.0,0.116944,0.980957,-18.64,0.125843,1315.977,214.557,92.845,3.4,high,high,medium,False,False,False,False,False,positive,high,0,no strong signal,low,NO_STRONG_SIGNAL,en_AU_Entertainment_1592670:turn:64,1.0,1.0.0,conversation_risk_v1,heuristic_proxy,False,faster-whisper/small,cardiffnlp/twitter-roberta-base-sentiment-latest
en_AU_Entertainment_1592670,65,agent,channel1,30,304.4,307.4,The exchange policy is actually a bit more flexible.,positive,0.6324,False,False,False,False,False,3.0,0.09456,0.983856,-20.486,0.172109,1819.631,201.104,70.855,3.0,high,high,medium,False,False,False,False,False,positive,high,0,no strong signal,low,NO_STRONG_SIGNAL,en_AU_Entertainment_1592670:turn:65,1.0,1.0.0,conversation_risk_v1,heuristic_proxy,False,faster-whisper/small,cardiffnlp/twitter-roberta-base-sentiment-latest
en_AU_Entertainment_1592670,66,agent,channel1,31,307.4,319.4,"We allow ticket exchanges up to 48 hours before the performance, and there's no fee as long as you're exchanging for the same show.",neutral,0.6891,False,False,False,False,False,12.0,0.086579,0.796143,-21.252,0.159823,1556.389,185.766,82.223,2.0,high,low,low,False,False,False,False,False,neutral,medium,0,no strong signal,low,NO_STRONG_SIGNAL,en_AU_Entertainment_1592670:turn:66,1.0,1.0.0,conversation_risk_v1,heuristic_proxy,False,faster-whisper/small,cardiffnlp/twitter-roberta-base-sentiment-latest
en_AU_Entertainment_1592670,67,customer,channel2,36,316.0,325.0,"Oh, that sounds much better.",positive,0.9498,False,False,False,False,False,9.0,0.030609,0.687653,-30.283,0.081585,2036.027,273.567,145.441,0.556,low,low,high,False,False,False,False,False,positive,medium,5,medium customer vocal intensity,low,CUST_MEDIUM_VOCAL_INTENSITY,en_AU_Entertainment_1592670:turn:67,1.0,1.0.0,conversation_risk_v1,heuristic_proxy,False,faster-whisper/small,cardiffnlp/twitter-roberta-base-sentiment-latest
en_AU_Entertainment_1592670,68,agent,channel1,32,319.4,330.4,"So you don't even have to make a decision right now, given it's still Tuesday.",neutral,0.8014,False,False,False,False,False,11.0,0.043265,0.737427,-27.277,0.070545,1046.81,253.8,135.996,1.364,low,low,high,False,False,False,False,False,neutral,medium,0,no strong signal,low,NO_STRONG_SIGNAL,en_AU_Entertainment_1592670:turn:68,1.0,1.0.0,conversation_risk_v1,heuristic_proxy,False,faster-whisper/small,cardiffnlp/twitter-roberta-base-sentiment-latest
en_AU_Entertainment_1592670,69,customer,channel2,37,325.0,329.0,So you're saying I could pick a different date for the picture of Dorian Gray.,neutral,0.8581,False,False,False,False,False,4.0,0.053669,0.477692,-25.406,0.1398,1606.208,196.298,62.822,3.75,medium,high,low,False,False,False,False,False,neutral,medium,5,medium customer vocal intensity,low,CUST_MEDIUM_VOCAL_INTENSITY,en_AU_Entertainment_1592670:turn:69,1.0,1.0.0,conversation_risk_v1,heuristic_proxy,False,faster-whisper/small,cardiffnlp/twitter-roberta-base-sentiment-latest
en_AU_Entertainment_1592670,70,agent,channel1,33,330.4,335.4,"Exactly. Look, let me just check what availability we have.",neutral,0.7497,False,False,False,False,False,5.0,0.090419,0.983246,-20.875,0.112557,1451.509,195.976,96.12,2.0,high,low,low,False,False,False,False,False,neutral,medium,0,no strong signal,low,NO_STRONG_SIGNAL,en_AU_Entertainment_1592670:turn:70,1.0,1.0.0,conversation_risk_v1,heuristic_proxy,False,faster-whisper/small,cardiffnlp/twitter-roberta-base-sentiment-latest
en_AU_Entertainment_1592670,71,agent,channel1,34,335.4,339.4,Right. So the show runs until the 5th of January.,neutral,0.8575,False,False,False,False,False,4.0,0.113381,0.965973,-18.909,0.145465,1600.992,195.157,74.834,2.5,high,medium,low,False,False,False,False,False,neutral,medium,0,no strong signal,low,NO_STRONG_SIGNAL,en_AU_Entertainment_1592670:turn:71,1.0,1.0.0,conversation_risk_v1,heuristic_proxy,False,faster-whisper/small,cardiffnlp/twitter-roberta-base-sentiment-latest
en_AU_Entertainment_1592670,72,agent,channel1,35,339.4,359.4,We've got performances Wednesday through Saturday evenings and the matinees and Saturdays and Sundays at 2pm.,neutral,0.6993,False,False,False,False,False,20.0,0.044589,0.655853,-27.016,0.063775,1146.391,272.92,132.084,0.8,low,low,high,False,False,False,False,False,neutral,medium,0,no strong signal,low,NO_STRONG_SIGNAL,en_AU_Entertainment_1592670:turn:72,1.0,1.0.0,conversation_risk_v1,heuristic_proxy,False,faster-whisper/small,cardiffnlp/twitter-roberta-base-sentiment-latest
en_AU_Entertainment_1592670,73,customer,channel2,38,347.0,349.0,"That could work really well, actually.",positive,0.9619,False,False,False,False,False,2.0,0.063909,0.519196,-23.889,0.110003,1372.771,236.466,88.551,3.0,medium,high,medium,False,False,False,False,False,positive,medium,5,medium customer vocal intensity,low,CUST_MEDIUM_VOCAL_INTENSITY,en_AU_Entertainment_1592670:turn:73,1.0,1.0.0,conversation_risk_v1,heuristic_proxy,False,faster-whisper/small,cardiffnlp/twitter-roberta-base-sentiment-latest
en_AU_Entertainment_1592670,74,customer,channel2,39,349.0,352.0,My sister might be able to come up after Christmas.,neutral,0.7457,False,False,False,False,False,3.0,0.030175,0.321625,-30.407,0.143435,1737.531,222.728,72.108,3.333,low,high,medium,False,False,False,False,False,neutral,medium,5,medium customer vocal intensity,low,CUST_MEDIUM_VOCAL_INTENSITY,en_AU_Entertainment_1592670:turn:74,1.0,1.0.0,conversation_risk_v1,heuristic_proxy,False,faster-whisper/small,cardiffnlp/twitter-roberta-base-sentiment-latest
en_AU_Entertainment_1592670,75,customer,channel2,40,352.0,354.0,"Hmm, okay.",neutral,0.6381,False,False,False,False,False,2.0,0.037183,0.332336,-28.593,0.209271,2346.186,223.026,102.082,1.0,low,low,medium,False,False,False,False,False,neutral,low,0,no strong signal,low,NO_STRONG_SIGNAL,en_AU_Entertainment_1592670:turn:75,1.0,1.0.0,conversation_risk_v1,heuristic_proxy,False,faster-whisper/small,cardiffnlp/twitter-roberta-base-sentiment-latest
en_AU_Entertainment_1592670,76,customer,channel2,41,354.0,358.0,"So what's the availability like, say for late December,",neutral,0.9455,False,False,False,False,False,4.0,0.069458,0.507782,-23.166,0.142849,1840.71,231.867,82.633,2.25,medium,medium,medium,False,False,False,False,False,neutral,medium,5,medium customer vocal intensity,low,CUST_MEDIUM_VOCAL_INTENSITY,en_AU_Entertainment_1592670:turn:76,1.0,1.0.0,conversation_risk_v1,heuristic_proxy,False,faster-whisper/small,cardiffnlp/twitter-roberta-base-sentiment-latest
en_AU_Entertainment_1592670,77,customer,channel2,42,358.0,364.0,maybe around the 28th or 29th?,neutral,0.9278,False,False,False,False,False,6.0,0.028114,0.314819,-31.021,0.095469,1868.883,232.939,124.266,1.0,low,low,medium,False,False,False,False,False,neutral,low,0,no strong signal,low,NO_STRONG_SIGNAL,en_AU_Entertainment_1592670:turn:77,1.0,1.0.0,conversation_risk_v1,heuristic_proxy,False,faster-whisper/small,cardiffnlp/twitter-roberta-base-sentiment-latest
en_AU_Entertainment_1592670,78,agent,channel1,36,360.4,363.4,"Yep, let me have a look for you.",neutral,0.7256,False,False,False,False,False,3.0,0.090796,0.914215,-20.839,0.061373,1105.574,261.34,104.175,2.667,high,medium,high,False,False,False,False,False,neutral,high,0,no strong signal,low,NO_STRONG_SIGNAL,en_AU_Entertainment_1592670:turn:78,1.0,1.0.0,conversation_risk_v1,heuristic_proxy,False,faster-whisper/small,cardiffnlp/twitter-roberta-base-sentiment-latest
en_AU_Entertainment_1592670,79,agent,channel1,37,363.4,371.4,"Okay, so Saturday the 28th of December, we have a matinee at 2pm and an evening show at 7.30pm.",neutral,0.8325,False,False,False,False,False,8.0,0.068405,0.655212,-23.298,0.115009,1424.95,218.352,97.185,2.375,medium,medium,medium,False,False,False,False,False,neutral,medium,0,no strong signal,low,NO_STRONG_SIGNAL,en_AU_Entertainment_1592670:turn:79,1.0,1.0.0,conversation_risk_v1,heuristic_proxy,False,faster-whisper/small,cardiffnlp/twitter-roberta-base-sentiment-latest
en_AU_Entertainment_1592670,80,agent,channel1,38,371.4,377.4,"Both still have availability in the premium reserve section, so the current ticket section that you did book for.",neutral,0.839,False,False,False,False,False,6.0,0.076733,0.632812,-22.3,0.151866,1585.218,193.419,72.39,3.167,medium,high,low,False,False,False,False,False,neutral,medium,0,no strong signal,low,NO_STRONG_SIGNAL,en_AU_Entertainment_1592670:turn:80,1.0,1.0.0,conversation_risk_v1,heuristic_proxy,False,faster-whisper/small,cardiffnlp/twitter-roberta-base-sentiment-latest
en_AU_Entertainment_1592670,81,customer,channel2,43,376.0,389.0,"Perfect, okay.",positive,0.9334,False,False,False,False,False,13.0,0.020772,0.482056,-33.65,0.061161,1817.938,287.783,139.6,0.154,low,low,high,False,False,False,False,False,positive,medium,5,medium customer vocal intensity,low,CUST_MEDIUM_VOCAL_INTENSITY,en_AU_Entertainment_1592670:turn:81,1.0,1.0.0,conversation_risk_v1,heuristic_proxy,False,faster-whisper/small,cardiffnlp/twitter-roberta-base-sentiment-latest
en_AU_Entertainment_1592670,82,agent,channel1,39,377.4,384.4,"Sunday the 29th is only an evening performance at 6.30pm, and we've got availability.",neutral,0.7753,False,False,False,False,False,7.0,0.091164,0.729553,-20.804,0.125517,1442.243,203.07,70.869,2.0,high,low,medium,False,False,False,False,False,neutral,medium,0,no strong signal,low,NO_STRONG_SIGNAL,en_AU_Entertainment_1592670:turn:82,1.0,1.0.0,conversation_risk_v1,heuristic_proxy,False,faster-whisper/small,cardiffnlp/twitter-roberta-base-sentiment-latest
en_AU_Entertainment_1592670,83,agent,channel1,40,384.4,387.4,"Yeah, we've got good availability for that one too.",positive,0.891,False,False,False,False,False,3.0,0.063194,0.526917,-23.986,0.086556,1092.891,169.446,90.608,3.0,medium,high,low,False,False,False,False,False,positive,medium,0,no strong signal,low,NO_STRONG_SIGNAL,en_AU_Entertainment_1592670:turn:83,1.0,1.0.0,conversation_risk_v1,heuristic_proxy,False,faster-whisper/small,cardiffnlp/twitter-roberta-base-sentiment-latest
en_AU_Entertainment_1592670,84,customer,channel2,44,389.0,390.0,That sounds really good.,positive,0.977,False,False,False,False,False,1.0,0.085985,0.687408,-21.312,0.120209,1679.809,239.562,47.932,4.0,high,high,high,False,False,False,False,False,positive,high,15,high customer vocal intensity,low,CUST_HIGH_VOCAL_INTENSITY,en_AU_Entertainment_1592670:turn:84,1.0,1.0.0,conversation_risk_v1,heuristic_proxy,False,faster-whisper/small,cardiffnlp/twitter-roberta-base-sentiment-latest
en_AU_Entertainment_1592670,85,customer,channel2,45,390.0,399.0,"So the Saturday evening, I think he said on the 28th would probably be ideal.",positive,0.5888,False,False,False,False,False,9.0,0.059371,0.702881,-24.528,0.10243,1611.837,206.649,74.009,1.667,medium,low,medium,False,False,False,False,False,positive,medium,5,medium customer vocal intensity,low,CUST_MEDIUM_VOCAL_INTENSITY,en_AU_Entertainment_1592670:turn:85,1.0,1.0.0,conversation_risk_v1,heuristic_proxy,False,faster-whisper/small,cardiffnlp/twitter-roberta-base-sentiment-latest
en_AU_Entertainment_1592670,86,customer,channel2,46,399.0,405.0,"Hang on, let me just check my diary.",neutral,0.8769,False,False,False,False,False,6.0,0.057197,0.694153,-24.852,0.17689,2080.004,176.304,96.701,1.333,medium,low,low,False,False,False,False,False,neutral,medium,5,medium customer vocal intensity,low,CUST_MEDIUM_VOCAL_INTENSITY,en_AU_Entertainment_1592670:turn:86,1.0,1.0.0,conversation_risk_v1,heuristic_proxy,False,faster-whisper/small,cardiffnlp/twitter-roberta-base-sentiment-latest
en_AU_Entertainment_1592670,87,customer,channel2,47,405.0,406.0,"Hang on a sec, Daniel.",neutral,0.8549,False,False,False,False,False,1.0,0.096713,0.650421,-20.29,0.139694,1883.128,200.65,28.399,5.0,high,high,medium,False,False,False,False,False,neutral,high,15,high customer vocal intensity,low,CUST_HIGH_VOCAL_INTENSITY,en_AU_Entertainment_1592670:turn:87,1.0,1.0.0,conversation_risk_v1,heuristic_proxy,False,faster-whisper/small,cardiffnlp/twitter-roberta-base-sentiment-latest
en_AU_Entertainment_1592670,88,customer,channel2,48,406.0,408.0,"I'm just bringing out my diary, okay.",neutral,0.7764,False,False,False,False,False,2.0,0.076802,0.53476,-22.293,0.116831,1602.784,215.4,73.894,3.5,high,high,medium,False,False,False,False,False,neutral,high,15,high customer vocal intensity,low,CUST_HIGH_VOCAL_INTENSITY,en_AU_Entertainment_1592670:turn:88,1.0,1.0.0,conversation_risk_v1,heuristic_proxy,False,faster-whisper/small,cardiffnlp/twitter-roberta-base-sentiment-latest
en_AU_Entertainment_1592670,89,agent,channel1,41,407.4,419.4,"Yep, that sounds absolutely lovely.",positive,0.9834,False,False,False,False,False,12.0,0.064022,0.984894,-23.873,0.037255,889.553,288.953,135.535,0.417,medium,low,high,False,False,False,False,False,positive,medium,0,no strong signal,low,NO_STRONG_SIGNAL,en_AU_Entertainment_1592670:turn:89,1.0,1.0.0,conversation_risk_v1,heuristic_proxy,False,faster-whisper/small,cardiffnlp/twitter-roberta-base-sentiment-latest
en_AU_Entertainment_1592670,90,customer,channel2,49,408.0,410.0,So we could actually make a whole day of it.,neutral,0.5151,False,False,False,False,False,2.0,0.093234,0.536346,-20.608,0.112785,1321.583,256.395,73.928,5.0,high,high,high,False,False,False,False,False,neutral,high,15,high customer vocal intensity,low,CUST_HIGH_VOCAL_INTENSITY,en_AU_Entertainment_1592670:turn:90,1.0,1.0.0,conversation_risk_v1,heuristic_proxy,False,faster-whisper/small,cardiffnlp/twitter-roberta-base-sentiment-latest
en_AU_Entertainment_1592670,91,customer,channel2,50,410.0,413.0,"Maybe grab lunch at the rocks beforehand, I'm thinking.",neutral,0.852,False,False,False,False,False,3.0,0.037991,0.339508,-28.406,0.122408,1325.97,164.127,54.233,3.0,low,high,low,False,False,False,False,False,neutral,medium,5,medium customer vocal intensity,low,CUST_MEDIUM_VOCAL_INTENSITY,en_AU_Entertainment_1592670:turn:91,1.0,1.0.0,conversation_risk_v1,heuristic_proxy,False,faster-whisper/small,cardiffnlp/twitter-roberta-base-sentiment-latest
en_AU_Entertainment_1592670,92,customer,channel2,51,413.0,430.0,That could actually work really well.,positive,0.9394,False,False,False,False,False,17.0,0.020542,0.48291,-33.747,0.070857,1857.406,279.017,141.749,0.353,low,low,high,False,False,False,False,False,positive,medium,5,medium customer vocal intensity,low,CUST_MEDIUM_VOCAL_INTENSITY,en_AU_Entertainment_1592670:turn:92,1.0,1.0.0,conversation_risk_v1,heuristic_proxy,False,faster-whisper/small,cardiffnlp/twitter-roberta-base-sentiment-latest
en_AU_Entertainment_1592670,93,agent,channel1,42,419.4,422.4,"Like, as you know, the rocks is beautiful around this time of year.",positive,0.9737,False,False,False,False,False,3.0,0.088027,0.653839,-21.108,0.09937,1145.089,166.349,39.033,4.333,high,high,low,False,False,False,False,False,positive,high,0,no strong signal,low,NO_STRONG_SIGNAL,en_AU_Entertainment_1592670:turn:93,1.0,1.0.0,conversation_risk_v1,heuristic_proxy,False,faster-whisper/small,cardiffnlp/twitter-roberta-base-sentiment-latest
en_AU_Entertainment_1592670,94,agent,channel1,43,422.4,425.4,All the Christmas decorations are still up.,neutral,0.5887,False,False,False,False,False,3.0,0.081577,0.493622,-21.769,0.149004,1591.688,170.083,65.416,2.333,high,medium,low,False,False,False,False,False,neutral,medium,0,no strong signal,low,NO_STRONG_SIGNAL,en_AU_Entertainment_1592670:turn:94,1.0,1.0.0,conversation_risk_v1,heuristic_proxy,False,faster-whisper/small,cardiffnlp/twitter-roberta-base-sentiment-latest
en_AU_Entertainment_1592670,95,agent,channel1,44,425.4,429.4,"Everyone's still in quite a jolly mood, albeit a three kilos heavier.",positive,0.87,False,False,False,False,False,4.0,0.085938,0.763855,-21.316,0.11096,1209.247,173.714,60.771,3.0,high,high,low,False,False,False,False,False,positive,high,0,no strong signal,low,NO_STRONG_SIGNAL,en_AU_Entertainment_1592670:turn:95,1.0,1.0.0,conversation_risk_v1,heuristic_proxy,False,faster-whisper/small,cardiffnlp/twitter-roberta-base-sentiment-latest
en_AU_Entertainment_1592670,96,agent,channel1,45,429.4,435.4,"But before we process the exchange, I just need to let you know a couple of things.",neutral,0.8871,False,False,False,False,False,6.0,0.110427,0.988678,-19.138,0.173836,1793.288,214.021,77.68,2.833,high,medium,medium,False,False,False,False,False,neutral,medium,0,no strong signal,low,NO_STRONG_SIGNAL,en_AU_Entertainment_1592670:turn:96,1.0,1.0.0,conversation_risk_v1,heuristic_proxy,False,faster-whisper/small,cardiffnlp/twitter-roberta-base-sentiment-latest
en_AU_Entertainment_1592670,97,customer,channel2,52,430.0,450.0,"Okay, any fit cheaper?",neutral,0.8677,False,False,False,False,False,20.0,0.032277,0.530029,-29.822,0.080405,1995.976,264.794,136.448,0.2,low,low,high,False,False,False,False,False,neutral,medium,5,medium customer vocal intensity,low,CUST_MEDIUM_VOCAL_INTENSITY,en_AU_Entertainment_1592670:turn:97,1.0,1.0.0,conversation_risk_v1,heuristic_proxy,False,faster-whisper/small,cardiffnlp/twitter-roberta-base-sentiment-latest
en_AU_Entertainment_1592670,98,agent,channel1,46,435.4,441.4,"If the tickets for the new date are the same price as what you paid, it's a straight exchange, so very simple.",neutral,0.7753,False,False,False,False,False,6.0,0.085148,0.571075,-21.397,0.17193,1748.189,199.854,80.673,3.667,high,high,medium,False,False,False,False,False,neutral,high,0,no strong signal,low,NO_STRONG_SIGNAL,en_AU_Entertainment_1592670:turn:98,1.0,1.0.0,conversation_risk_v1,heuristic_proxy,False,faster-whisper/small,cardiffnlp/twitter-roberta-base-sentiment-latest
en_AU_Entertainment_1592670,99,agent,channel1,47,441.4,449.4,"However, if they are more expensive, you would need to pay the difference.",neutral,0.6221,False,False,True,False,False,8.0,0.071894,0.908539,-22.866,0.10138,1505.242,240.135,126.418,1.625,medium,low,high,False,False,True,False,False,neutral,medium,0,agent probing question detected,low,AGENT_PROBING,en_AU_Entertainment_1592670:turn:99,1.0,1.0.0,conversation_risk_v1,heuristic_proxy,False,faster-whisper/small,cardiffnlp/twitter-roberta-base-sentiment-latest
en_AU_Entertainment_1592670,100,agent,channel1,48,449.4,453.4,Good question. Let me just have a quick check.,positive,0.5737,False,False,False,False,False,4.0,0.046509,0.357422,-26.649,0.159862,1666.394,202.662,105.698,2.25,low,medium,medium,False,False,False,False,False,positive,low,0,no strong signal,low,NO_STRONG_SIGNAL,en_AU_Entertainment_1592670:turn:100,1.0,1.0.0,conversation_risk_v1,heuristic_proxy,False,faster-whisper/small,cardiffnlp/twitter-roberta-base-sentiment-latest
en_AU_Entertainment_1592670,101,customer,channel2,53,450.0,470.0,"Oh, brilliant.",positive,0.9605,False,False,False,False,False,20.0,0.017198,0.435638,-35.291,0.066639,1958.96,278.21,148.7,0.1,low,low,high,False,False,False,False,False,positive,medium,5,medium customer vocal intensity,low,CUST_MEDIUM_VOCAL_INTENSITY,en_AU_Entertainment_1592670:turn:101,1.0,1.0.0,conversation_risk_v1,heuristic_proxy,False,faster-whisper/small,cardiffnlp/twitter-roberta-base-sentiment-latest
en_AU_Entertainment_1592670,102,agent,channel1,49,453.4,458.4,"Yep, so if they're cheaper, we would actually credit the difference to your original payment method.",neutral,0.6757,False,False,False,False,False,5.0,0.089886,0.853058,-20.926,0.135596,1502.458,194.945,83.027,3.2,high,high,low,False,False,False,False,False,neutral,high,0,no strong signal,low,NO_STRONG_SIGNAL,en_AU_Entertainment_1592670:turn:102,1.0,1.0.0,conversation_risk_v1,heuristic_proxy,False,faster-whisper/small,cardiffnlp/twitter-roberta-base-sentiment-latest
en_AU_Entertainment_1592670,103,agent,channel1,50,458.4,463.4,So let me just check the pricing for the 28th.,neutral,0.9102,False,False,False,False,False,5.0,0.07213,0.747437,-22.838,0.146842,1696.748,216.946,110.377,2.0,medium,low,medium,False,False,False,False,False,neutral,medium,0,no strong signal,low,NO_STRONG_SIGNAL,en_AU_Entertainment_1592670:turn:103,1.0,1.0.0,conversation_risk_v1,heuristic_proxy,False,faster-whisper/small,cardiffnlp/twitter-roberta-base-sentiment-latest
en_AU_Entertainment_1592670,104,agent,channel1,51,463.4,482.4,"Oh, Maria, this is great news. Actually, you're in luck. The ticket prices are exactly the same, $89 a ticket.",positive,0.9765,False,False,False,False,False,19.0,0.054049,0.841614,-25.344,0.052827,1306.673,293.126,126.845,1.053,medium,low,high,False,False,False,False,False,positive,medium,0,no strong signal,low,NO_STRONG_SIGNAL,en_AU_Entertainment_1592670:turn:104,1.0,1.0.0,conversation_risk_v1,heuristic_proxy,False,faster-whisper/small,cardiffnlp/twitter-roberta-base-sentiment-latest
en_AU_Entertainment_1592670,105,customer,channel2,54,470.0,472.0,"Okay, that makes it easy then, doesn't it?",positive,0.6366,False,False,False,False,False,2.0,0.070049,0.417877,-23.092,0.092634,1514.597,232.956,92.841,4.0,medium,high,medium,False,False,False,False,False,positive,medium,5,medium customer vocal intensity,low,CUST_MEDIUM_VOCAL_INTENSITY,en_AU_Entertainment_1592670:turn:105,1.0,1.0.0,conversation_risk_v1,heuristic_proxy,False,faster-whisper/small,cardiffnlp/twitter-roberta-base-sentiment-latest
en_AU_Entertainment_1592670,106,customer,channel2,55,472.0,475.0,"I mean, just out of curiosity though,",neutral,0.7856,False,False,False,False,False,3.0,0.055423,0.735382,-25.126,0.126377,1743.155,210.596,81.928,2.333,medium,medium,medium,False,False,False,False,False,neutral,medium,5,medium customer vocal intensity,low,CUST_MEDIUM_VOCAL_INTENSITY,en_AU_Entertainment_1592670:turn:106,1.0,1.0.0,conversation_risk_v1,heuristic_proxy,False,faster-whisper/small,cardiffnlp/twitter-roberta-base-sentiment-latest
en_AU_Entertainment_1592670,107,customer,channel2,56,475.0,478.0,what are the refund policy timelines?,neutral,0.9464,False,False,False,False,False,3.0,0.060318,0.464447,-24.391,0.099594,1310.348,217.317,56.182,2.0,medium,low,medium,False,False,False,False,False,neutral,medium,5,medium customer vocal intensity,low,CUST_MEDIUM_VOCAL_INTENSITY,en_AU_Entertainment_1592670:turn:107,1.0,1.0.0,conversation_risk_v1,heuristic_proxy,False,faster-whisper/small,cardiffnlp/twitter-roberta-base-sentiment-latest
en_AU_Entertainment_1592670,108,customer,channel2,57,478.0,482.0,"Like, say if I wanted to get my money back instead, how long would it take?",neutral,0.7673,False,False,False,False,False,4.0,0.058084,0.525726,-24.719,0.13911,1753.214,185.947,73.105,4.0,medium,high,low,False,False,False,False,False,neutral,medium,5,medium customer vocal intensity,low,CUST_MEDIUM_VOCAL_INTENSITY,en_AU_Entertainment_1592670:turn:108,1.0,1.0.0,conversation_risk_v1,heuristic_proxy,False,faster-whisper/small,cardiffnlp/twitter-roberta-base-sentiment-latest
en_AU_Entertainment_1592670,109,agent,channel1,52,482.4,485.4,"Sure, so let me explain how that works.",neutral,0.7748,False,False,False,False,False,3.0,0.064339,0.538452,-23.83,0.191043,1954.722,188.601,87.911,2.667,medium,medium,low,False,False,False,False,False,neutral,medium,0,no strong signal,low,NO_STRONG_SIGNAL,en_AU_Entertainment_1592670:turn:109,1.0,1.0.0,conversation_risk_v1,heuristic_proxy,False,faster-whisper/small,cardiffnlp/twitter-roberta-base-sentiment-latest
en_AU_Entertainment_1592670,110,agent,channel1,53,485.4,492.4,"Look, if you did decide to proceed with a refund, what would happen is we'd process it within five to seven days.",neutral,0.8083,False,False,False,False,False,7.0,0.081721,0.947174,-21.753,0.139178,1432.714,193.264,77.985,3.143,high,high,low,False,False,False,False,False,neutral,high,0,no strong signal,low,NO_STRONG_SIGNAL,en_AU_Entertainment_1592670:turn:110,1.0,1.0.0,conversation_risk_v1,heuristic_proxy,False,faster-whisper/small,cardiffnlp/twitter-roberta-base-sentiment-latest
en_AU_Entertainment_1592670,111,agent,channel1,54,492.4,499.4,"However, depending on your bank, it can take an additional three to five business days for the funds to appear on the account.",neutral,0.8922,False,False,True,False,False,7.0,0.088935,0.896362,-21.019,0.142538,1462.131,167.987,68.412,3.286,high,high,low,False,False,True,False,False,neutral,high,0,agent probing question detected,low,AGENT_PROBING,en_AU_Entertainment_1592670:turn:111,1.0,1.0.0,conversation_risk_v1,heuristic_proxy,False,faster-whisper/small,cardiffnlp/twitter-roberta-base-sentiment-latest
en_AU_Entertainment_1592670,112,agent,channel1,55,499.4,506.4,"So you'd be looking at roughly two to three, two weeks in total, possibly a bit longer with the Christmas period.",neutral,0.8988,False,False,False,False,False,7.0,0.109004,0.999969,-19.251,0.146953,1516.194,186.687,67.744,3.0,high,high,low,False,False,False,False,False,neutral,high,0,no strong signal,low,NO_STRONG_SIGNAL,en_AU_Entertainment_1592670:turn:112,1.0,1.0.0,conversation_risk_v1,heuristic_proxy,False,faster-whisper/small,cardiffnlp/twitter-roberta-base-sentiment-latest
en_AU_Entertainment_1592670,113,agent,channel1,56,506.4,513.4,"All of the public holidays, all of those bank holiday dates coming up.",neutral,0.8391,False,False,False,False,False,7.0,0.052328,0.465942,-25.625,0.103719,1351.198,151.001,93.328,1.857,medium,low,low,False,False,False,False,False,neutral,medium,0,no strong signal,low,NO_STRONG_SIGNAL,en_AU_Entertainment_1592670:turn:113,1.0,1.0.0,conversation_risk_v1,heuristic_proxy,False,faster-whisper/small,cardiffnlp/twitter-roberta-base-sentiment-latest
en_AU_Entertainment_1592670,114,customer,channel2,58,509.0,514.0,"Yeah, it's kind of that time of year, isn't it?",neutral,0.6194,False,False,False,False,False,5.0,0.039742,0.506439,-28.015,0.052591,1755.903,286.162,133.815,2.0,low,low,high,False,False,False,False,False,neutral,medium,5,medium customer vocal intensity,low,CUST_MEDIUM_VOCAL_INTENSITY,en_AU_Entertainment_1592670:turn:114,1.0,1.0.0,conversation_risk_v1,heuristic_proxy,False,faster-whisper/small,cardiffnlp/twitter-roberta-base-sentiment-latest
en_AU_Entertainment_1592670,115,customer,channel2,59,514.0,515.0,"Hmm, okay.",neutral,0.6381,False,False,False,False,False,1.0,0.056324,0.431671,-24.986,0.190948,2018.032,195.498,77.649,2.0,medium,low,low,False,False,False,False,False,neutral,medium,5,medium customer vocal intensity,low,CUST_MEDIUM_VOCAL_INTENSITY,en_AU_Entertainment_1592670:turn:115,1.0,1.0.0,conversation_risk_v1,heuristic_proxy,False,faster-whisper/small,cardiffnlp/twitter-roberta-base-sentiment-latest
en_AU_Entertainment_1592670,116,customer,channel2,60,515.0,517.0,"Look, that's really good to know.",positive,0.9802,False,False,False,False,False,2.0,0.02982,0.232422,-30.51,0.117598,1782.829,173.009,76.17,3.0,low,high,low,False,False,False,False,False,positive,medium,5,medium customer vocal intensity,low,CUST_MEDIUM_VOCAL_INTENSITY,en_AU_Entertainment_1592670:turn:116,1.0,1.0.0,conversation_risk_v1,heuristic_proxy,False,faster-whisper/small,cardiffnlp/twitter-roberta-base-sentiment-latest
en_AU_Entertainment_1592670,117,customer,channel2,61,517.0,521.0,And is there a deadline for when I'd have to request the refund by?,neutral,0.9077,False,False,False,False,False,4.0,0.077391,0.492615,-22.226,0.095959,1572.453,251.828,66.306,3.5,high,high,high,False,False,False,False,False,neutral,high,15,high customer vocal intensity,low,CUST_HIGH_VOCAL_INTENSITY,en_AU_Entertainment_1592670:turn:117,1.0,1.0.0,conversation_risk_v1,heuristic_proxy,False,faster-whisper/small,cardiffnlp/twitter-roberta-base-sentiment-latest
en_AU_Entertainment_1592670,118,agent,channel1,57,523.4,532.4,"Yep, so as mentioned earlier on the call, for a standard ticket like yours, refund requests need to be made at least 48 hours before the performance.",neutral,0.8191,False,False,False,False,False,9.0,0.092025,0.972229,-20.722,0.124117,1351.804,200.996,84.945,3.0,high,high,medium,False,False,False,False,False,neutral,high,0,no strong signal,low,NO_STRONG_SIGNAL,en_AU_Entertainment_1592670:turn:118,1.0,1.0.0,conversation_risk_v1,heuristic_proxy,False,faster-whisper/small,cardiffnlp/twitter-roberta-base-sentiment-latest
en_AU_Entertainment_1592670,119,agent,channel1,58,532.4,540.4,So your original booking date was Saturday night show. The cutoff would be Thursday the 12th at 7.30pm.,neutral,0.9481,False,False,False,False,False,8.0,0.122859,0.896027,-18.212,0.182975,1748.901,184.069,73.768,2.25,high,medium,low,False,False,False,False,False,neutral,medium,0,no strong signal,low,NO_STRONG_SIGNAL,en_AU_Entertainment_1592670:turn:119,1.0,1.0.0,conversation_risk_v1,heuristic_proxy,False,faster-whisper/small,cardiffnlp/twitter-roberta-base-sentiment-latest
en_AU_Entertainment_1592670,120,customer,channel2,62,538.0,547.0,"Okay, got it.",neutral,0.6025,False,False,False,False,False,9.0,0.02117,0.481903,-33.485,0.040825,1578.522,311.409,130.235,0.333,low,low,high,False,False,False,False,False,neutral,medium,5,medium customer vocal intensity,low,CUST_MEDIUM_VOCAL_INTENSITY,en_AU_Entertainment_1592670:turn:120,1.0,1.0.0,conversation_risk_v1,heuristic_proxy,False,faster-whisper/small,cardiffnlp/twitter-roberta-base-sentiment-latest
en_AU_Entertainment_1592670,121,agent,channel1,59,540.4,546.4,"Now, after that point, Maria, we can't process refunds even with the admin fee.",negative,0.7028,False,False,False,False,False,6.0,0.073436,0.68277,-22.682,0.112951,1308.43,184.389,86.366,2.333,medium,medium,low,False,False,False,False,False,negative,medium,8,negative agent sentiment,low,AGENT_NEGATIVE_SENTIMENT,en_AU_Entertainment_1592670:turn:121,1.0,1.0.0,conversation_risk_v1,heuristic_proxy,False,faster-whisper/small,cardiffnlp/twitter-roberta-base-sentiment-latest
en_AU_Entertainment_1592670,122,customer,channel2,63,547.0,549.0,"So, yep.",neutral,0.7337,False,False,False,False,False,2.0,0.053416,0.359253,-25.447,0.13375,1725.557,175.253,74.746,1.0,medium,low,low,False,False,False,False,False,neutral,medium,5,medium customer vocal intensity,low,CUST_MEDIUM_VOCAL_INTENSITY,en_AU_Entertainment_1592670:turn:122,1.0,1.0.0,conversation_risk_v1,heuristic_proxy,False,faster-whisper/small,cardiffnlp/twitter-roberta-base-sentiment-latest
en_AU_Entertainment_1592670,123,customer,channel2,64,549.0,551.0,I guess that'll make sense.,neutral,0.4876,False,False,False,False,False,2.0,0.061392,0.466858,-24.238,0.170736,2002.856,253.499,82.888,2.5,medium,medium,high,False,False,False,False,False,neutral,medium,5,medium customer vocal intensity,low,CUST_MEDIUM_VOCAL_INTENSITY,en_AU_Entertainment_1592670:turn:123,1.0,1.0.0,conversation_risk_v1,heuristic_proxy,False,faster-whisper/small,cardiffnlp/twitter-roberta-base-sentiment-latest
en_AU_Entertainment_1592670,124,customer,channel2,65,551.0,555.0,And same timeline for exchanges.,neutral,0.8992,False,False,False,False,False,4.0,0.056742,0.47702,-24.922,0.16123,2138.841,210.098,83.77,1.25,medium,low,medium,False,False,False,False,False,neutral,medium,5,medium customer vocal intensity,low,CUST_MEDIUM_VOCAL_INTENSITY,en_AU_Entertainment_1592670:turn:124,1.0,1.0.0,conversation_risk_v1,heuristic_proxy,False,faster-whisper/small,cardiffnlp/twitter-roberta-base-sentiment-latest
en_AU_Entertainment_1592670,125,agent,channel1,60,553.4,559.4,Correct. So exchanges also need to be done at least 48 hours in advance.,neutral,0.8903,False,False,False,False,False,6.0,0.08182,0.677704,-21.743,0.098472,1354.278,223.371,112.699,2.333,high,medium,medium,False,False,False,False,False,neutral,medium,0,no strong signal,low,NO_STRONG_SIGNAL,en_AU_Entertainment_1592670:turn:125,1.0,1.0.0,conversation_risk_v1,heuristic_proxy,False,faster-whisper/small,cardiffnlp/twitter-roberta-base-sentiment-latest
en_AU_Entertainment_1592670,126,customer,channel2,66,555.0,575.0,"So that's pretty reasonable, I guess.",positive,0.7252,False,False,False,False,False,20.0,0.025269,0.377014,-31.948,0.050561,1741.228,298.486,133.672,0.3,low,low,high,False,False,False,False,False,positive,medium,5,medium customer vocal intensity,low,CUST_MEDIUM_VOCAL_INTENSITY,en_AU_Entertainment_1592670:turn:126,1.0,1.0.0,conversation_risk_v1,heuristic_proxy,False,faster-whisper/small,cardiffnlp/twitter-roberta-base-sentiment-latest
en_AU_Entertainment_1592670,127,agent,channel1,61,559.4,567.4,"Though I should mention if you exchange your tickets and then need to change them again, you can do one more exchange free of charge.",neutral,0.7781,False,False,False,False,False,8.0,0.097031,0.967682,-20.262,0.166189,1783.817,189.038,70.184,3.125,high,high,low,False,False,False,False,False,neutral,high,0,no strong signal,low,NO_STRONG_SIGNAL,en_AU_Entertainment_1592670:turn:127,1.0,1.0.0,conversation_risk_v1,heuristic_proxy,False,faster-whisper/small,cardiffnlp/twitter-roberta-base-sentiment-latest
en_AU_Entertainment_1592670,128,agent,channel1,62,567.4,572.4,"After that, there's a $10 per ticket fee for subsequent changes.",neutral,0.9382,False,False,False,False,False,5.0,0.061435,0.549988,-24.232,0.161071,1637.962,181.939,90.929,2.2,medium,medium,low,False,False,False,False,False,neutral,medium,0,no strong signal,low,NO_STRONG_SIGNAL,en_AU_Entertainment_1592670:turn:128,1.0,1.0.0,conversation_risk_v1,heuristic_proxy,False,faster-whisper/small,cardiffnlp/twitter-roberta-base-sentiment-latest
en_AU_Entertainment_1592670,129,customer,channel2,67,575.0,579.0,"Okay, look, I think the exchange is definitely the way to go.",positive,0.7562,False,False,False,False,False,4.0,0.075046,0.551575,-22.493,0.144136,1882.441,211.558,96.261,3.0,medium,high,medium,False,False,False,False,False,positive,medium,5,medium customer vocal intensity,low,CUST_MEDIUM_VOCAL_INTENSITY,en_AU_Entertainment_1592670:turn:129,1.0,1.0.0,conversation_risk_v1,heuristic_proxy,False,faster-whisper/small,cardiffnlp/twitter-roberta-base-sentiment-latest
en_AU_Entertainment_1592670,130,customer,channel2,68,579.0,581.0,At least then I'm not out of pocket.,neutral,0.574,False,False,False,False,False,2.0,0.092811,0.64801,-20.648,0.092107,1412.47,219.043,70.376,4.0,high,high,medium,False,False,False,False,False,neutral,high,15,high customer vocal intensity,low,CUST_HIGH_VOCAL_INTENSITY,en_AU_Entertainment_1592670:turn:130,1.0,1.0.0,conversation_risk_v1,heuristic_proxy,False,faster-whisper/small,cardiffnlp/twitter-roberta-base-sentiment-latest
en_AU_Entertainment_1592670,131,customer,channel2,69,581.0,584.0,And my sister and I can still see the show together.,positive,0.5063,False,False,False,False,False,3.0,0.049047,0.336792,-26.188,0.206299,2025.408,193.959,79.815,3.667,low,high,low,False,False,False,False,False,positive,medium,5,medium customer vocal intensity,low,CUST_MEDIUM_VOCAL_INTENSITY,en_AU_Entertainment_1592670:turn:131,1.0,1.0.0,conversation_risk_v1,heuristic_proxy,False,faster-whisper/small,cardiffnlp/twitter-roberta-base-sentiment-latest
en_AU_Entertainment_1592670,132,agent,channel1,63,582.4,596.4,"Yeah, look, I don't blame her. It is supposed to be an amazing show.",positive,0.7776,False,False,False,False,False,14.0,0.039861,0.44101,-27.989,0.047409,937.977,274.277,133.256,1.0,low,low,high,False,False,False,False,False,positive,medium,0,no strong signal,low,NO_STRONG_SIGNAL,en_AU_Entertainment_1592670:turn:132,1.0,1.0.0,conversation_risk_v1,heuristic_proxy,False,faster-whisper/small,cardiffnlp/twitter-roberta-base-sentiment-latest
en_AU_Entertainment_1592670,133,customer,channel2,70,584.0,588.0,"You know, to be honest with you, she'd be devastated if we missed it entirely.",negative,0.6715,False,False,False,False,False,4.0,0.064968,0.564606,-23.746,0.12593,1715.828,206.057,70.035,3.75,medium,high,medium,False,False,False,False,False,negative,medium,20,negative customer sentiment | medium customer vocal intensity,low,CUST_NEGATIVE_SENTIMENT|CUST_MEDIUM_VOCAL_INTENSITY,en_AU_Entertainment_1592670:turn:133,1.0,1.0.0,conversation_risk_v1,heuristic_proxy,False,faster-whisper/small,cardiffnlp/twitter-roberta-base-sentiment-latest
en_AU_Entertainment_1592670,134,customer,channel2,71,588.0,592.0,She's a huge Oscar Wilde fan.,positive,0.8516,False,False,False,False,False,4.0,0.05699,0.367767,-24.884,0.156463,1867.456,202.416,90.501,1.5,medium,low,medium,False,False,False,False,False,positive,medium,5,medium customer vocal intensity,low,CUST_MEDIUM_VOCAL_INTENSITY,en_AU_Entertainment_1592670:turn:134,1.0,1.0.0,conversation_risk_v1,heuristic_proxy,False,faster-whisper/small,cardiffnlp/twitter-roberta-base-sentiment-latest
en_AU_Entertainment_1592670,135,agent,channel1,64,596.4,599.4,We've had some amazing press for it. I look wonderful.,positive,0.9853,False,False,False,False,False,3.0,0.108563,0.968658,-19.286,0.123405,1276.623,168.939,69.416,3.333,high,high,low,False,False,False,False,False,positive,high,0,no strong signal,low,NO_STRONG_SIGNAL,en_AU_Entertainment_1592670:turn:135,1.0,1.0.0,conversation_risk_v1,heuristic_proxy,False,faster-whisper/small,cardiffnlp/twitter-roberta-base-sentiment-latest
en_AU_Entertainment_1592670,136,agent,channel1,65,599.4,602.4,"It really is an excellent production, like I said.",positive,0.9826,False,False,False,False,False,3.0,0.107139,0.720337,-19.401,0.142635,1529.093,188.788,70.328,3.0,high,high,low,False,False,False,False,False,positive,high,0,no strong signal,low,NO_STRONG_SIGNAL,en_AU_Entertainment_1592670:turn:136,1.0,1.0.0,conversation_risk_v1,heuristic_proxy,False,faster-whisper/small,cardiffnlp/twitter-roberta-base-sentiment-latest
en_AU_Entertainment_1592670,137,agent,channel1,66,602.4,622.4,"So just to confirm, you'd like me to exchange your two premium reserve tickets from this Saturday the 14th of December at 7.30pm to two weeks later, same show Saturday 28th of December at 7.30pm.",neutral,0.8869,False,False,False,False,False,20.0,0.076426,0.698303,-22.335,0.124712,1457.383,210.657,102.947,1.75,medium,low,medium,False,False,False,False,False,neutral,medium,0,no strong signal,low,NO_STRONG_SIGNAL,en_AU_Entertainment_1592670:turn:137,1.0,1.0.0,conversation_risk_v1,heuristic_proxy,False,faster-whisper/small,cardiffnlp/twitter-roberta-base-sentiment-latest
en_AU_Entertainment_1592670,138,customer,channel2,72,615.0,618.0,Yep.,neutral,0.5717,False,False,False,False,False,3.0,6e-06,9.2e-05,-104.168,0.024414,1573.855,323.888,130.607,0.333,low,low,high,False,False,False,False,False,neutral,medium,5,medium customer vocal intensity,low,CUST_MEDIUM_VOCAL_INTENSITY,en_AU_Entertainment_1592670:turn:138,1.0,1.0.0,conversation_risk_v1,heuristic_proxy,False,faster-whisper/small,cardiffnlp/twitter-roberta-base-sentiment-latest
en_AU_Entertainment_1592670,139,customer,channel2,73,618.0,639.0,"Okay, yep, that would be perfect.",positive,0.9795,False,False,False,False,False,21.0,0.027906,0.656281,-31.086,0.079534,1916.89,268.842,142.402,0.286,low,low,high,False,False,False,False,False,positive,medium,5,medium customer vocal intensity,low,CUST_MEDIUM_VOCAL_INTENSITY,en_AU_Entertainment_1592670:turn:139,1.0,1.0.0,conversation_risk_v1,heuristic_proxy,False,faster-whisper/small,cardiffnlp/twitter-roberta-base-sentiment-latest
en_AU_Entertainment_1592670,140,agent,channel1,67,622.4,628.4,"All right, excellent. So I'll process that for you now. Just be in moment, please.",positive,0.8,False,False,False,False,False,6.0,0.117808,0.999969,-18.576,0.114936,1422.05,201.28,105.927,2.5,high,medium,medium,False,False,False,False,False,positive,medium,0,no strong signal,low,NO_STRONG_SIGNAL,en_AU_Entertainment_1592670:turn:140,1.0,1.0.0,conversation_risk_v1,heuristic_proxy,False,faster-whisper/small,cardiffnlp/twitter-roberta-base-sentiment-latest
en_AU_Entertainment_1592670,141,agent,channel1,68,628.4,632.4,"All right, Maria, that's all done. So your tickets have been exchanged successfully.",positive,0.5401,False,False,False,False,False,4.0,0.143066,0.992004,-16.889,0.163729,1720.249,240.783,82.862,3.25,high,high,high,False,False,False,False,False,positive,high,0,no strong signal,low,NO_STRONG_SIGNAL,en_AU_Entertainment_1592670:turn:141,1.0,1.0.0,conversation_risk_v1,heuristic_proxy,False,faster-whisper/small,cardiffnlp/twitter-roberta-base-sentiment-latest
en_AU_Entertainment_1592670,142,agent,channel1,69,632.4,638.4,You'll also receive a new confirmation email shortly with the updated booking details.,neutral,0.7843,False,False,False,False,False,6.0,0.077657,0.552032,-22.196,0.137804,1541.572,195.54,76.956,2.167,high,medium,low,False,False,False,False,False,neutral,medium,0,no strong signal,low,NO_STRONG_SIGNAL,en_AU_Entertainment_1592670:turn:142,1.0,1.0.0,conversation_risk_v1,heuristic_proxy,False,faster-whisper/small,cardiffnlp/twitter-roberta-base-sentiment-latest
en_AU_Entertainment_1592670,143,customer,channel2,74,639.0,641.0,"Awesome, that was so quick.",positive,0.9845,False,False,False,False,False,2.0,0.076789,0.424377,-22.294,0.137246,1826.729,250.802,111.738,2.5,medium,medium,high,False,False,False,False,False,positive,medium,5,medium customer vocal intensity,low,CUST_MEDIUM_VOCAL_INTENSITY,en_AU_Entertainment_1592670:turn:143,1.0,1.0.0,conversation_risk_v1,heuristic_proxy,False,faster-whisper/small,cardiffnlp/twitter-roberta-base-sentiment-latest
en_AU_Entertainment_1592670,144,customer,channel2,75,641.0,664.0,"Will the new tickets have a different booking reference, Danielle?",neutral,0.9497,False,False,False,False,False,23.0,0.024093,0.565918,-32.362,0.087979,1996.706,284.549,136.684,0.435,low,low,high,False,False,False,False,False,neutral,medium,5,medium customer vocal intensity,low,CUST_MEDIUM_VOCAL_INTENSITY,en_AU_Entertainment_1592670:turn:144,1.0,1.0.0,conversation_risk_v1,heuristic_proxy,False,faster-whisper/small,cardiffnlp/twitter-roberta-base-sentiment-latest
en_AU_Entertainment_1592670,145,agent,channel1,70,644.4,649.4,No. So the booking reference always stays the same. Just to confirm that again.,neutral,0.8859,False,False,False,False,False,5.0,0.106955,0.827148,-19.416,0.129833,1401.847,197.833,57.039,2.8,high,medium,medium,False,False,False,False,False,neutral,medium,0,no strong signal,low,NO_STRONG_SIGNAL,en_AU_Entertainment_1592670:turn:145,1.0,1.0.0,conversation_risk_v1,heuristic_proxy,False,faster-whisper/small,cardiffnlp/twitter-roberta-base-sentiment-latest
en_AU_Entertainment_1592670,146,agent,channel1,71,649.4,658.4,"That's Sierra Tango Charlie 20249876, but the date and the session time will be updated in the system and on your tickets.",neutral,0.9401,False,False,False,False,False,9.0,0.0765,0.676788,-22.327,0.19332,1885.718,187.883,77.738,2.444,medium,medium,low,False,False,False,False,False,neutral,medium,0,no strong signal,low,NO_STRONG_SIGNAL,en_AU_Entertainment_1592670:turn:146,1.0,1.0.0,conversation_risk_v1,heuristic_proxy,False,faster-whisper/small,cardiffnlp/twitter-roberta-base-sentiment-latest
en_AU_Entertainment_1592670,147,agent,channel1,72,658.4,663.4,"And if you've added the original date to your event calendar, you might want to update that.",neutral,0.9249,False,False,False,False,False,5.0,0.088327,0.750458,-21.078,0.111708,1415.531,188.86,81.108,3.4,high,high,low,False,False,False,False,False,neutral,high,0,no strong signal,low,NO_STRONG_SIGNAL,en_AU_Entertainment_1592670:turn:147,1.0,1.0.0,conversation_risk_v1,heuristic_proxy,False,faster-whisper/small,cardiffnlp/twitter-roberta-base-sentiment-latest
en_AU_Entertainment_1592670,148,agent,channel1,73,663.4,684.4,"Yeah, look, as mentioned, you can do one more free exchange to another date. If you need to cancel completely, the same refund policy would apply.",neutral,0.8557,False,False,False,False,False,21.0,0.046441,0.848358,-26.662,0.071138,1152.732,253.705,131.605,1.238,low,low,high,False,False,False,False,False,neutral,medium,0,no strong signal,low,NO_STRONG_SIGNAL,en_AU_Entertainment_1592670:turn:148,1.0,1.0.0,conversation_risk_v1,heuristic_proxy,False,faster-whisper/small,cardiffnlp/twitter-roberta-base-sentiment-latest
en_AU_Entertainment_1592670,149,customer,channel2,76,664.0,665.0,We'll do.,neutral,0.5136,False,False,False,False,False,1.0,0.089208,0.405609,-20.992,0.072556,1302.841,263.753,76.987,2.0,high,low,high,False,False,False,False,False,neutral,high,15,high customer vocal intensity,low,CUST_HIGH_VOCAL_INTENSITY,en_AU_Entertainment_1592670:turn:149,1.0,1.0.0,conversation_risk_v1,heuristic_proxy,False,faster-whisper/small,cardiffnlp/twitter-roberta-base-sentiment-latest
en_AU_Entertainment_1592670,150,customer,channel2,77,665.0,668.0,"Okay, and just to be absolutely sure.",neutral,0.732,False,False,False,False,False,3.0,0.072542,0.59964,-22.788,0.135888,1789.424,256.396,86.889,2.333,medium,medium,high,False,False,False,False,False,neutral,medium,5,medium customer vocal intensity,low,CUST_MEDIUM_VOCAL_INTENSITY,en_AU_Entertainment_1592670:turn:150,1.0,1.0.0,conversation_risk_v1,heuristic_proxy,False,faster-whisper/small,cardiffnlp/twitter-roberta-base-sentiment-latest
en_AU_Entertainment_1592670,151,customer,channel2,78,668.0,673.0,"If something happens and we can't make the new date either, what happens then?",negative,0.5404,False,False,False,False,False,5.0,0.063402,0.610626,-23.958,0.111437,1654.152,226.876,66.757,2.8,medium,medium,medium,False,False,False,False,False,negative,medium,20,negative customer sentiment | medium customer vocal intensity,low,CUST_NEGATIVE_SENTIMENT|CUST_MEDIUM_VOCAL_INTENSITY,en_AU_Entertainment_1592670:turn:151,1.0,1.0.0,conversation_risk_v1,heuristic_proxy,False,faster-whisper/small,cardiffnlp/twitter-roberta-base-sentiment-latest
en_AU_Entertainment_1592670,152,customer,channel2,79,673.0,674.0,What are my options?,neutral,0.8799,False,False,False,False,False,1.0,0.029073,0.174866,-30.73,0.117676,1539.311,178.966,68.112,4.0,low,high,low,False,False,False,False,False,neutral,medium,5,medium customer vocal intensity,low,CUST_MEDIUM_VOCAL_INTENSITY,en_AU_Entertainment_1592670:turn:152,1.0,1.0.0,conversation_risk_v1,heuristic_proxy,False,faster-whisper/small,cardiffnlp/twitter-roberta-base-sentiment-latest
en_AU_Entertainment_1592670,153,agent,channel1,74,684.4,688.4,We would process a refund minus the $15 per ticket admin fee.,neutral,0.8703,False,False,False,False,False,4.0,0.080989,0.561676,-21.832,0.131917,1288.326,180.511,58.002,3.0,high,high,low,False,False,False,False,False,neutral,high,0,no strong signal,low,NO_STRONG_SIGNAL,en_AU_Entertainment_1592670:turn:153,1.0,1.0.0,conversation_risk_v1,heuristic_proxy,False,faster-whisper/small,cardiffnlp/twitter-roberta-base-sentiment-latest
en_AU_Entertainment_1592670,154,agent,channel1,75,688.4,698.4,"So as long as you requested at least 48 hours before the performance, just to remind you that would be the Thursday, the 26th, so Boxing Day.",neutral,0.8336,False,False,False,False,False,10.0,0.083121,0.572327,-21.606,0.176394,1716.145,170.026,68.756,2.7,high,medium,low,False,False,False,False,False,neutral,medium,0,no strong signal,low,NO_STRONG_SIGNAL,en_AU_Entertainment_1592670:turn:154,1.0,1.0.0,conversation_risk_v1,heuristic_proxy,False,faster-whisper/small,cardiffnlp/twitter-roberta-base-sentiment-latest
en_AU_Entertainment_1592670,155,customer,channel2,80,699.0,702.0,"Oh, that gives me plenty of flexibility.",positive,0.8208,False,False,False,False,False,3.0,0.03388,0.306946,-29.401,0.132407,1854.846,240.318,100.129,2.333,low,medium,high,False,False,False,False,False,positive,medium,5,medium customer vocal intensity,low,CUST_MEDIUM_VOCAL_INTENSITY,en_AU_Entertainment_1592670:turn:155,1.0,1.0.0,conversation_risk_v1,heuristic_proxy,False,faster-whisper/small,cardiffnlp/twitter-roberta-base-sentiment-latest
en_AU_Entertainment_1592670,156,customer,channel2,81,702.0,703.0,Thank you so much.,positive,0.9602,False,False,False,False,False,1.0,0.036748,0.230621,-28.695,0.113617,1626.505,222.31,37.584,4.0,low,high,medium,False,False,False,False,False,positive,medium,5,medium customer vocal intensity,low,CUST_MEDIUM_VOCAL_INTENSITY,en_AU_Entertainment_1592670:turn:156,1.0,1.0.0,conversation_risk_v1,heuristic_proxy,False,faster-whisper/small,cardiffnlp/twitter-roberta-base-sentiment-latest
en_AU_Entertainment_1592670,157,customer,channel2,82,703.0,705.0,"Okay, one more thing.",neutral,0.7724,False,False,False,False,False,2.0,0.05868,0.360687,-24.63,0.145911,1743.186,229.667,92.659,2.0,medium,low,medium,False,False,False,False,False,neutral,medium,5,medium customer vocal intensity,low,CUST_MEDIUM_VOCAL_INTENSITY,en_AU_Entertainment_1592670:turn:157,1.0,1.0.0,conversation_risk_v1,heuristic_proxy,False,faster-whisper/small,cardiffnlp/twitter-roberta-base-sentiment-latest
en_AU_Entertainment_1592670,158,customer,channel2,83,705.0,708.0,The tickets I bought were e-tickets.,neutral,0.898,False,False,False,False,False,3.0,0.065481,0.425415,-23.678,0.121156,1714.095,244.006,82.928,2.0,medium,low,high,False,False,False,False,False,neutral,medium,5,medium customer vocal intensity,low,CUST_MEDIUM_VOCAL_INTENSITY,en_AU_Entertainment_1592670:turn:158,1.0,1.0.0,conversation_risk_v1,heuristic_proxy,False,faster-whisper/small,cardiffnlp/twitter-roberta-base-sentiment-latest
en_AU_Entertainment_1592670,159,customer,channel2,84,708.0,710.0,Will the new ones come the same way?,neutral,0.9198,False,False,False,False,False,2.0,0.069175,0.393188,-23.201,0.124155,1761.133,255.977,49.35,4.0,medium,high,high,False,False,False,False,False,neutral,high,15,high customer vocal intensity,low,CUST_HIGH_VOCAL_INTENSITY,en_AU_Entertainment_1592670:turn:159,1.0,1.0.0,conversation_risk_v1,heuristic_proxy,False,faster-whisper/small,cardiffnlp/twitter-roberta-base-sentiment-latest
en_AU_Entertainment_1592670,160,agent,channel1,76,710.4,715.4,They sure will. So your new e-tickets will be attached to the confirmation email.,neutral,0.5408,False,False,False,False,False,5.0,0.114168,0.770233,-18.849,0.128769,1577.601,215.632,86.34,2.8,high,medium,medium,False,False,False,False,False,neutral,medium,0,no strong signal,low,NO_STRONG_SIGNAL,en_AU_Entertainment_1592670:turn:160,1.0,1.0.0,conversation_risk_v1,heuristic_proxy,False,faster-whisper/small,cardiffnlp/twitter-roberta-base-sentiment-latest
en_AU_Entertainment_1592670,161,agent,channel1,77,715.4,721.4,"That should have probably come through by now, actually. So you can either print them out or just show them on your phone when you arrive at the theater.",neutral,0.7544,False,False,False,False,False,6.0,0.112718,0.847137,-18.96,0.130278,1438.805,193.217,60.045,4.833,high,high,low,False,False,False,False,False,neutral,high,0,no strong signal,low,NO_STRONG_SIGNAL,en_AU_Entertainment_1592670:turn:161,1.0,1.0.0,conversation_risk_v1,heuristic_proxy,False,faster-whisper/small,cardiffnlp/twitter-roberta-base-sentiment-latest
en_AU_Entertainment_1592670,162,agent,channel1,78,721.4,727.4,"Make sure, though, your phone's charged. We've had so many people called out by flat batteries.",neutral,0.5143,False,False,False,False,False,6.0,0.102568,0.983612,-19.78,0.158468,1539.953,186.266,74.943,2.667,high,medium,low,False,False,False,False,False,neutral,medium,0,no strong signal,low,NO_STRONG_SIGNAL,en_AU_Entertainment_1592670:turn:162,1.0,1.0.0,conversation_risk_v1,heuristic_proxy,False,faster-whisper/small,cardiffnlp/twitter-roberta-base-sentiment-latest
en_AU_Entertainment_1592670,163,customer,channel2,85,728.0,731.0,"Yep, that would be typical, wouldn't it?",neutral,0.5519,False,False,False,False,False,3.0,0.057372,0.440796,-24.826,0.126631,1581.26,225.619,86.316,2.333,medium,medium,medium,False,False,False,False,False,neutral,medium,5,medium customer vocal intensity,low,CUST_MEDIUM_VOCAL_INTENSITY,en_AU_Entertainment_1592670:turn:163,1.0,1.0.0,conversation_risk_v1,heuristic_proxy,False,faster-whisper/small,cardiffnlp/twitter-roberta-base-sentiment-latest
en_AU_Entertainment_1592670,164,customer,channel2,86,731.0,736.0,"I mean, I'll make sure to have them printed as a backup because I just...",neutral,0.7634,False,False,False,False,False,5.0,0.061817,0.462585,-24.178,0.146858,1704.412,199.392,74.871,3.0,medium,high,medium,False,False,False,False,False,neutral,medium,5,medium customer vocal intensity,low,CUST_MEDIUM_VOCAL_INTENSITY,en_AU_Entertainment_1592670:turn:164,1.0,1.0.0,conversation_risk_v1,heuristic_proxy,False,faster-whisper/small,cardiffnlp/twitter-roberta-base-sentiment-latest
en_AU_Entertainment_1592670,165,customer,channel2,87,736.0,738.0,I'm that kind of person where I just...,neutral,0.6277,False,False,False,False,False,2.0,0.043563,0.34903,-27.218,0.127325,1462.277,184.81,55.516,4.0,low,high,low,False,False,False,False,False,neutral,medium,5,medium customer vocal intensity,low,CUST_MEDIUM_VOCAL_INTENSITY,en_AU_Entertainment_1592670:turn:165,1.0,1.0.0,conversation_risk_v1,heuristic_proxy,False,faster-whisper/small,cardiffnlp/twitter-roberta-base-sentiment-latest
en_AU_Entertainment_1592670,166,customer,channel2,88,738.0,739.0,You know what I mean?,neutral,0.8266,False,False,False,False,False,1.0,0.029404,0.207214,-30.632,0.162796,1935.477,160.193,51.548,5.0,low,high,low,False,False,False,False,False,neutral,medium,5,medium customer vocal intensity,low,CUST_MEDIUM_VOCAL_INTENSITY,en_AU_Entertainment_1592670:turn:166,1.0,1.0.0,conversation_risk_v1,heuristic_proxy,False,faster-whisper/small,cardiffnlp/twitter-roberta-base-sentiment-latest
en_AU_Entertainment_1592670,167,customer,channel2,89,739.0,743.0,I just want to make sure that nothing goes wrong.,neutral,0.4681,False,False,False,False,False,4.0,0.064345,0.596466,-23.83,0.146457,1802.319,208.628,79.864,2.5,medium,medium,medium,False,False,False,False,False,neutral,medium,5,medium customer vocal intensity,low,CUST_MEDIUM_VOCAL_INTENSITY,en_AU_Entertainment_1592670:turn:167,1.0,1.0.0,conversation_risk_v1,heuristic_proxy,False,faster-whisper/small,cardiffnlp/twitter-roberta-base-sentiment-latest
en_AU_Entertainment_1592670,168,customer,channel2,90,743.0,748.0,"And so basically we just show up at the Roslyn Packer Theatre on the night, right?",neutral,0.9431,False,False,False,False,False,5.0,0.050508,0.362976,-25.933,0.105668,1488.761,224.982,69.761,3.2,low,high,medium,False,False,False,False,False,neutral,medium,5,medium customer vocal intensity,low,CUST_MEDIUM_VOCAL_INTENSITY,en_AU_Entertainment_1592670:turn:168,1.0,1.0.0,conversation_risk_v1,heuristic_proxy,False,faster-whisper/small,cardiffnlp/twitter-roberta-base-sentiment-latest
en_AU_Entertainment_1592670,169,agent,channel1,79,746.4,756.4,That's exactly right. So the doors open at 45 minutes before the performance. So 6.45pm for your 7.30pm show.,neutral,0.7569,False,False,False,False,False,10.0,0.078125,0.856903,-22.144,0.114896,1382.296,216.979,106.964,1.9,high,low,medium,False,False,False,False,False,neutral,medium,0,no strong signal,low,NO_STRONG_SIGNAL,en_AU_Entertainment_1592670:turn:169,1.0,1.0.0,conversation_risk_v1,heuristic_proxy,False,faster-whisper/small,cardiffnlp/twitter-roberta-base-sentiment-latest
en_AU_Entertainment_1592670,170,agent,channel1,80,756.4,762.4,"I'd recommend arriving at least 30 minutes to spare. It does get quite busy, especially on Saturday nights.",neutral,0.7543,False,False,False,False,False,6.0,0.119473,0.858978,-18.455,0.151598,1639.334,210.213,67.409,3.0,high,high,medium,False,False,False,False,False,neutral,high,0,no strong signal,low,NO_STRONG_SIGNAL,en_AU_Entertainment_1592670:turn:170,1.0,1.0.0,conversation_risk_v1,heuristic_proxy,False,faster-whisper/small,cardiffnlp/twitter-roberta-base-sentiment-latest
en_AU_Entertainment_1592670,171,customer,channel2,91,758.0,768.0,That's a really good tip.,positive,0.9663,False,False,False,False,False,10.0,0.01791,0.370544,-34.938,0.02243,1472.57,327.648,123.583,0.5,low,low,high,False,False,False,False,False,positive,medium,5,medium customer vocal intensity,low,CUST_MEDIUM_VOCAL_INTENSITY,en_AU_Entertainment_1592670:turn:171,1.0,1.0.0,conversation_risk_v1,heuristic_proxy,False,faster-whisper/small,cardiffnlp/twitter-roberta-base-sentiment-latest
en_AU_Entertainment_1592670,172,agent,channel1,81,762.4,766.4,And there are some lovely bars in the foyer if you want to grab a drink before the show.,positive,0.9653,False,False,False,False,False,4.0,0.093293,0.63559,-20.603,0.146151,1506.712,188.186,72.524,4.75,high,high,low,False,False,False,False,False,positive,high,0,no strong signal,low,NO_STRONG_SIGNAL,en_AU_Entertainment_1592670:turn:172,1.0,1.0.0,conversation_risk_v1,heuristic_proxy,False,faster-whisper/small,cardiffnlp/twitter-roberta-base-sentiment-latest
en_AU_Entertainment_1592670,173,customer,channel2,92,768.0,769.0,Thank you.,positive,0.8345,False,False,False,False,False,1.0,0.040446,0.244965,-27.863,0.138519,1855.774,193.697,39.548,2.0,low,low,low,False,False,False,False,False,positive,low,0,no strong signal,low,NO_STRONG_SIGNAL,en_AU_Entertainment_1592670:turn:173,1.0,1.0.0,conversation_risk_v1,heuristic_proxy,False,faster-whisper/small,cardiffnlp/twitter-roberta-base-sentiment-latest
en_AU_Entertainment_1592670,174,customer,channel2,93,769.0,773.0,We'll probably make a reservation at one of the restaurants nearby and then head over.,neutral,0.8956,False,False,False,False,False,4.0,0.04077,0.298126,-27.793,0.099691,1303.786,189.306,64.793,3.75,low,high,low,False,False,False,False,False,neutral,medium,5,medium customer vocal intensity,low,CUST_MEDIUM_VOCAL_INTENSITY,en_AU_Entertainment_1592670:turn:174,1.0,1.0.0,conversation_risk_v1,heuristic_proxy,False,faster-whisper/small,cardiffnlp/twitter-roberta-base-sentiment-latest
en_AU_Entertainment_1592670,175,customer,channel2,94,773.0,775.0,"Do you have any recommendations, Danielle?",neutral,0.9112,False,False,False,False,False,2.0,0.052507,0.369781,-25.596,0.13692,2127.752,238.228,65.425,3.0,medium,high,high,False,False,False,False,False,neutral,high,15,high customer vocal intensity,low,CUST_HIGH_VOCAL_INTENSITY,en_AU_Entertainment_1592670:turn:175,1.0,1.0.0,conversation_risk_v1,heuristic_proxy,False,faster-whisper/small,cardiffnlp/twitter-roberta-base-sentiment-latest
en_AU_Entertainment_1592670,176,customer,channel2,95,775.0,776.0,Do you know the area?,neutral,0.9288,False,False,False,False,False,1.0,0.04679,0.202759,-26.597,0.070114,1296.682,220.774,81.435,5.0,low,high,medium,False,False,False,False,False,neutral,medium,5,medium customer vocal intensity,low,CUST_MEDIUM_VOCAL_INTENSITY,en_AU_Entertainment_1592670:turn:176,1.0,1.0.0,conversation_risk_v1,heuristic_proxy,False,faster-whisper/small,cardiffnlp/twitter-roberta-base-sentiment-latest
en_AU_Entertainment_1592670,177,agent,channel1,82,776.4,781.4,"Oh my gosh, I sure do. Look, there are so many fantastic spots around Walsh Bay.",positive,0.985,False,False,False,False,False,5.0,0.108779,0.742615,-19.269,0.171032,1694.052,182.301,69.5,3.2,high,high,low,False,False,False,False,False,positive,high,0,no strong signal,low,NO_STRONG_SIGNAL,en_AU_Entertainment_1592670:turn:177,1.0,1.0.0,conversation_risk_v1,heuristic_proxy,False,faster-whisper/small,cardiffnlp/twitter-roberta-base-sentiment-latest
en_AU_Entertainment_1592670,178,agent,channel1,83,781.4,786.4,"If you're after something special, Aria is gorgeous, but you do need to book well in advance.",positive,0.8949,False,False,False,False,False,5.0,0.094914,0.593872,-20.453,0.140255,1637.858,211.064,77.851,3.4,high,high,medium,False,False,False,False,False,positive,high,0,no strong signal,low,NO_STRONG_SIGNAL,en_AU_Entertainment_1592670:turn:178,1.0,1.0.0,conversation_risk_v1,heuristic_proxy,False,faster-whisper/small,cardiffnlp/twitter-roberta-base-sentiment-latest
en_AU_Entertainment_1592670,179,agent,channel1,84,786.4,792.4,I'm not sure how they would be for any reservations so close to the date.,neutral,0.5736,False,False,False,False,False,6.0,0.07903,0.603363,-22.044,0.158871,1584.654,166.864,62.085,2.5,high,medium,low,False,False,False,False,False,neutral,medium,0,no strong signal,low,NO_STRONG_SIGNAL,en_AU_Entertainment_1592670:turn:179,1.0,1.0.0,conversation_risk_v1,heuristic_proxy,False,faster-whisper/small,cardiffnlp/twitter-roberta-base-sentiment-latest
en_AU_Entertainment_1592670,180,customer,channel2,96,788.0,808.0,Awesome.,positive,0.9536,False,False,False,False,False,20.0,0.000357,0.02951,-68.947,0.055054,1760.939,304.407,138.854,0.05,low,low,high,False,False,False,False,False,positive,medium,5,medium customer vocal intensity,low,CUST_MEDIUM_VOCAL_INTENSITY,en_AU_Entertainment_1592670:turn:180,1.0,1.0.0,conversation_risk_v1,heuristic_proxy,False,faster-whisper/small,cardiffnlp/twitter-roberta-base-sentiment-latest
en_AU_Entertainment_1592670,181,agent,channel1,85,792.4,798.4,"And of course, this time of year. But try your luck. Of course, it's in between that weird, you know, between Christmas and New Year period.",neutral,0.6084,False,False,False,False,False,6.0,0.077397,0.76001,-22.225,0.135077,1400.381,169.751,70.506,4.333,high,high,low,False,False,False,False,False,neutral,high,0,no strong signal,low,NO_STRONG_SIGNAL,en_AU_Entertainment_1592670:turn:181,1.0,1.0.0,conversation_risk_v1,heuristic_proxy,False,faster-whisper/small,cardiffnlp/twitter-roberta-base-sentiment-latest
en_AU_Entertainment_1592670,182,agent,channel1,86,798.4,804.4,"But for something more casual, we've got Grounds Keeper, Willie at Brangaroo. That's also fantastic.",positive,0.9721,False,False,False,False,False,6.0,0.121866,0.996643,-18.282,0.128519,1348.291,204.783,64.021,2.5,high,medium,medium,False,False,False,False,False,positive,medium,0,no strong signal,low,NO_STRONG_SIGNAL,en_AU_Entertainment_1592670:turn:182,1.0,1.0.0,conversation_risk_v1,heuristic_proxy,False,faster-whisper/small,cardiffnlp/twitter-roberta-base-sentiment-latest
en_AU_Entertainment_1592670,183,agent,channel1,87,804.4,806.4,And it's just a short walk to the theatre.,positive,0.6548,False,False,False,False,False,2.0,0.085862,0.582977,-21.324,0.186144,1826.413,190.449,81.99,4.5,high,high,low,False,False,False,False,False,positive,high,0,no strong signal,low,NO_STRONG_SIGNAL,en_AU_Entertainment_1592670:turn:183,1.0,1.0.0,conversation_risk_v1,heuristic_proxy,False,faster-whisper/small,cardiffnlp/twitter-roberta-base-sentiment-latest
en_AU_Entertainment_1592670,184,customer,channel2,97,808.0,811.0,"Okay, look, I'll look into those.",neutral,0.6498,False,False,False,False,False,3.0,0.064737,0.656616,-23.777,0.118185,1599.325,236.697,74.934,2.0,medium,low,medium,False,False,False,False,False,neutral,medium,5,medium customer vocal intensity,low,CUST_MEDIUM_VOCAL_INTENSITY,en_AU_Entertainment_1592670:turn:184,1.0,1.0.0,conversation_risk_v1,heuristic_proxy,False,faster-whisper/small,cardiffnlp/twitter-roberta-base-sentiment-latest
en_AU_Entertainment_1592670,185,customer,channel2,98,811.0,815.0,My sister will be really impressed that I've got all these things sorted.,positive,0.964,False,False,False,False,False,4.0,0.048945,0.294678,-26.206,0.126368,1436.39,201.214,56.239,3.25,low,high,medium,False,False,False,False,False,positive,medium,5,medium customer vocal intensity,low,CUST_MEDIUM_VOCAL_INTENSITY,en_AU_Entertainment_1592670:turn:185,1.0,1.0.0,conversation_risk_v1,heuristic_proxy,False,faster-whisper/small,cardiffnlp/twitter-roberta-base-sentiment-latest
en_AU_Entertainment_1592670,186,customer,channel2,99,815.0,817.0,Is there anything else I need to know?,neutral,0.8885,False,False,False,False,False,2.0,0.036473,0.229736,-28.76,0.119854,1829.971,259.908,85.403,4.0,low,high,high,False,False,False,False,False,neutral,medium,5,medium customer vocal intensity,low,CUST_MEDIUM_VOCAL_INTENSITY,en_AU_Entertainment_1592670:turn:186,1.0,1.0.0,conversation_risk_v1,heuristic_proxy,False,faster-whisper/small,cardiffnlp/twitter-roberta-base-sentiment-latest
en_AU_Entertainment_1592670,187,customer,channel2,100,817.0,843.0,Okay.,neutral,0.5693,False,False,False,False,False,26.0,1.6e-05,0.000427,-95.736,0.029109,1625.535,315.697,134.163,0.038,low,low,high,False,False,False,False,False,neutral,medium,5,medium customer vocal intensity,low,CUST_MEDIUM_VOCAL_INTENSITY,en_AU_Entertainment_1592670:turn:187,1.0,1.0.0,conversation_risk_v1,heuristic_proxy,False,faster-whisper/small,cardiffnlp/twitter-roberta-base-sentiment-latest
en_AU_Entertainment_1592670,188,agent,channel1,88,817.4,824.4,"Look, just a couple of quick reminders. The show runs for approximately two hours and 30 minutes with one interval.",neutral,0.8664,False,False,False,False,False,7.0,0.086963,0.689728,-21.213,0.119919,1366.211,186.9,62.91,2.857,high,medium,low,False,False,False,False,False,neutral,medium,0,no strong signal,low,NO_STRONG_SIGNAL,en_AU_Entertainment_1592670:turn:188,1.0,1.0.0,conversation_risk_v1,heuristic_proxy,False,faster-whisper/small,cardiffnlp/twitter-roberta-base-sentiment-latest
en_AU_Entertainment_1592670,189,agent,channel1,89,824.4,829.4,"There's no late seating, so please make sure you're in the theatre before 7.30pm.",neutral,0.7612,False,False,False,False,False,5.0,0.107323,0.936096,-19.386,0.138837,1479.167,183.497,62.944,2.8,high,medium,low,False,False,False,False,False,neutral,medium,0,no strong signal,low,NO_STRONG_SIGNAL,en_AU_Entertainment_1592670:turn:189,1.0,1.0.0,conversation_risk_v1,heuristic_proxy,False,faster-whisper/small,cardiffnlp/twitter-roberta-base-sentiment-latest
en_AU_Entertainment_1592670,190,agent,channel1,90,829.4,836.4,"They might not let you in otherwise, so you certainly want to be there well before curtains are drawn.",neutral,0.6735,False,False,False,False,False,7.0,0.091072,0.739807,-20.812,0.103141,1189.191,165.141,82.18,2.714,high,medium,low,False,False,False,False,False,neutral,medium,0,no strong signal,low,NO_STRONG_SIGNAL,en_AU_Entertainment_1592670:turn:190,1.0,1.0.0,conversation_risk_v1,heuristic_proxy,False,faster-whisper/small,cardiffnlp/twitter-roberta-base-sentiment-latest
en_AU_Entertainment_1592670,191,agent,channel1,91,836.4,842.4,"And if you have any accessibility requirements or questions closer to the date, please just give us a call back.",neutral,0.8301,False,False,False,False,False,6.0,0.101483,0.780884,-19.872,0.145861,1543.452,189.247,80.414,3.333,high,high,low,False,False,False,False,False,neutral,high,0,no strong signal,low,NO_STRONG_SIGNAL,en_AU_Entertainment_1592670:turn:191,1.0,1.0.0,conversation_risk_v1,heuristic_proxy,False,faster-whisper/small,cardiffnlp/twitter-roberta-base-sentiment-latest
en_AU_Entertainment_1592670,192,agent,channel1,92,842.4,860.4,"I'm so glad we could find a solution that works for you, Maria. I hope your nephew feels better soon.",positive,0.95,False,False,False,False,False,18.0,0.055825,0.989502,-25.063,0.057125,1014.141,275.303,136.241,1.111,medium,low,high,False,False,False,False,False,positive,medium,0,no strong signal,low,NO_STRONG_SIGNAL,en_AU_Entertainment_1592670:turn:192,1.0,1.0.0,conversation_risk_v1,heuristic_proxy,False,faster-whisper/small,cardiffnlp/twitter-roberta-base-sentiment-latest
en_AU_Entertainment_1592670,193,customer,channel2,101,843.0,844.0,Perfect.,positive,0.9075,False,False,False,False,False,1.0,0.055297,0.513275,-25.146,0.123871,1959.268,226.495,76.37,1.0,medium,low,medium,False,False,False,False,False,positive,medium,5,medium customer vocal intensity,low,CUST_MEDIUM_VOCAL_INTENSITY,en_AU_Entertainment_1592670:turn:193,1.0,1.0.0,conversation_risk_v1,heuristic_proxy,False,faster-whisper/small,cardiffnlp/twitter-roberta-base-sentiment-latest
en_AU_Entertainment_1592670,194,customer,channel2,102,844.0,845.0,Thank you so much.,positive,0.9602,False,False,False,False,False,1.0,0.047039,0.338409,-26.551,0.180756,2018.921,179.763,68.319,4.0,low,high,low,False,False,False,False,False,positive,medium,5,medium customer vocal intensity,low,CUST_MEDIUM_VOCAL_INTENSITY,en_AU_Entertainment_1592670:turn:194,1.0,1.0.0,conversation_risk_v1,heuristic_proxy,False,faster-whisper/small,cardiffnlp/twitter-roberta-base-sentiment-latest
en_AU_Entertainment_1592670,195,customer,channel2,103,845.0,848.0,"No, we don't have accessibility requirements.",neutral,0.551,False,False,False,False,False,3.0,0.045656,0.44519,-26.81,0.119037,1366.468,201.75,25.534,2.0,low,low,medium,False,False,False,False,False,neutral,low,0,no strong signal,low,NO_STRONG_SIGNAL,en_AU_Entertainment_1592670:turn:195,1.0,1.0.0,conversation_risk_v1,heuristic_proxy,False,faster-whisper/small,cardiffnlp/twitter-roberta-base-sentiment-latest
en_AU_Entertainment_1592670,196,customer,channel2,104,848.0,849.0,But good to know.,positive,0.8164,False,False,False,False,False,1.0,0.040205,0.329712,-27.914,0.194901,2091.669,208.442,109.237,4.0,low,high,medium,False,False,False,False,False,positive,medium,5,medium customer vocal intensity,low,CUST_MEDIUM_VOCAL_INTENSITY,en_AU_Entertainment_1592670:turn:196,1.0,1.0.0,conversation_risk_v1,heuristic_proxy,False,faster-whisper/small,cardiffnlp/twitter-roberta-base-sentiment-latest
en_AU_Entertainment_1592670,197,customer,channel2,105,849.0,851.0,I think that covers everything.,neutral,0.6673,False,False,False,False,False,2.0,0.078038,0.489044,-22.154,0.073289,1447.354,220.072,50.737,2.5,high,medium,medium,False,False,False,False,False,neutral,medium,5,medium customer vocal intensity,low,CUST_MEDIUM_VOCAL_INTENSITY,en_AU_Entertainment_1592670:turn:197,1.0,1.0.0,conversation_risk_v1,heuristic_proxy,False,faster-whisper/small,cardiffnlp/twitter-roberta-base-sentiment-latest
en_AU_Entertainment_1592670,198,customer,channel2,106,851.0,852.0,"You've been so helpful, Danielle.",positive,0.9707,False,False,False,False,False,1.0,0.073768,0.457916,-22.643,0.112946,1512.17,246.918,68.162,5.0,medium,high,high,False,False,False,False,False,positive,high,15,high customer vocal intensity,low,CUST_HIGH_VOCAL_INTENSITY,en_AU_Entertainment_1592670:turn:198,1.0,1.0.0,conversation_risk_v1,heuristic_proxy,False,faster-whisper/small,cardiffnlp/twitter-roberta-base-sentiment-latest
en_AU_Entertainment_1592670,199,customer,channel2,107,852.0,867.0,I was really worried I'd lost my money completely.,negative,0.8804,False,False,False,False,False,15.0,0.028919,0.386383,-30.776,0.045514,1466.884,300.412,127.506,0.6,low,low,high,False,False,False,False,False,negative,medium,20,negative customer sentiment | medium customer vocal intensity,low,CUST_NEGATIVE_SENTIMENT|CUST_MEDIUM_VOCAL_INTENSITY,en_AU_Entertainment_1592670:turn:199,1.0,1.0.0,conversation_risk_v1,heuristic_proxy,False,faster-whisper/small,cardiffnlp/twitter-roberta-base-sentiment-latest
en_AU_Entertainment_1592670,200,agent,channel1,93,860.4,864.4,And that you and your sister have a wonderful time at the show on the 28th.,positive,0.9858,False,False,False,False,False,4.0,0.080137,0.592316,-21.923,0.141691,1434.011,186.752,61.234,4.0,high,high,low,False,False,False,False,False,positive,high,0,no strong signal,low,NO_STRONG_SIGNAL,en_AU_Entertainment_1592670:turn:200,1.0,1.0.0,conversation_risk_v1,heuristic_proxy,False,faster-whisper/small,cardiffnlp/twitter-roberta-base-sentiment-latest
en_AU_Entertainment_1592670,201,agent,channel1,94,864.4,867.4,I'm so glad that you don't actually need to miss it.,positive,0.9137,False,False,False,False,False,3.0,0.089081,0.648132,-21.004,0.137664,1324.45,163.79,65.673,3.667,high,high,low,False,False,False,False,False,positive,high,0,no strong signal,low,NO_STRONG_SIGNAL,en_AU_Entertainment_1592670:turn:201,1.0,1.0.0,conversation_risk_v1,heuristic_proxy,False,faster-whisper/small,cardiffnlp/twitter-roberta-base-sentiment-latest
en_AU_Entertainment_1592670,202,customer,channel2,108,867.0,868.0,Thank you so much.,positive,0.9602,False,False,False,False,False,1.0,0.053746,0.389618,-25.393,0.123398,2021.17,246.186,107.564,4.0,medium,high,high,False,False,False,False,False,positive,high,15,high customer vocal intensity,low,CUST_HIGH_VOCAL_INTENSITY,en_AU_Entertainment_1592670:turn:202,1.0,1.0.0,conversation_risk_v1,heuristic_proxy,False,faster-whisper/small,cardiffnlp/twitter-roberta-base-sentiment-latest
en_AU_Entertainment_1592670,203,customer,channel2,109,868.0,869.0,We definitely will.,positive,0.8403,False,False,False,False,False,1.0,0.0673,0.371826,-23.44,0.103851,1412.727,192.805,51.837,3.0,medium,high,low,False,False,False,False,False,positive,medium,5,medium customer vocal intensity,low,CUST_MEDIUM_VOCAL_INTENSITY,en_AU_Entertainment_1592670:turn:203,1.0,1.0.0,conversation_risk_v1,heuristic_proxy,False,faster-whisper/small,cardiffnlp/twitter-roberta-base-sentiment-latest
en_AU_Entertainment_1592670,204,agent,channel1,95,868.4,874.4,"You're very welcome. If you need anything else, please don't hesitate to give us a call back.",positive,0.8629,False,False,False,False,False,6.0,0.078381,0.857056,-22.116,0.063954,1111.559,248.69,119.134,2.833,high,medium,high,False,False,False,False,False,positive,high,0,no strong signal,low,NO_STRONG_SIGNAL,en_AU_Entertainment_1592670:turn:204,1.0,1.0.0,conversation_risk_v1,heuristic_proxy,False,faster-whisper/small,cardiffnlp/twitter-roberta-base-sentiment-latest
en_AU_Entertainment_1592670,205,customer,channel2,110,869.0,878.0,Thanks again for your help.,positive,0.9603,False,False,False,False,False,9.0,0.020436,0.360321,-33.792,0.076201,1877.547,261.991,138.826,0.556,low,low,high,False,False,False,False,False,positive,medium,5,medium customer vocal intensity,low,CUST_MEDIUM_VOCAL_INTENSITY,en_AU_Entertainment_1592670:turn:205,1.0,1.0.0,conversation_risk_v1,heuristic_proxy,False,faster-whisper/small,cardiffnlp/twitter-roberta-base-sentiment-latest
en_AU_Entertainment_1592670,206,agent,channel1,96,874.4,877.4,Enjoy the show and have a lovely rest of your day.,positive,0.9756,False,False,False,False,False,3.0,0.144577,0.814728,-16.798,0.141887,1689.315,239.43,72.875,3.667,high,high,high,False,False,False,False,False,positive,high,0,no strong signal,low,NO_STRONG_SIGNAL,en_AU_Entertainment_1592670:turn:206,1.0,1.0.0,conversation_risk_v1,heuristic_proxy,False,faster-whisper/small,cardiffnlp/twitter-roberta-base-sentiment-latest
en_AU_Entertainment_1592670,207,customer,channel2,111,878.0,879.0,You too.,neutral,0.5769,False,False,False,False,False,1.0,0.086824,0.418762,-21.227,0.117188,2364.433,288.716,96.681,2.0,high,low,high,False,False,False,False,False,neutral,high,15,high customer vocal intensity,low,CUST_HIGH_VOCAL_INTENSITY,en_AU_Entertainment_1592670:turn:207,1.0,1.0.0,conversation_risk_v1,heuristic_proxy,False,faster-whisper/small,cardiffnlp/twitter-roberta-base-sentiment-latest
en_AU_Entertainment_1592670,208,customer,channel2,112,879.0,880.0,Thanks so much.,positive,0.9605,False,False,False,False,False,1.0,0.084502,0.682922,-21.463,0.240372,2459.106,246.955,86.828,3.0,high,high,high,False,False,False,False,False,positive,high,15,high customer vocal intensity,low,CUST_HIGH_VOCAL_INTENSITY,en_AU_Entertainment_1592670:turn:208,1.0,1.0.0,conversation_risk_v1,heuristic_proxy,False,faster-whisper/small,cardiffnlp/twitter-roberta-base-sentiment-latest
en_AU_Entertainment_1592670,209,customer,channel2,113,880.0,885.0,Bye.,neutral,0.6078,False,False,False,False,False,5.0,0.037954,0.561127,-28.415,0.065112,1703.226,296.48,126.253,0.2,low,low,high,False,False,False,False,False,neutral,medium,5,medium customer vocal intensity,low,CUST_MEDIUM_VOCAL_INTENSITY,en_AU_Entertainment_1592670:turn:209,1.0,1.0.0,conversation_risk_v1,heuristic_proxy,False,faster-whisper/small,cardiffnlp/twitter-roberta-base-sentiment-latest
en_AU_Entertainment_1592670,210,agent,channel1,97,881.4,889.4,"Yeah, actually, Maria, just before I do let you go, have you seen if the tickets have come through on your email?",neutral,0.9025,False,False,True,False,False,8.0,0.110276,0.999969,-19.15,0.127934,1653.686,228.344,67.522,2.75,high,medium,medium,False,False,True,False,False,neutral,medium,0,agent probing question detected,low,AGENT_PROBING,en_AU_Entertainment_1592670:turn:210,1.0,1.0.0,conversation_risk_v1,heuristic_proxy,False,faster-whisper/small,cardiffnlp/twitter-roberta-base-sentiment-latest
en_AU_Entertainment_1592670,211,customer,channel2,114,885.0,890.0,Yep.,neutral,0.5717,False,False,False,False,False,5.0,0.012688,0.33728,-37.932,0.020206,1612.438,325.074,124.938,0.2,low,low,high,False,False,False,False,False,neutral,medium,5,medium customer vocal intensity,low,CUST_MEDIUM_VOCAL_INTENSITY,en_AU_Entertainment_1592670:turn:211,1.0,1.0.0,conversation_risk_v1,heuristic_proxy,False,faster-whisper/small,cardiffnlp/twitter-roberta-base-sentiment-latest
en_AU_Entertainment_1592670,212,customer,channel2,115,890.0,891.0,"Yes, I can see.",neutral,0.6058,False,False,False,False,False,1.0,0.068587,0.52832,-23.275,0.177902,2146.393,222.248,80.435,4.0,medium,high,medium,False,False,False,False,False,neutral,medium,5,medium customer vocal intensity,low,CUST_MEDIUM_VOCAL_INTENSITY,en_AU_Entertainment_1592670:turn:212,1.0,1.0.0,conversation_risk_v1,heuristic_proxy,False,faster-whisper/small,cardiffnlp/twitter-roberta-base-sentiment-latest
en_AU_Entertainment_1592670,213,customer,channel2,116,891.0,896.0,I just heard a little thing before when we were talking and I just looked while we were talking,neutral,0.8493,False,False,False,False,False,5.0,0.055621,0.543427,-25.095,0.112883,1614.15,196.109,51.7,3.8,medium,high,low,False,False,False,False,False,neutral,medium,5,medium customer vocal intensity,low,CUST_MEDIUM_VOCAL_INTENSITY,en_AU_Entertainment_1592670:turn:213,1.0,1.0.0,conversation_risk_v1,heuristic_proxy,False,faster-whisper/small,cardiffnlp/twitter-roberta-base-sentiment-latest
en_AU_Entertainment_1592670,214,customer,channel2,117,896.0,897.0,and they have come through.,positive,0.6702,False,False,False,False,False,1.0,0.026328,0.237427,-31.592,0.092453,1449.15,213.516,84.857,5.0,low,high,medium,False,False,False,False,False,positive,medium,5,medium customer vocal intensity,low,CUST_MEDIUM_VOCAL_INTENSITY,en_AU_Entertainment_1592670:turn:214,1.0,1.0.0,conversation_risk_v1,heuristic_proxy,False,faster-whisper/small,cardiffnlp/twitter-roberta-base-sentiment-latest
en_AU_Entertainment_1592670,215,customer,channel2,118,897.0,904.0,Thank you.,positive,0.8345,False,False,False,False,False,7.0,0.021616,0.322357,-33.305,0.05576,1830.179,291.124,136.286,0.286,low,low,high,False,False,False,False,False,positive,medium,5,medium customer vocal intensity,low,CUST_MEDIUM_VOCAL_INTENSITY,en_AU_Entertainment_1592670:turn:215,1.0,1.0.0,conversation_risk_v1,heuristic_proxy,False,faster-whisper/small,cardiffnlp/twitter-roberta-base-sentiment-latest
en_AU_Entertainment_1592670,216,agent,channel1,98,897.4,903.4,"Okay, perfect. All right. Will all the best and have a merry Christmas when it comes around?",positive,0.9693,False,False,True,False,False,6.0,0.096413,0.620544,-20.317,0.128613,1468.031,231.865,104.713,2.833,high,medium,medium,False,False,True,False,False,positive,medium,0,agent probing question detected,low,AGENT_PROBING,en_AU_Entertainment_1592670:turn:216,1.0,1.0.0,conversation_risk_v1,heuristic_proxy,False,faster-whisper/small,cardiffnlp/twitter-roberta-base-sentiment-latest
en_AU_Entertainment_1592670,217,customer,channel2,119,904.0,905.0,Thanks so much.,positive,0.9605,False,False,False,False,False,1.0,0.054123,0.284088,-25.332,0.165649,2040.859,239.79,81.218,3.0,medium,high,high,False,False,False,False,False,positive,high,15,high customer vocal intensity,low,CUST_HIGH_VOCAL_INTENSITY,en_AU_Entertainment_1592670:turn:217,1.0,1.0.0,conversation_risk_v1,heuristic_proxy,False,faster-whisper/small,cardiffnlp/twitter-roberta-base-sentiment-latest
en_AU_Entertainment_1592670,218,customer,channel2,120,905.0,906.0,See you soon.,positive,0.7318,False,False,False,False,False,1.0,0.000118,0.00119,-78.531,0.17308,2394.076,158.461,97.806,3.0,low,high,low,False,False,False,False,False,positive,medium,5,medium customer vocal intensity,low,CUST_MEDIUM_VOCAL_INTENSITY,en_AU_Entertainment_1592670:turn:218,1.0,1.0.0,conversation_risk_v1,heuristic_proxy,False,faster-whisper/small,cardiffnlp/twitter-roberta-base-sentiment-latest
