call_id,turn_id,speaker,channel,segment_id,start_time,end_time,text,sentiment_label,sentiment_score,frustration_flag,empathy_flag,probing_flag,ownership_flag,next_steps_flag,segment_duration_sec,rms_energy,peak_amplitude,rms_db,zero_crossing_rate,spectral_centroid,pitch_mean_hz,pitch_std_hz,speaking_rate_wps,volume_level,speaking_rate_level,pitch_level,frustration_flag_bool,empathy_flag_bool,probing_flag_bool,ownership_flag_bool,next_steps_flag_bool,normalized_sentiment,vocal_intensity_level,turn_risk_score,turn_main_signal,turn_risk_level,turn_reason_codes,evidence_id,signal_coverage_confidence,analytical_contract_version,risk_rubric_version,risk_score_type,risk_score_calibrated,asr_model_id,sentiment_model_id
en_AU_Health_1592677,1,agent,channel1,1,0.0,17.6,"Good morning, Bondi Junction Medical Center.",positive,0.934,False,False,False,False,False,17.6,0.043615,0.999969,-27.207,0.026022,845.612,281.271,143.468,0.341,low,low,high,False,False,False,False,False,positive,medium,0,no strong signal,low,NO_STRONG_SIGNAL,en_AU_Health_1592677:turn:1,1.0,1.0.0,conversation_risk_v1,heuristic_proxy,False,faster-whisper/small,cardiffnlp/twitter-roberta-base-sentiment-latest
en_AU_Health_1592677,2,customer,channel2,1,0.0,28.64,"Hi Danielle, my name is Maria Pepidopoulos, I'm calling because I need to book a follow-up",neutral,0.8167,False,False,False,False,False,28.64,0.03462,0.561951,-29.213,0.117667,1949.146,224.785,134.16,0.559,low,low,high,False,False,False,False,False,neutral,medium,5,medium customer vocal intensity,low,CUST_MEDIUM_VOCAL_INTENSITY,en_AU_Health_1592677:turn:2,1.0,1.0.0,conversation_risk_v1,heuristic_proxy,False,faster-whisper/small,cardiffnlp/twitter-roberta-base-sentiment-latest
en_AU_Health_1592677,3,agent,channel1,2,17.6,18.88,This is Danielle speaking.,neutral,0.9029,False,False,False,False,False,1.28,0.059649,0.334412,-24.488,0.093655,1484.319,251.806,36.036,3.125,medium,high,high,False,False,False,False,False,neutral,high,0,no strong signal,low,NO_STRONG_SIGNAL,en_AU_Health_1592677:turn:3,1.0,1.0.0,conversation_risk_v1,heuristic_proxy,False,faster-whisper/small,cardiffnlp/twitter-roberta-base-sentiment-latest
en_AU_Health_1592677,4,agent,channel1,3,18.88,31.44,How can I help you today?,neutral,0.7191,False,False,True,False,False,12.56,0.014105,0.280182,-37.013,0.042444,986.759,280.865,136.756,0.478,low,low,high,False,False,True,False,False,neutral,medium,0,agent probing question detected,low,AGENT_PROBING,en_AU_Health_1592677:turn:4,1.0,1.0.0,conversation_risk_v1,heuristic_proxy,False,faster-whisper/small,cardiffnlp/twitter-roberta-base-sentiment-latest
en_AU_Health_1592677,5,customer,channel2,2,28.64,31.8,appointment with the doctor.,neutral,0.8833,False,False,False,False,False,3.16,0.026812,0.358154,-31.433,0.144413,2087.354,167.541,97.261,1.266,low,low,low,False,False,False,False,False,neutral,low,0,no strong signal,low,NO_STRONG_SIGNAL,en_AU_Health_1592677:turn:5,1.0,1.0.0,conversation_risk_v1,heuristic_proxy,False,faster-whisper/small,cardiffnlp/twitter-roberta-base-sentiment-latest
en_AU_Health_1592677,6,agent,channel1,4,31.44,32.44,"No worries at all, Maria.",positive,0.8133,False,False,False,False,False,1.0,0.079451,0.266296,-21.998,0.091492,1104.577,201.25,47.807,5.0,high,high,medium,False,False,False,False,False,positive,high,0,no strong signal,low,NO_STRONG_SIGNAL,en_AU_Health_1592677:turn:6,1.0,1.0.0,conversation_risk_v1,heuristic_proxy,False,faster-whisper/small,cardiffnlp/twitter-roberta-base-sentiment-latest
en_AU_Health_1592677,7,agent,channel1,5,32.44,33.92,I can definitely help you with that.,positive,0.734,False,False,False,False,False,1.48,0.063494,0.56015,-23.945,0.115453,1238.503,183.656,52.992,4.73,medium,high,low,False,False,False,False,False,positive,medium,0,no strong signal,low,NO_STRONG_SIGNAL,en_AU_Health_1592677:turn:7,1.0,1.0.0,conversation_risk_v1,heuristic_proxy,False,faster-whisper/small,cardiffnlp/twitter-roberta-base-sentiment-latest
en_AU_Health_1592677,8,agent,channel1,6,33.92,38.4,"So can I please just grab your date of birth and your Medicare number, sorry, so I can",neutral,0.7907,False,False,False,False,False,4.48,0.08025,0.589325,-21.911,0.10782,1203.454,228.388,62.59,4.018,high,high,high,False,False,False,False,False,neutral,high,0,no strong signal,low,NO_STRONG_SIGNAL,en_AU_Health_1592677:turn:8,1.0,1.0.0,conversation_risk_v1,heuristic_proxy,False,faster-whisper/small,cardiffnlp/twitter-roberta-base-sentiment-latest
en_AU_Health_1592677,9,agent,channel1,7,38.4,62.28,just pull up your file.,neutral,0.8463,False,False,False,False,False,23.88,0.013645,0.370483,-37.3,0.013246,783.668,313.215,135.947,0.209,low,low,high,False,False,False,False,False,neutral,medium,0,no strong signal,low,NO_STRONG_SIGNAL,en_AU_Health_1592677:turn:9,1.0,1.0.0,conversation_risk_v1,heuristic_proxy,False,faster-whisper/small,cardiffnlp/twitter-roberta-base-sentiment-latest
en_AU_Health_1592677,10,customer,channel2,3,38.8,48.28,"Yep it's 15th of March 1978 and my Medicare number is, okay let me just find my",neutral,0.7223,False,False,False,False,False,9.48,0.056407,0.439453,-24.973,0.138882,2090.333,211.297,76.56,1.793,medium,medium,medium,False,False,False,False,False,neutral,medium,5,medium customer vocal intensity,low,CUST_MEDIUM_VOCAL_INTENSITY,en_AU_Health_1592677:turn:10,1.0,1.0.0,conversation_risk_v1,heuristic_proxy,False,faster-whisper/small,cardiffnlp/twitter-roberta-base-sentiment-latest
en_AU_Health_1592677,11,customer,channel2,4,48.28,62.64,"card, it's, oh here it is, okay it's 2750 345215.",neutral,0.6235,False,False,False,False,False,14.36,0.053631,0.626587,-25.412,0.172355,2093.827,202.033,102.75,0.696,medium,low,medium,False,False,False,False,False,neutral,medium,5,medium customer vocal intensity,low,CUST_MEDIUM_VOCAL_INTENSITY,en_AU_Health_1592677:turn:11,1.0,1.0.0,conversation_risk_v1,heuristic_proxy,False,faster-whisper/small,cardiffnlp/twitter-roberta-base-sentiment-latest
en_AU_Health_1592677,12,agent,channel1,8,62.28,64.04,"Perfect, thank you.",positive,0.9737,False,False,False,False,False,1.76,0.057538,0.615997,-24.801,0.161708,1597.8,179.934,75.011,1.705,medium,medium,low,False,False,False,False,False,positive,medium,0,no strong signal,low,NO_STRONG_SIGNAL,en_AU_Health_1592677:turn:12,1.0,1.0.0,conversation_risk_v1,heuristic_proxy,False,faster-whisper/small,cardiffnlp/twitter-roberta-base-sentiment-latest
en_AU_Health_1592677,13,customer,channel2,5,62.64,82.76,"Yeah that's right, Dr Chan wanted to see me again, she said to check my blood pressure",neutral,0.8468,False,False,False,False,False,20.12,0.032843,0.42865,-29.671,0.123343,2250.051,237.484,130.117,0.845,low,low,high,False,False,False,False,False,neutral,medium,5,medium customer vocal intensity,low,CUST_MEDIUM_VOCAL_INTENSITY,en_AU_Health_1592677:turn:13,1.0,1.0.0,conversation_risk_v1,heuristic_proxy,False,faster-whisper/small,cardiffnlp/twitter-roberta-base-sentiment-latest
en_AU_Health_1592677,14,agent,channel1,9,64.04,66.16,Just bringing up your details now.,neutral,0.8559,False,False,False,False,False,2.12,0.045639,0.342255,-26.813,0.118186,1516.075,173.59,93.714,2.83,low,medium,low,False,False,False,False,False,neutral,low,0,no strong signal,low,NO_STRONG_SIGNAL,en_AU_Health_1592677:turn:14,1.0,1.0.0,conversation_risk_v1,heuristic_proxy,False,faster-whisper/small,cardiffnlp/twitter-roberta-base-sentiment-latest
en_AU_Health_1592677,15,agent,channel1,10,66.76,69.12,"Okay, great.",positive,0.9292,False,False,False,False,False,2.36,0.056883,0.511078,-24.9,0.096508,1302.152,211.755,114.384,0.847,medium,low,medium,False,False,False,False,False,positive,medium,0,no strong signal,low,NO_STRONG_SIGNAL,en_AU_Health_1592677:turn:15,1.0,1.0.0,conversation_risk_v1,heuristic_proxy,False,faster-whisper/small,cardiffnlp/twitter-roberta-base-sentiment-latest
en_AU_Health_1592677,16,agent,channel1,11,69.12,72.8,So I can see you were last in about six weeks ago.,neutral,0.9287,False,False,False,False,False,3.68,0.097324,0.585632,-20.236,0.169573,1763.636,222.625,72.535,3.261,high,high,medium,False,False,False,False,False,neutral,high,0,no strong signal,low,NO_STRONG_SIGNAL,en_AU_Health_1592677:turn:16,1.0,1.0.0,conversation_risk_v1,heuristic_proxy,False,faster-whisper/small,cardiffnlp/twitter-roberta-base-sentiment-latest
en_AU_Health_1592677,17,agent,channel1,12,72.8,82.28,Is this a follow-up or is this the same issue?,neutral,0.9175,False,False,True,False,False,9.48,0.041044,0.517548,-27.735,0.045637,1079.866,288.509,133.867,1.055,low,low,high,False,False,True,False,False,neutral,medium,0,agent probing question detected,low,AGENT_PROBING,en_AU_Health_1592677:turn:17,1.0,1.0.0,conversation_risk_v1,heuristic_proxy,False,faster-whisper/small,cardiffnlp/twitter-roberta-base-sentiment-latest
en_AU_Health_1592677,18,agent,channel1,13,82.28,87.24,"Excellent, okay.",positive,0.9395,False,False,False,False,False,4.96,0.028256,0.236847,-30.978,0.045654,961.994,280.574,137.891,0.403,low,low,high,False,False,False,False,False,positive,medium,0,no strong signal,low,NO_STRONG_SIGNAL,en_AU_Health_1592677:turn:18,1.0,1.0.0,conversation_risk_v1,heuristic_proxy,False,faster-whisper/small,cardiffnlp/twitter-roberta-base-sentiment-latest
en_AU_Health_1592677,19,customer,channel2,6,82.88,86.52,medication and see how I'm going with that.,neutral,0.8512,False,False,False,False,False,3.64,0.020544,0.183594,-33.746,0.145765,1961.817,195.635,100.217,2.198,low,medium,medium,False,False,False,False,False,neutral,low,0,no strong signal,low,NO_STRONG_SIGNAL,en_AU_Health_1592677:turn:19,1.0,1.0.0,conversation_risk_v1,heuristic_proxy,False,faster-whisper/small,cardiffnlp/twitter-roberta-base-sentiment-latest
en_AU_Health_1592677,20,agent,channel1,14,87.24,91.16,"Now we're hoping to see Dr Chen specifically, or are you happy to see any of our other",neutral,0.6106,False,False,False,False,False,3.92,0.077243,0.536926,-22.243,0.133194,1411.538,209.221,74.389,4.592,high,high,medium,False,False,False,False,False,neutral,high,0,no strong signal,low,NO_STRONG_SIGNAL,en_AU_Health_1592677:turn:20,1.0,1.0.0,conversation_risk_v1,heuristic_proxy,False,faster-whisper/small,cardiffnlp/twitter-roberta-base-sentiment-latest
en_AU_Health_1592677,21,agent,channel1,15,91.16,106.44,GPs?,neutral,0.8159,False,False,True,False,False,15.28,0.012792,0.394531,-37.861,0.02774,919.861,306.603,138.749,0.065,low,low,high,False,False,True,False,False,neutral,medium,0,agent probing question detected,low,AGENT_PROBING,en_AU_Health_1592677:turn:21,1.0,1.0.0,conversation_risk_v1,heuristic_proxy,False,faster-whisper/small,cardiffnlp/twitter-roberta-base-sentiment-latest
en_AU_Health_1592677,22,customer,channel2,7,92.92,98.44,"I'd really prefer to see Dr Chan if possible, I mean she knows my history,",positive,0.6053,False,False,False,False,False,5.52,0.041703,0.370148,-27.597,0.168293,2075.15,217.16,89.236,2.717,low,medium,medium,False,False,False,False,False,positive,low,0,no strong signal,low,NO_STRONG_SIGNAL,en_AU_Health_1592677:turn:22,1.0,1.0.0,conversation_risk_v1,heuristic_proxy,False,faster-whisper/small,cardiffnlp/twitter-roberta-base-sentiment-latest
en_AU_Health_1592677,23,customer,channel2,8,98.44,104.0,we've been working together to make sure that the dosage is right so do you know,neutral,0.7876,False,False,False,False,False,5.56,0.051763,0.456696,-25.72,0.145558,1863.547,202.235,88.319,2.878,medium,high,medium,False,False,False,False,False,neutral,medium,5,medium customer vocal intensity,low,CUST_MEDIUM_VOCAL_INTENSITY,en_AU_Health_1592677:turn:23,1.0,1.0.0,conversation_risk_v1,heuristic_proxy,False,faster-whisper/small,cardiffnlp/twitter-roberta-base-sentiment-latest
en_AU_Health_1592677,24,customer,channel2,9,104.0,107.36,if she's available this week?,neutral,0.9428,False,False,False,False,False,3.36,0.032612,0.305664,-29.733,0.137272,2095.714,220.331,123.469,1.488,low,low,medium,False,False,False,False,False,neutral,low,0,no strong signal,low,NO_STRONG_SIGNAL,en_AU_Health_1592677:turn:24,1.0,1.0.0,conversation_risk_v1,heuristic_proxy,False,faster-whisper/small,cardiffnlp/twitter-roberta-base-sentiment-latest
en_AU_Health_1592677,25,agent,channel1,16,106.44,109.96,Let me just have a quick look at her roster for you.,neutral,0.9186,False,False,False,False,False,3.52,0.047893,0.431305,-26.395,0.086888,1163.947,207.481,105.089,3.409,low,high,medium,False,False,False,False,False,neutral,medium,0,no strong signal,low,NO_STRONG_SIGNAL,en_AU_Health_1592677:turn:25,1.0,1.0.0,conversation_risk_v1,heuristic_proxy,False,faster-whisper/small,cardiffnlp/twitter-roberta-base-sentiment-latest
en_AU_Health_1592677,26,agent,channel1,17,109.96,117.04,"Okay, so Dr Chen is quite booked up this week, but I do have a cancellation on Thursday afternoon",neutral,0.7994,False,False,False,False,False,7.08,0.087946,0.710571,-21.116,0.115197,1279.774,209.828,79.284,2.684,high,medium,medium,False,False,False,False,False,neutral,medium,0,no strong signal,low,NO_STRONG_SIGNAL,en_AU_Health_1592677:turn:26,1.0,1.0.0,conversation_risk_v1,heuristic_proxy,False,faster-whisper/small,cardiffnlp/twitter-roberta-base-sentiment-latest
en_AU_Health_1592677,27,customer,channel2,10,112.76,128.04,"Thursday at 315, yeah, I can make that work, I'll just have to leave work a bit",positive,0.6717,False,False,False,False,False,15.28,0.054257,0.656525,-25.311,0.103038,1810.884,288.325,119.468,1.113,medium,low,high,False,False,False,False,False,positive,medium,5,medium customer vocal intensity,low,CUST_MEDIUM_VOCAL_INTENSITY,en_AU_Health_1592677:turn:27,1.0,1.0.0,conversation_risk_v1,heuristic_proxy,False,faster-whisper/small,cardiffnlp/twitter-roberta-base-sentiment-latest
en_AU_Health_1592677,28,agent,channel1,18,117.04,118.04,at 3.15pm.,neutral,0.932,False,False,False,False,False,1.0,0.041607,0.224518,-27.617,0.129288,1427.608,167.824,65.045,2.0,low,medium,low,False,False,False,False,False,neutral,low,0,no strong signal,low,NO_STRONG_SIGNAL,en_AU_Health_1592677:turn:28,1.0,1.0.0,conversation_risk_v1,heuristic_proxy,False,faster-whisper/small,cardiffnlp/twitter-roberta-base-sentiment-latest
en_AU_Health_1592677,29,agent,channel1,19,118.04,124.04,Does that work for you?,neutral,0.9103,False,False,True,False,False,6.0,0.046333,0.618774,-26.682,0.029653,734.293,277.484,141.434,0.833,low,low,high,False,False,True,False,False,neutral,medium,0,agent probing question detected,low,AGENT_PROBING,en_AU_Health_1592677:turn:29,1.0,1.0.0,conversation_risk_v1,heuristic_proxy,False,faster-whisper/small,cardiffnlp/twitter-roberta-base-sentiment-latest
en_AU_Health_1592677,30,agent,channel1,20,124.04,136.28,"Wonderful, I'll pop you down for Thursday 12th at 3.15pm with Dr Chen.",positive,0.978,False,False,False,False,False,12.24,0.054495,0.699219,-25.273,0.052629,887.462,266.052,127.461,1.062,medium,low,high,False,False,False,False,False,positive,medium,0,no strong signal,low,NO_STRONG_SIGNAL,en_AU_Health_1592677:turn:30,1.0,1.0.0,conversation_risk_v1,heuristic_proxy,False,faster-whisper/small,cardiffnlp/twitter-roberta-base-sentiment-latest
en_AU_Health_1592677,31,customer,channel2,11,128.04,131.68,early but that should be fine.,positive,0.6852,False,False,False,False,False,3.64,0.037599,0.30127,-28.496,0.092893,1623.375,223.978,107.732,1.648,low,low,medium,False,False,False,False,False,positive,low,0,no strong signal,low,NO_STRONG_SIGNAL,en_AU_Health_1592677:turn:31,1.0,1.0.0,conversation_risk_v1,heuristic_proxy,False,faster-whisper/small,cardiffnlp/twitter-roberta-base-sentiment-latest
en_AU_Health_1592677,32,customer,channel2,12,131.68,152.56,"Yeah, yeah it is, it doesn't expire until next year, yeah actually there is, I'm running",positive,0.8062,False,False,False,False,False,20.88,0.036894,0.600159,-28.661,0.085271,1788.757,270.732,133.268,0.766,low,low,high,False,False,False,False,False,positive,medium,5,medium customer vocal intensity,low,CUST_MEDIUM_VOCAL_INTENSITY,en_AU_Health_1592677:turn:32,1.0,1.0.0,conversation_risk_v1,heuristic_proxy,False,faster-whisper/small,cardiffnlp/twitter-roberta-base-sentiment-latest
en_AU_Health_1592677,33,agent,channel1,21,136.28,140.4,Now the appointment will be a standard consultation bulk billed with your Medicare card.,neutral,0.8775,False,False,False,False,False,4.12,0.082071,0.684479,-21.716,0.110352,1124.901,198.728,55.637,3.398,high,high,medium,False,False,False,False,False,neutral,high,0,no strong signal,low,NO_STRONG_SIGNAL,en_AU_Health_1592677:turn:33,1.0,1.0.0,conversation_risk_v1,heuristic_proxy,False,faster-whisper/small,cardiffnlp/twitter-roberta-base-sentiment-latest
en_AU_Health_1592677,34,agent,channel1,22,140.4,144.24,Is your Medicare card still valid?,neutral,0.8898,False,False,True,False,False,3.84,0.055793,0.590118,-25.068,0.058089,978.848,245.985,132.63,1.562,medium,low,high,False,False,True,False,False,neutral,medium,0,agent probing question detected,low,AGENT_PROBING,en_AU_Health_1592677:turn:34,1.0,1.0.0,conversation_risk_v1,heuristic_proxy,False,faster-whisper/small,cardiffnlp/twitter-roberta-base-sentiment-latest
en_AU_Health_1592677,35,agent,channel1,23,145.24,147.32,Perfect.,positive,0.9075,False,False,False,False,False,2.08,0.080408,0.564697,-21.894,0.059948,945.215,219.056,130.711,0.481,high,low,medium,False,False,False,False,False,positive,medium,0,no strong signal,low,NO_STRONG_SIGNAL,en_AU_Health_1592677:turn:35,1.0,1.0.0,conversation_risk_v1,heuristic_proxy,False,faster-whisper/small,cardiffnlp/twitter-roberta-base-sentiment-latest
en_AU_Health_1592677,36,agent,channel1,24,147.32,153.88,"Was there anything else you needed help with today, Maria?",neutral,0.9181,False,False,True,False,False,6.56,0.046213,0.44812,-26.705,0.046007,877.649,257.575,136.27,1.524,low,low,high,False,False,True,False,False,neutral,medium,0,agent probing question detected,low,AGENT_PROBING,en_AU_Health_1592677:turn:36,1.0,1.0.0,conversation_risk_v1,heuristic_proxy,False,faster-whisper/small,cardiffnlp/twitter-roberta-base-sentiment-latest
en_AU_Health_1592677,37,customer,channel2,13,152.56,157.16,low on my blood pressure medication and like I've only got about three or four,neutral,0.5355,False,False,False,False,False,4.6,0.078079,0.507477,-22.149,0.118693,1647.503,227.37,68.399,3.261,high,high,high,False,False,False,False,False,neutral,high,15,high customer vocal intensity,low,CUST_HIGH_VOCAL_INTENSITY,en_AU_Health_1592677:turn:37,1.0,1.0.0,conversation_risk_v1,heuristic_proxy,False,faster-whisper/small,cardiffnlp/twitter-roberta-base-sentiment-latest
en_AU_Health_1592677,38,agent,channel1,25,153.88,168.08,"Yeah, look, we definitely don't want you running out of your medication before your appointment.",negative,0.7215,False,False,False,False,False,14.2,0.034868,0.574219,-29.151,0.03169,777.027,276.446,137.371,1.056,low,low,high,False,False,False,False,False,negative,medium,8,negative agent sentiment,low,AGENT_NEGATIVE_SENTIMENT,en_AU_Health_1592677:turn:38,1.0,1.0.0,conversation_risk_v1,heuristic_proxy,False,faster-whisper/small,cardiffnlp/twitter-roberta-base-sentiment-latest
en_AU_Health_1592677,39,customer,channel2,14,157.16,161.4,"doses left and I don't think that'll last me until next, until this",negative,0.7094,False,False,False,False,False,4.24,0.052358,0.495697,-25.62,0.161217,1981.626,205.567,82.334,3.066,medium,high,medium,False,False,False,False,False,negative,medium,20,negative customer sentiment | medium customer vocal intensity,low,CUST_NEGATIVE_SENTIMENT|CUST_MEDIUM_VOCAL_INTENSITY,en_AU_Health_1592677:turn:39,1.0,1.0.0,conversation_risk_v1,heuristic_proxy,False,faster-whisper/small,cardiffnlp/twitter-roberta-base-sentiment-latest
en_AU_Health_1592677,40,customer,channel2,15,161.4,164.8,"Thursday, until the appointment.",neutral,0.9133,False,False,False,False,False,3.4,0.028525,0.261536,-30.895,0.096862,1602.501,231.234,133.696,1.176,low,low,high,False,False,False,False,False,neutral,medium,5,medium customer vocal intensity,low,CUST_MEDIUM_VOCAL_INTENSITY,en_AU_Health_1592677:turn:40,1.0,1.0.0,conversation_risk_v1,heuristic_proxy,False,faster-whisper/small,cardiffnlp/twitter-roberta-base-sentiment-latest
en_AU_Health_1592677,41,agent,channel1,26,168.08,175.08,What medication are you currently on?,neutral,0.9495,False,False,True,False,False,7.0,0.033264,0.515594,-29.561,0.031856,806.38,280.744,139.861,0.857,low,low,high,False,False,True,False,False,neutral,medium,0,agent probing question detected,low,AGENT_PROBING,en_AU_Health_1592677:turn:41,1.0,1.0.0,conversation_risk_v1,heuristic_proxy,False,faster-whisper/small,cardiffnlp/twitter-roberta-base-sentiment-latest
en_AU_Health_1592677,42,customer,channel2,16,172.24,178.32,"I can't think of the name, oh that's right it's the one that I find hard to",negative,0.7686,False,False,False,False,False,6.08,0.062253,0.488953,-24.117,0.162097,2006.735,206.581,70.725,2.796,medium,medium,medium,False,False,False,False,False,negative,medium,20,negative customer sentiment | medium customer vocal intensity,low,CUST_NEGATIVE_SENTIMENT|CUST_MEDIUM_VOCAL_INTENSITY,en_AU_Health_1592677:turn:42,1.0,1.0.0,conversation_risk_v1,heuristic_proxy,False,faster-whisper/small,cardiffnlp/twitter-roberta-base-sentiment-latest
en_AU_Health_1592677,43,agent,channel1,27,175.08,191.88,"All right, okay, print of rule, yeah, five milligrams.",neutral,0.5796,False,False,False,False,False,16.8,0.071882,0.999969,-22.868,0.029478,787.8,277.88,138.848,0.536,medium,low,high,False,False,False,False,False,neutral,medium,0,no strong signal,low,NO_STRONG_SIGNAL,en_AU_Health_1592677:turn:43,1.0,1.0.0,conversation_risk_v1,heuristic_proxy,False,faster-whisper/small,cardiffnlp/twitter-roberta-base-sentiment-latest
en_AU_Health_1592677,44,customer,channel2,17,178.32,186.12,"pronounce. Penindipril, five milligrams, that's right, yeah I take one tablet",neutral,0.6023,False,False,False,False,False,7.8,0.068364,0.550476,-23.303,0.147461,1834.3,208.548,81.673,1.41,medium,low,medium,False,False,False,False,False,neutral,medium,5,medium customer vocal intensity,low,CUST_MEDIUM_VOCAL_INTENSITY,en_AU_Health_1592677:turn:44,1.0,1.0.0,conversation_risk_v1,heuristic_proxy,False,faster-whisper/small,cardiffnlp/twitter-roberta-base-sentiment-latest
en_AU_Health_1592677,45,customer,channel2,18,186.12,188.64,every morning.,neutral,0.7383,False,False,False,False,False,2.52,0.022618,0.310974,-32.911,0.124747,1680.472,221.192,125.149,0.794,low,low,medium,False,False,False,False,False,neutral,low,0,no strong signal,low,NO_STRONG_SIGNAL,en_AU_Health_1592677:turn:45,1.0,1.0.0,conversation_risk_v1,heuristic_proxy,False,faster-whisper/small,cardiffnlp/twitter-roberta-base-sentiment-latest
en_AU_Health_1592677,46,agent,channel1,28,191.88,195.72,"And you've been taking this with, so you've been taking this since your last appointment",neutral,0.876,False,False,False,False,False,3.84,0.093328,0.716614,-20.6,0.16441,1778.12,211.251,70.241,3.906,high,high,medium,False,False,False,False,False,neutral,high,0,no strong signal,low,NO_STRONG_SIGNAL,en_AU_Health_1592677:turn:46,1.0,1.0.0,conversation_risk_v1,heuristic_proxy,False,faster-whisper/small,cardiffnlp/twitter-roberta-base-sentiment-latest
en_AU_Health_1592677,47,customer,channel2,19,192.4,202.24,"Yeah that's right, so she adjusted the dose back then and I've been on this for",neutral,0.8637,False,False,False,False,False,9.84,0.043994,0.483826,-27.132,0.128026,2082.599,246.285,114.46,1.626,low,low,high,False,False,False,False,False,neutral,medium,5,medium customer vocal intensity,low,CUST_MEDIUM_VOCAL_INTENSITY,en_AU_Health_1592677:turn:47,1.0,1.0.0,conversation_risk_v1,heuristic_proxy,False,faster-whisper/small,cardiffnlp/twitter-roberta-base-sentiment-latest
en_AU_Health_1592677,48,agent,channel1,29,195.72,200.36,with Dr Chen.,neutral,0.8379,False,False,False,False,False,4.64,0.019234,0.293396,-34.319,0.02708,847.177,278.758,142.944,0.647,low,low,high,False,False,False,False,False,neutral,medium,0,no strong signal,low,NO_STRONG_SIGNAL,en_AU_Health_1592677:turn:48,1.0,1.0.0,conversation_risk_v1,heuristic_proxy,False,faster-whisper/small,cardiffnlp/twitter-roberta-base-sentiment-latest
en_AU_Health_1592677,49,agent,channel1,30,200.36,205.12,"Okay, great.",positive,0.9292,False,False,False,False,False,4.76,0.034006,0.33493,-29.369,0.043388,994.627,295.241,138.462,0.42,low,low,high,False,False,False,False,False,positive,medium,0,no strong signal,low,NO_STRONG_SIGNAL,en_AU_Health_1592677:turn:49,1.0,1.0.0,conversation_risk_v1,heuristic_proxy,False,faster-whisper/small,cardiffnlp/twitter-roberta-base-sentiment-latest
en_AU_Health_1592677,50,customer,channel2,20,202.24,205.24,about six weeks now.,neutral,0.9271,False,False,False,False,False,3.0,0.018649,0.323853,-34.587,0.157756,2080.201,194.474,114.582,1.333,low,low,medium,False,False,False,False,False,neutral,low,0,no strong signal,low,NO_STRONG_SIGNAL,en_AU_Health_1592677:turn:50,1.0,1.0.0,conversation_risk_v1,heuristic_proxy,False,faster-whisper/small,cardiffnlp/twitter-roberta-base-sentiment-latest
en_AU_Health_1592677,51,agent,channel1,31,205.12,207.8,So you need a repeat prescription.,neutral,0.7375,False,False,False,False,False,2.68,0.119409,0.827637,-18.459,0.114409,1291.36,189.188,67.086,2.239,high,medium,medium,False,False,False,False,False,neutral,medium,0,no strong signal,low,NO_STRONG_SIGNAL,en_AU_Health_1592677:turn:51,1.0,1.0.0,conversation_risk_v1,heuristic_proxy,False,faster-whisper/small,cardiffnlp/twitter-roberta-base-sentiment-latest
en_AU_Health_1592677,52,customer,channel2,21,205.24,227.36,"Hmm, can you send it to Placeline Pharmacy in Westfield Bondi Junction, that's why I",neutral,0.918,False,False,False,False,False,22.12,0.035611,0.573212,-28.968,0.096354,2027.305,262.114,134.671,0.678,low,low,high,False,False,False,False,False,neutral,medium,5,medium customer vocal intensity,low,CUST_MEDIUM_VOCAL_INTENSITY,en_AU_Health_1592677:turn:52,1.0,1.0.0,conversation_risk_v1,heuristic_proxy,False,faster-whisper/small,cardiffnlp/twitter-roberta-base-sentiment-latest
en_AU_Health_1592677,53,agent,channel1,32,207.8,212.08,What I can do is send a message through to Dr Chen to approve a script for you.,neutral,0.9037,False,False,True,False,False,4.28,0.06621,0.611023,-23.581,0.161355,1655.889,195.103,78.989,4.206,medium,high,medium,False,False,True,False,False,neutral,medium,0,agent probing question detected,low,AGENT_PROBING,en_AU_Health_1592677:turn:53,1.0,1.0.0,conversation_risk_v1,heuristic_proxy,False,faster-whisper/small,cardiffnlp/twitter-roberta-base-sentiment-latest
en_AU_Health_1592677,54,agent,channel1,33,212.08,215.84,"Since you're coming in on Thursday anyway, she'll likely be happy to authorize a repeat",positive,0.6509,False,False,False,False,False,3.76,0.098703,0.702728,-20.113,0.09476,1109.581,194.115,56.716,3.989,high,high,medium,False,False,False,False,False,positive,high,0,no strong signal,low,NO_STRONG_SIGNAL,en_AU_Health_1592677:turn:54,1.0,1.0.0,conversation_risk_v1,heuristic_proxy,False,faster-whisper/small,cardiffnlp/twitter-roberta-base-sentiment-latest
en_AU_Health_1592677,55,agent,channel1,34,215.84,217.76,to tide you over.,neutral,0.6175,False,False,False,False,False,1.92,0.096384,0.814758,-20.32,0.114066,1313.68,196.019,84.385,2.083,high,medium,medium,False,False,False,False,False,neutral,medium,0,no strong signal,low,NO_STRONG_SIGNAL,en_AU_Health_1592677:turn:55,1.0,1.0.0,conversation_risk_v1,heuristic_proxy,False,faster-whisper/small,cardiffnlp/twitter-roberta-base-sentiment-latest
en_AU_Health_1592677,56,agent,channel1,35,217.76,224.76,Which pharmacy would you like us to send the script to?,neutral,0.9474,False,False,True,False,False,7.0,0.051201,0.72287,-25.814,0.077931,1165.171,263.318,137.969,1.571,low,low,high,False,False,True,False,False,neutral,medium,0,agent probing question detected,low,AGENT_PROBING,en_AU_Health_1592677:turn:56,1.0,1.0.0,conversation_risk_v1,heuristic_proxy,False,faster-whisper/small,cardiffnlp/twitter-roberta-base-sentiment-latest
en_AU_Health_1592677,57,agent,channel1,36,224.76,226.28,Absolutely.,neutral,0.4856,False,False,False,False,False,1.52,3.4e-05,0.000427,-89.294,0.011729,800.243,333.244,121.456,0.658,low,low,high,False,False,False,False,False,neutral,medium,0,no strong signal,low,NO_STRONG_SIGNAL,en_AU_Health_1592677:turn:57,1.0,1.0.0,conversation_risk_v1,heuristic_proxy,False,faster-whisper/small,cardiffnlp/twitter-roberta-base-sentiment-latest
en_AU_Health_1592677,58,agent,channel1,37,226.28,235.96,"Now, is that the one on level two, near the Woolies entrance?",neutral,0.9418,False,False,True,False,False,9.68,0.057655,0.807709,-24.783,0.052783,942.912,273.081,132.815,1.24,medium,low,high,False,False,True,False,False,neutral,medium,0,agent probing question detected,low,AGENT_PROBING,en_AU_Health_1592677:turn:58,1.0,1.0.0,conversation_risk_v1,heuristic_proxy,False,faster-whisper/small,cardiffnlp/twitter-roberta-base-sentiment-latest
en_AU_Health_1592677,59,customer,channel2,22,227.36,237.0,"don't normally pick up my scripts, yeah that's the one, exactly, that's, yeah they",neutral,0.6844,False,False,False,False,False,9.64,0.044884,0.602814,-26.958,0.140762,2097.038,225.472,122.69,1.452,low,low,high,False,False,False,False,False,neutral,medium,5,medium customer vocal intensity,low,CUST_MEDIUM_VOCAL_INTENSITY,en_AU_Health_1592677:turn:59,1.0,1.0.0,conversation_risk_v1,heuristic_proxy,False,faster-whisper/small,cardiffnlp/twitter-roberta-base-sentiment-latest
en_AU_Health_1592677,60,agent,channel1,38,235.96,240.68,"Perfect, I'll note that down.",positive,0.9478,False,False,False,False,False,4.72,0.069142,0.653198,-23.205,0.055337,931.268,270.08,132.061,1.059,medium,low,high,False,False,False,False,False,positive,medium,0,no strong signal,low,NO_STRONG_SIGNAL,en_AU_Health_1592677:turn:60,1.0,1.0.0,conversation_risk_v1,heuristic_proxy,False,faster-whisper/small,cardiffnlp/twitter-roberta-base-sentiment-latest
en_AU_Health_1592677,61,customer,channel2,23,237.0,239.48,know me there.,neutral,0.8087,False,False,False,False,False,2.48,0.028,0.330292,-31.057,0.119635,2081.772,237.061,122.399,1.21,low,low,high,False,False,False,False,False,neutral,medium,5,medium customer vocal intensity,low,CUST_MEDIUM_VOCAL_INTENSITY,en_AU_Health_1592677:turn:61,1.0,1.0.0,conversation_risk_v1,heuristic_proxy,False,faster-whisper/small,cardiffnlp/twitter-roberta-base-sentiment-latest
en_AU_Health_1592677,62,customer,channel2,24,239.48,256.6,"Oh, that would be fantastic, thank you so much.",positive,0.9789,False,False,False,False,False,17.12,0.024561,0.420166,-32.195,0.08957,1974.546,268.388,140.446,0.526,low,low,high,False,False,False,False,False,positive,medium,5,medium customer vocal intensity,low,CUST_MEDIUM_VOCAL_INTENSITY,en_AU_Health_1592677:turn:62,1.0,1.0.0,conversation_risk_v1,heuristic_proxy,False,faster-whisper/small,cardiffnlp/twitter-roberta-base-sentiment-latest
en_AU_Health_1592677,63,agent,channel1,39,240.68,245.36,"Now because you're running low, I'll mark this as urgent for Dr Chen to review.",neutral,0.7242,False,False,False,False,False,4.68,0.096216,0.733887,-20.335,0.114992,1308.374,206.48,76.899,3.205,high,high,medium,False,False,False,False,False,neutral,high,0,no strong signal,low,NO_STRONG_SIGNAL,en_AU_Health_1592677:turn:63,1.0,1.0.0,conversation_risk_v1,heuristic_proxy,False,faster-whisper/small,cardiffnlp/twitter-roberta-base-sentiment-latest
en_AU_Health_1592677,64,agent,channel1,40,245.36,248.28,"She usually checks these first thing in the morning, so with any luck, you should get a",neutral,0.6342,False,False,False,False,False,2.92,0.097087,0.573517,-20.257,0.15426,1596.317,230.06,71.974,5.822,high,high,high,False,False,False,False,False,neutral,high,0,no strong signal,low,NO_STRONG_SIGNAL,en_AU_Health_1592677:turn:64,1.0,1.0.0,conversation_risk_v1,heuristic_proxy,False,faster-whisper/small,cardiffnlp/twitter-roberta-base-sentiment-latest
en_AU_Health_1592677,65,agent,channel1,41,248.28,253.36,text from the pharmacy tomorrow saying your script is ready to collect.,neutral,0.6554,False,False,False,False,False,5.08,0.056253,0.477448,-24.997,0.110081,1351.206,230.948,119.995,2.362,medium,medium,high,False,False,False,False,False,neutral,medium,0,no strong signal,low,NO_STRONG_SIGNAL,en_AU_Health_1592677:turn:65,1.0,1.0.0,conversation_risk_v1,heuristic_proxy,False,faster-whisper/small,cardiffnlp/twitter-roberta-base-sentiment-latest
en_AU_Health_1592677,66,agent,channel1,42,253.36,258.48,"Excellent, no worries, look, you're very welcome.",positive,0.9844,False,False,False,False,False,5.12,0.084961,0.790222,-21.416,0.062552,936.981,230.591,129.155,1.367,high,low,high,False,False,False,False,False,positive,high,0,no strong signal,low,NO_STRONG_SIGNAL,en_AU_Health_1592677:turn:66,1.0,1.0.0,conversation_risk_v1,heuristic_proxy,False,faster-whisper/small,cardiffnlp/twitter-roberta-base-sentiment-latest
en_AU_Health_1592677,67,customer,channel2,25,256.6,273.84,"Yeah, of course, no worries, look I've got both of those in my handbag.",positive,0.9019,False,False,False,False,False,17.24,0.032964,0.646637,-29.639,0.078842,1789.364,271.733,134.505,0.812,low,low,high,False,False,False,False,False,positive,medium,5,medium customer vocal intensity,low,CUST_MEDIUM_VOCAL_INTENSITY,en_AU_Health_1592677:turn:67,1.0,1.0.0,conversation_risk_v1,heuristic_proxy,False,faster-whisper/small,cardiffnlp/twitter-roberta-base-sentiment-latest
en_AU_Health_1592677,68,agent,channel1,43,258.48,262.48,"The pharmacy will send the script electronically, so you'll just need to show your driver's",neutral,0.8745,False,False,False,False,False,4.0,0.08183,0.566803,-21.742,0.139707,1520.095,209.593,69.843,3.75,high,high,medium,False,False,False,False,False,neutral,high,0,no strong signal,low,NO_STRONG_SIGNAL,en_AU_Health_1592677:turn:68,1.0,1.0.0,conversation_risk_v1,heuristic_proxy,False,faster-whisper/small,cardiffnlp/twitter-roberta-base-sentiment-latest
en_AU_Health_1592677,69,agent,channel1,44,262.48,265.48,license or proof of identity when you pick it up.,neutral,0.8856,False,False,False,False,False,3.0,0.086938,0.636963,-21.216,0.136443,1380.734,188.029,76.468,3.333,high,high,medium,False,False,False,False,False,neutral,high,0,no strong signal,low,NO_STRONG_SIGNAL,en_AU_Health_1592677:turn:69,1.0,1.0.0,conversation_risk_v1,heuristic_proxy,False,faster-whisper/small,cardiffnlp/twitter-roberta-base-sentiment-latest
en_AU_Health_1592677,70,agent,channel1,45,265.48,270.48,"And obviously bring in your Medicare card, please.",neutral,0.7752,False,False,False,False,False,5.0,0.055695,0.899536,-25.084,0.097264,1260.159,243.835,133.577,1.6,medium,low,high,False,False,False,False,False,neutral,medium,0,no strong signal,low,NO_STRONG_SIGNAL,en_AU_Health_1592677:turn:70,1.0,1.0.0,conversation_risk_v1,heuristic_proxy,False,faster-whisper/small,cardiffnlp/twitter-roberta-base-sentiment-latest
en_AU_Health_1592677,71,agent,channel1,46,270.48,272.48,Brilliant.,positive,0.9319,False,False,False,False,False,2.0,4.4e-05,0.000885,-87.209,0.011471,777.689,326.508,130.045,0.5,low,low,high,False,False,False,False,False,positive,medium,0,no strong signal,low,NO_STRONG_SIGNAL,en_AU_Health_1592677:turn:71,1.0,1.0.0,conversation_risk_v1,heuristic_proxy,False,faster-whisper/small,cardiffnlp/twitter-roberta-base-sentiment-latest
en_AU_Health_1592677,72,agent,channel1,47,272.6,277.6,"Well now, for your appointment on Thursday, did you need to know if there's any documents",neutral,0.884,False,False,False,False,False,5.0,0.096319,0.671295,-20.326,0.094714,1250.452,227.208,78.711,3.2,high,high,high,False,False,False,False,False,neutral,high,0,no strong signal,low,NO_STRONG_SIGNAL,en_AU_Health_1592677:turn:72,1.0,1.0.0,conversation_risk_v1,heuristic_proxy,False,faster-whisper/small,cardiffnlp/twitter-roberta-base-sentiment-latest
en_AU_Health_1592677,73,agent,channel1,48,277.6,290.6,or anything you need to bring?,neutral,0.9122,False,False,True,False,False,13.0,0.016145,0.258636,-35.839,0.024019,847.425,304.207,135.321,0.462,low,low,high,False,False,True,False,False,neutral,medium,0,agent probing question detected,low,AGENT_PROBING,en_AU_Health_1592677:turn:73,1.0,1.0.0,conversation_risk_v1,heuristic_proxy,False,faster-whisper/small,cardiffnlp/twitter-roberta-base-sentiment-latest
en_AU_Health_1592677,74,customer,channel2,26,279.44,284.8,"Yeah, actually do I need to bring anything with me, like I wasn't sure if I",neutral,0.7831,False,False,False,False,False,5.36,0.062024,0.393097,-24.149,0.122559,1933.151,265.108,77.492,2.985,medium,high,high,False,False,False,False,False,neutral,high,15,high customer vocal intensity,low,CUST_HIGH_VOCAL_INTENSITY,en_AU_Health_1592677:turn:74,1.0,1.0.0,conversation_risk_v1,heuristic_proxy,False,faster-whisper/small,cardiffnlp/twitter-roberta-base-sentiment-latest
en_AU_Health_1592677,75,customer,channel2,27,284.84,291.48,need my referral or like any test results or anything like that.,neutral,0.738,False,False,False,False,False,6.64,0.03251,0.26709,-29.76,0.133482,1798.73,217.228,108.2,1.807,low,medium,medium,False,False,False,False,False,neutral,low,0,no strong signal,low,NO_STRONG_SIGNAL,en_AU_Health_1592677:turn:75,1.0,1.0.0,conversation_risk_v1,heuristic_proxy,False,faster-whisper/small,cardiffnlp/twitter-roberta-base-sentiment-latest
en_AU_Health_1592677,76,agent,channel1,49,290.6,291.6,Good question.,positive,0.7049,False,False,False,False,False,1.0,0.092131,0.627533,-20.712,0.133453,1321.36,172.989,66.19,2.0,high,medium,low,False,False,False,False,False,positive,medium,0,no strong signal,low,NO_STRONG_SIGNAL,en_AU_Health_1592677:turn:76,1.0,1.0.0,conversation_risk_v1,heuristic_proxy,False,faster-whisper/small,cardiffnlp/twitter-roberta-base-sentiment-latest
en_AU_Health_1592677,77,agent,channel1,50,291.6,294.6,"So for a follow-up appointment, you don't need a new referral.",neutral,0.8416,False,False,False,False,False,3.0,0.097212,0.555237,-20.246,0.090555,955.646,182.444,59.591,3.667,high,high,low,False,False,False,False,False,neutral,high,0,no strong signal,low,NO_STRONG_SIGNAL,en_AU_Health_1592677:turn:77,1.0,1.0.0,conversation_risk_v1,heuristic_proxy,False,faster-whisper/small,cardiffnlp/twitter-roberta-base-sentiment-latest
en_AU_Health_1592677,78,agent,channel1,51,294.6,296.6,That's only if you're seeing a specialist.,neutral,0.8503,False,False,False,False,False,2.0,0.088681,0.591003,-21.043,0.148275,1621.072,195.266,79.517,3.5,high,high,medium,False,False,False,False,False,neutral,high,0,no strong signal,low,NO_STRONG_SIGNAL,en_AU_Health_1592677:turn:78,1.0,1.0.0,conversation_risk_v1,heuristic_proxy,False,faster-whisper/small,cardiffnlp/twitter-roberta-base-sentiment-latest
en_AU_Health_1592677,79,agent,channel1,52,296.72,302.72,"But if you've had any blood tests or any tests done since your last visit, definitely bring",neutral,0.8106,False,False,False,False,False,6.0,0.116433,0.963257,-18.679,0.150017,1679.096,200.697,85.139,2.833,high,high,medium,False,False,False,False,False,neutral,high,0,no strong signal,low,NO_STRONG_SIGNAL,en_AU_Health_1592677:turn:79,1.0,1.0.0,conversation_risk_v1,heuristic_proxy,False,faster-whisper/small,cardiffnlp/twitter-roberta-base-sentiment-latest
en_AU_Health_1592677,80,agent,channel1,53,302.72,304.72,those results with you.,neutral,0.7425,False,False,False,False,False,2.0,0.091353,0.722595,-20.786,0.086519,1210.769,209.506,62.375,2.0,high,medium,medium,False,False,False,False,False,neutral,medium,0,no strong signal,low,NO_STRONG_SIGNAL,en_AU_Health_1592677:turn:80,1.0,1.0.0,conversation_risk_v1,heuristic_proxy,False,faster-whisper/small,cardiffnlp/twitter-roberta-base-sentiment-latest
en_AU_Health_1592677,81,agent,channel1,54,304.72,318.72,Have you had any recent pathology work since your last appointment?,neutral,0.9532,False,False,True,False,False,14.0,0.05392,0.973236,-25.365,0.035536,838.486,290.039,129.898,0.786,medium,low,high,False,False,True,False,False,neutral,medium,0,agent probing question detected,low,AGENT_PROBING,en_AU_Health_1592677:turn:81,1.0,1.0.0,conversation_risk_v1,heuristic_proxy,False,faster-whisper/small,cardiffnlp/twitter-roberta-base-sentiment-latest
en_AU_Health_1592677,82,customer,channel2,28,308.16,313.72,"Yeah, actually I did, I went to the Douglas Hanley Moeya in Bondi about two",neutral,0.7741,False,False,False,False,False,5.56,0.053104,0.448029,-25.497,0.110043,1675.353,223.776,78.734,2.698,medium,medium,medium,False,False,False,False,False,neutral,medium,5,medium customer vocal intensity,low,CUST_MEDIUM_VOCAL_INTENSITY,en_AU_Health_1592677:turn:82,1.0,1.0.0,conversation_risk_v1,heuristic_proxy,False,faster-whisper/small,cardiffnlp/twitter-roberta-base-sentiment-latest
en_AU_Health_1592677,83,customer,channel2,29,313.76,319.64,"weeks ago for a blood test, should I bring those results with me?",neutral,0.8961,False,False,False,False,False,5.88,0.038675,0.383301,-28.251,0.199208,2435.55,189.802,100.299,2.211,low,medium,medium,False,False,False,False,False,neutral,low,0,no strong signal,low,NO_STRONG_SIGNAL,en_AU_Health_1592677:turn:83,1.0,1.0.0,conversation_risk_v1,heuristic_proxy,False,faster-whisper/small,cardiffnlp/twitter-roberta-base-sentiment-latest
en_AU_Health_1592677,84,agent,channel1,55,318.72,321.72,"Look, if you have a copy, sorry, that would be great.",positive,0.8388,False,False,False,False,False,3.0,0.091082,0.687439,-20.811,0.097765,1076.898,178.998,68.308,3.667,high,high,low,False,False,False,False,False,positive,high,0,no strong signal,low,NO_STRONG_SIGNAL,en_AU_Health_1592677:turn:84,1.0,1.0.0,conversation_risk_v1,heuristic_proxy,False,faster-whisper/small,cardiffnlp/twitter-roberta-base-sentiment-latest
en_AU_Health_1592677,85,agent,channel1,56,321.72,324.72,Chances are Dr Chen will already have them in the system.,neutral,0.8948,False,False,False,False,False,3.0,0.05707,0.483276,-24.872,0.158998,1497.411,171.394,62.105,3.667,medium,high,low,False,False,False,False,False,neutral,medium,0,no strong signal,low,NO_STRONG_SIGNAL,en_AU_Health_1592677:turn:85,1.0,1.0.0,conversation_risk_v1,heuristic_proxy,False,faster-whisper/small,cardiffnlp/twitter-roberta-base-sentiment-latest
en_AU_Health_1592677,86,agent,channel1,57,324.72,329.72,"Pathology labs usually send results directly to us electronically anyway, but it never hurts",neutral,0.5657,False,False,False,False,False,5.0,0.09308,0.682587,-20.623,0.117729,1365.099,180.687,75.682,2.8,high,medium,low,False,False,False,False,False,neutral,medium,0,no strong signal,low,NO_STRONG_SIGNAL,en_AU_Health_1592677:turn:86,1.0,1.0.0,conversation_risk_v1,heuristic_proxy,False,faster-whisper/small,cardiffnlp/twitter-roberta-base-sentiment-latest
en_AU_Health_1592677,87,agent,channel1,58,329.72,337.72,to bring a copy just in case there's been a delay.,neutral,0.8696,False,False,False,False,False,8.0,0.025873,0.455353,-31.743,0.0437,869.134,264.833,143.677,1.375,low,low,high,False,False,False,False,False,neutral,medium,0,no strong signal,low,NO_STRONG_SIGNAL,en_AU_Health_1592677:turn:87,1.0,1.0.0,conversation_risk_v1,heuristic_proxy,False,faster-whisper/small,cardiffnlp/twitter-roberta-base-sentiment-latest
en_AU_Health_1592677,88,customer,channel2,30,331.96,336.44,"Okay, I didn't know that, look I'll print them off from the website and I'll bring",neutral,0.753,False,False,False,False,False,4.48,0.061331,0.484253,-24.246,0.129561,1800.561,239.904,90.729,3.571,medium,high,high,False,False,False,False,False,neutral,high,15,high customer vocal intensity,low,CUST_HIGH_VOCAL_INTENSITY,en_AU_Health_1592677:turn:88,1.0,1.0.0,conversation_risk_v1,heuristic_proxy,False,faster-whisper/small,cardiffnlp/twitter-roberta-base-sentiment-latest
en_AU_Health_1592677,89,customer,channel2,31,336.44,338.76,them along.,neutral,0.7985,False,False,False,False,False,2.32,0.011793,0.113892,-38.567,0.132552,2310.092,166.652,123.293,0.862,low,low,low,False,False,False,False,False,neutral,low,0,no strong signal,low,NO_STRONG_SIGNAL,en_AU_Health_1592677:turn:89,1.0,1.0.0,conversation_risk_v1,heuristic_proxy,False,faster-whisper/small,cardiffnlp/twitter-roberta-base-sentiment-latest
en_AU_Health_1592677,90,agent,channel1,59,337.72,342.72,"Perfect, and obviously bring your Medicare card and any current medications you're taking,",positive,0.7963,False,False,False,False,False,5.0,0.088806,0.794006,-21.031,0.120854,1315.102,192.539,79.658,2.6,high,medium,medium,False,False,False,False,False,positive,medium,0,no strong signal,low,NO_STRONG_SIGNAL,en_AU_Health_1592677:turn:90,1.0,1.0.0,conversation_risk_v1,heuristic_proxy,False,faster-whisper/small,cardiffnlp/twitter-roberta-base-sentiment-latest
en_AU_Health_1592677,91,agent,channel1,60,342.72,345.72,even if it's just the box of your blood pressure tablets.,neutral,0.7757,False,False,False,False,False,3.0,0.093264,0.702942,-20.606,0.179937,1741.075,189.546,79.959,3.667,high,high,medium,False,False,False,False,False,neutral,high,0,no strong signal,low,NO_STRONG_SIGNAL,en_AU_Health_1592677:turn:91,1.0,1.0.0,conversation_risk_v1,heuristic_proxy,False,faster-whisper/small,cardiffnlp/twitter-roberta-base-sentiment-latest
en_AU_Health_1592677,92,customer,channel2,32,344.68,353.88,"Yeah, of course, look I can do that, so just my Medicare card, the Perrinda",positive,0.7315,False,False,False,False,False,9.2,0.046821,0.426239,-26.591,0.092623,1778.126,283.601,114.566,1.63,low,low,high,False,False,False,False,False,positive,medium,5,medium customer vocal intensity,low,CUST_MEDIUM_VOCAL_INTENSITY,en_AU_Health_1592677:turn:92,1.0,1.0.0,conversation_risk_v1,heuristic_proxy,False,faster-whisper/small,cardiffnlp/twitter-roberta-base-sentiment-latest
en_AU_Health_1592677,93,agent,channel1,61,345.72,357.72,Dr Chen likes to double check what patients are actually taking.,neutral,0.8022,False,False,False,False,False,12.0,0.036122,0.75351,-28.845,0.047459,1074.716,280.008,138.99,0.917,low,low,high,False,False,False,False,False,neutral,medium,0,no strong signal,low,NO_STRONG_SIGNAL,en_AU_Health_1592677:turn:93,1.0,1.0.0,conversation_risk_v1,heuristic_proxy,False,faster-whisper/small,cardiffnlp/twitter-roberta-base-sentiment-latest
en_AU_Health_1592677,94,customer,channel2,33,353.88,358.68,"Pryl box and my blood test results, right?",neutral,0.9341,False,False,False,False,False,4.8,0.050957,0.474457,-25.856,0.151626,2095.809,192.914,90.843,1.667,low,low,medium,False,False,False,False,False,neutral,low,0,no strong signal,low,NO_STRONG_SIGNAL,en_AU_Health_1592677:turn:94,1.0,1.0.0,conversation_risk_v1,heuristic_proxy,False,faster-whisper/small,cardiffnlp/twitter-roberta-base-sentiment-latest
en_AU_Health_1592677,95,agent,channel1,62,357.72,358.72,That's it.,neutral,0.634,False,False,False,False,False,1.0,0.251347,0.998962,-11.995,0.097351,1197.603,247.959,81.455,2.0,high,medium,high,False,False,False,False,False,neutral,high,0,no strong signal,low,NO_STRONG_SIGNAL,en_AU_Health_1592677:turn:95,1.0,1.0.0,conversation_risk_v1,heuristic_proxy,False,faster-whisper/small,cardiffnlp/twitter-roberta-base-sentiment-latest
en_AU_Health_1592677,96,customer,channel2,34,358.68,373.96,"Yeah, I've been writing them down in that little notebook, I'll definitely bring",positive,0.6039,False,False,False,False,False,15.28,0.041724,0.577545,-27.592,0.072891,1738.047,279.052,128.588,0.851,low,low,high,False,False,False,False,False,positive,medium,5,medium customer vocal intensity,low,CUST_MEDIUM_VOCAL_INTENSITY,en_AU_Health_1592677:turn:96,1.0,1.0.0,conversation_risk_v1,heuristic_proxy,False,faster-whisper/small,cardiffnlp/twitter-roberta-base-sentiment-latest
en_AU_Health_1592677,97,agent,channel1,63,358.72,361.72,"Oh, and if you've been monitoring your blood pressure at home, you might want to bring that",neutral,0.8738,False,False,False,False,False,3.0,0.103146,0.715027,-19.731,0.085153,1115.321,209.582,61.604,5.667,high,high,medium,False,False,False,False,False,neutral,high,0,no strong signal,low,NO_STRONG_SIGNAL,en_AU_Health_1592677:turn:97,1.0,1.0.0,conversation_risk_v1,heuristic_proxy,False,faster-whisper/small,cardiffnlp/twitter-roberta-base-sentiment-latest
en_AU_Health_1592677,98,agent,channel1,64,361.72,364.72,little logbook of your readings as well.,neutral,0.8501,False,False,False,False,False,3.0,0.079996,0.681976,-21.939,0.096228,1071.698,187.411,73.288,2.333,high,medium,medium,False,False,False,False,False,neutral,medium,0,no strong signal,low,NO_STRONG_SIGNAL,en_AU_Health_1592677:turn:98,1.0,1.0.0,conversation_risk_v1,heuristic_proxy,False,faster-whisper/small,cardiffnlp/twitter-roberta-base-sentiment-latest
en_AU_Health_1592677,99,agent,channel1,65,364.72,374.72,I can see from your notes that Dr Chen asked you to track it.,neutral,0.9141,False,False,False,False,False,10.0,0.03858,0.676941,-28.273,0.049784,1046.122,281.729,133.141,1.4,low,low,high,False,False,False,False,False,neutral,medium,0,no strong signal,low,NO_STRONG_SIGNAL,en_AU_Health_1592677:turn:99,1.0,1.0.0,conversation_risk_v1,heuristic_proxy,False,faster-whisper/small,cardiffnlp/twitter-roberta-base-sentiment-latest
en_AU_Health_1592677,100,customer,channel2,35,373.96,376.24,that.,neutral,0.6763,False,False,False,False,False,2.28,0.009262,0.15387,-40.666,0.120178,2212.465,162.018,120.801,0.439,low,low,low,False,False,False,False,False,neutral,low,0,no strong signal,low,NO_STRONG_SIGNAL,en_AU_Health_1592677:turn:100,1.0,1.0.0,conversation_risk_v1,heuristic_proxy,False,faster-whisper/small,cardiffnlp/twitter-roberta-base-sentiment-latest
en_AU_Health_1592677,101,agent,channel1,66,374.72,375.72,Excellent.,positive,0.9053,False,False,False,False,False,1.0,0.098787,0.821136,-20.106,0.145645,1583.664,212.867,129.023,1.0,high,low,medium,False,False,False,False,False,positive,medium,0,no strong signal,low,NO_STRONG_SIGNAL,en_AU_Health_1592677:turn:101,1.0,1.0.0,conversation_risk_v1,heuristic_proxy,False,faster-whisper/small,cardiffnlp/twitter-roberta-base-sentiment-latest
en_AU_Health_1592677,102,agent,channel1,67,375.72,379.72,So that'll be really helpful for Dr Chen to see how you've been tracking.,positive,0.8862,False,False,False,False,False,4.0,0.101417,0.904999,-19.878,0.107755,1223.305,185.27,64.364,3.5,high,high,medium,False,False,False,False,False,positive,high,0,no strong signal,low,NO_STRONG_SIGNAL,en_AU_Health_1592677:turn:102,1.0,1.0.0,conversation_risk_v1,heuristic_proxy,False,faster-whisper/small,cardiffnlp/twitter-roberta-base-sentiment-latest
en_AU_Health_1592677,103,agent,channel1,68,379.72,381.72,"Yeah, definitely.",positive,0.6611,False,False,False,False,False,2.0,0.111908,0.963806,-19.023,0.051828,985.674,209.801,125.055,1.0,high,low,medium,False,False,False,False,False,positive,medium,0,no strong signal,low,NO_STRONG_SIGNAL,en_AU_Health_1592677:turn:103,1.0,1.0.0,conversation_risk_v1,heuristic_proxy,False,faster-whisper/small,cardiffnlp/twitter-roberta-base-sentiment-latest
en_AU_Health_1592677,104,agent,channel1,69,381.72,383.72,"Yeah, so that's just a recap.",neutral,0.844,False,False,False,False,False,2.0,0.09621,0.817261,-20.336,0.192832,1904.375,193.943,72.403,3.0,high,high,medium,False,False,False,False,False,neutral,high,0,no strong signal,low,NO_STRONG_SIGNAL,en_AU_Health_1592677:turn:104,1.0,1.0.0,conversation_risk_v1,heuristic_proxy,False,faster-whisper/small,cardiffnlp/twitter-roberta-base-sentiment-latest
en_AU_Health_1592677,105,agent,channel1,70,383.72,385.72,Bring any of those medications.,negative,0.5326,False,False,False,False,False,2.0,0.08161,0.514923,-21.765,0.114986,1384.966,161.016,60.742,2.5,high,medium,low,False,False,False,False,False,negative,medium,8,negative agent sentiment,low,AGENT_NEGATIVE_SENTIMENT,en_AU_Health_1592677:turn:105,1.0,1.0.0,conversation_risk_v1,heuristic_proxy,False,faster-whisper/small,cardiffnlp/twitter-roberta-base-sentiment-latest
en_AU_Health_1592677,106,agent,channel1,71,385.72,391.72,Print off those Douglas Hanley recent pathology results that you've got.,neutral,0.7874,False,False,False,False,False,6.0,0.062831,0.491943,-24.036,0.127106,1332.81,181.318,87.369,1.833,medium,medium,low,False,False,False,False,False,neutral,medium,0,no strong signal,low,NO_STRONG_SIGNAL,en_AU_Health_1592677:turn:106,1.0,1.0.0,conversation_risk_v1,heuristic_proxy,False,faster-whisper/small,cardiffnlp/twitter-roberta-base-sentiment-latest
en_AU_Health_1592677,107,agent,channel1,72,391.72,393.72,And of course that Medicare card.,neutral,0.5795,False,False,False,False,False,2.0,0.041602,0.478546,-27.618,0.074281,970.564,173.498,109.842,3.0,low,high,low,False,False,False,False,False,neutral,medium,0,no strong signal,low,NO_STRONG_SIGNAL,en_AU_Health_1592677:turn:107,1.0,1.0.0,conversation_risk_v1,heuristic_proxy,False,faster-whisper/small,cardiffnlp/twitter-roberta-base-sentiment-latest
en_AU_Health_1592677,108,customer,channel2,36,394.08,397.8,"Awesome, okay so just to confirm everything, I've got an appointment on",positive,0.9775,False,False,False,False,False,3.72,0.061281,0.478546,-24.253,0.136222,2062.165,224.001,71.427,3.226,medium,high,high,False,False,False,False,False,positive,high,15,high customer vocal intensity,low,CUST_HIGH_VOCAL_INTENSITY,en_AU_Health_1592677:turn:108,1.0,1.0.0,conversation_risk_v1,heuristic_proxy,False,faster-whisper/small,cardiffnlp/twitter-roberta-base-sentiment-latest
en_AU_Health_1592677,109,customer,channel2,37,397.8,405.04,"Thursday the 12th, I've got it down as 3.15 with Dr. Chen and you're gonna ask her",neutral,0.902,False,False,False,False,False,7.24,0.053311,0.51239,-25.464,0.144873,1950.704,205.612,72.638,2.348,medium,medium,medium,False,False,False,False,False,neutral,medium,5,medium customer vocal intensity,low,CUST_MEDIUM_VOCAL_INTENSITY,en_AU_Health_1592677:turn:109,1.0,1.0.0,conversation_risk_v1,heuristic_proxy,False,faster-whisper/small,cardiffnlp/twitter-roberta-base-sentiment-latest
en_AU_Health_1592677,110,agent,channel1,73,404.72,417.72,"Yeah, that's exactly right, Maria.",positive,0.853,False,False,False,False,False,13.0,0.030529,0.694794,-30.306,0.019149,858.784,307.72,135.526,0.385,low,low,high,False,False,False,False,False,positive,medium,0,no strong signal,low,NO_STRONG_SIGNAL,en_AU_Health_1592677:turn:110,1.0,1.0.0,conversation_risk_v1,heuristic_proxy,False,faster-whisper/small,cardiffnlp/twitter-roberta-base-sentiment-latest
en_AU_Health_1592677,111,customer,channel2,38,405.04,411.2,"to approve the, what do you call it, the repeat script for my blood pressure",negative,0.5397,False,False,False,False,False,6.16,0.051992,0.346832,-25.681,0.152743,1905.838,174.554,71.9,2.435,medium,medium,low,False,False,False,False,False,negative,medium,20,negative customer sentiment | medium customer vocal intensity,low,CUST_NEGATIVE_SENTIMENT|CUST_MEDIUM_VOCAL_INTENSITY,en_AU_Health_1592677:turn:111,1.0,1.0.0,conversation_risk_v1,heuristic_proxy,False,faster-whisper/small,cardiffnlp/twitter-roberta-base-sentiment-latest
en_AU_Health_1592677,112,customer,channel2,39,411.2,417.48,medication to be sent to Priceline at Westfield Bondi Junction.,neutral,0.9436,False,False,False,False,False,6.28,0.037016,0.562744,-28.632,0.138154,1952.841,224.588,108.063,1.592,low,low,high,False,False,False,False,False,neutral,medium,5,medium customer vocal intensity,low,CUST_MEDIUM_VOCAL_INTENSITY,en_AU_Health_1592677:turn:112,1.0,1.0.0,conversation_risk_v1,heuristic_proxy,False,faster-whisper/small,cardiffnlp/twitter-roberta-base-sentiment-latest
en_AU_Health_1592677,113,agent,channel1,74,417.72,421.72,So we'll also send you that SMS reminder the day before your appointment.,neutral,0.9111,False,False,False,False,False,4.0,0.088113,0.734344,-21.099,0.08791,958.457,173.995,48.256,3.25,high,high,low,False,False,False,False,False,neutral,high,0,no strong signal,low,NO_STRONG_SIGNAL,en_AU_Health_1592677:turn:113,1.0,1.0.0,conversation_risk_v1,heuristic_proxy,False,faster-whisper/small,cardiffnlp/twitter-roberta-base-sentiment-latest
en_AU_Health_1592677,114,agent,channel1,75,421.72,432.72,So please keep an eye on your phone.,neutral,0.8317,False,False,False,False,False,11.0,0.021636,0.32132,-33.296,0.019518,778.922,292.5,136.649,0.727,low,low,high,False,False,False,False,False,neutral,medium,0,no strong signal,low,NO_STRONG_SIGNAL,en_AU_Health_1592677:turn:114,1.0,1.0.0,conversation_risk_v1,heuristic_proxy,False,faster-whisper/small,cardiffnlp/twitter-roberta-base-sentiment-latest
en_AU_Health_1592677,115,customer,channel2,40,423.64,427.68,"Yeah, perfect, so what happens if the pharmacy hasn't received the script by",neutral,0.4747,False,False,False,False,False,4.04,0.057262,0.659576,-24.843,0.158949,2099.223,269.129,90.064,3.218,medium,high,high,False,False,False,False,False,neutral,high,15,high customer vocal intensity,low,CUST_HIGH_VOCAL_INTENSITY,en_AU_Health_1592677:turn:115,1.0,1.0.0,conversation_risk_v1,heuristic_proxy,False,faster-whisper/small,cardiffnlp/twitter-roberta-base-sentiment-latest
en_AU_Health_1592677,116,customer,channel2,41,427.68,434.56,"tomorrow afternoon? Like what do I do in that situation, do I call you back?",neutral,0.855,False,False,False,False,False,6.88,0.044197,0.428528,-27.092,0.16239,2115.023,180.977,76.204,2.18,low,medium,low,False,False,False,False,False,neutral,low,0,no strong signal,low,NO_STRONG_SIGNAL,en_AU_Health_1592677:turn:116,1.0,1.0.0,conversation_risk_v1,heuristic_proxy,False,faster-whisper/small,cardiffnlp/twitter-roberta-base-sentiment-latest
en_AU_Health_1592677,117,agent,channel1,76,432.72,433.72,Yeah.,neutral,0.5798,False,False,False,False,False,1.0,0.052818,0.543701,-25.544,0.043625,806.635,245.806,135.599,1.0,medium,low,high,False,False,False,False,False,neutral,medium,0,no strong signal,low,NO_STRONG_SIGNAL,en_AU_Health_1592677:turn:117,1.0,1.0.0,conversation_risk_v1,heuristic_proxy,False,faster-whisper/small,cardiffnlp/twitter-roberta-base-sentiment-latest
en_AU_Health_1592677,118,agent,channel1,77,433.72,437.72,"If you haven't heard from our price line, sorry, by tomorrow around two or three,",neutral,0.7006,False,False,False,False,False,4.0,0.100351,0.65509,-19.97,0.100249,1084.343,191.151,71.512,3.75,high,high,medium,False,False,False,False,False,neutral,high,0,no strong signal,low,NO_STRONG_SIGNAL,en_AU_Health_1592677:turn:118,1.0,1.0.0,conversation_risk_v1,heuristic_proxy,False,faster-whisper/small,cardiffnlp/twitter-roberta-base-sentiment-latest
en_AU_Health_1592677,119,agent,channel1,78,437.72,441.72,give us a call back on this number and we'll chase it up with Dr Chen.,neutral,0.9225,False,False,False,False,False,4.0,0.084688,0.840088,-21.444,0.116579,1251.206,204.855,82.269,4.0,high,high,medium,False,False,False,False,False,neutral,high,0,no strong signal,low,NO_STRONG_SIGNAL,en_AU_Health_1592677:turn:119,1.0,1.0.0,conversation_risk_v1,heuristic_proxy,False,faster-whisper/small,cardiffnlp/twitter-roberta-base-sentiment-latest
en_AU_Health_1592677,120,agent,channel1,79,441.72,443.72,"But honestly, she's usually pretty quick with these things,",positive,0.6488,False,False,False,False,False,2.0,0.073346,0.584351,-22.692,0.113273,1333.712,177.263,58.452,4.5,medium,high,low,False,False,False,False,False,positive,medium,0,no strong signal,low,NO_STRONG_SIGNAL,en_AU_Health_1592677:turn:120,1.0,1.0.0,conversation_risk_v1,heuristic_proxy,False,faster-whisper/small,cardiffnlp/twitter-roberta-base-sentiment-latest
en_AU_Health_1592677,121,agent,channel1,80,443.72,445.72,especially when they're marked urgent.,neutral,0.7199,False,False,False,False,False,2.0,0.04735,0.284088,-26.494,0.146686,1503.686,155.814,63.877,2.5,low,medium,low,False,False,False,False,False,neutral,low,0,no strong signal,low,NO_STRONG_SIGNAL,en_AU_Health_1592677:turn:121,1.0,1.0.0,conversation_risk_v1,heuristic_proxy,False,faster-whisper/small,cardiffnlp/twitter-roberta-base-sentiment-latest
en_AU_Health_1592677,122,agent,channel1,81,445.72,456.72,"Like I said, she tends to check them in the morning anyway.",neutral,0.8993,False,False,False,False,False,11.0,0.017816,0.245148,-34.984,0.041023,881.571,275.604,145.279,1.091,low,low,high,False,False,False,False,False,neutral,medium,0,no strong signal,low,NO_STRONG_SIGNAL,en_AU_Health_1592677:turn:122,1.0,1.0.0,conversation_risk_v1,heuristic_proxy,False,faster-whisper/small,cardiffnlp/twitter-roberta-base-sentiment-latest
en_AU_Health_1592677,123,customer,channel2,42,448.24,453.12,"Yeah, that's a bit reassuring, I was a bit worried, you know what I mean, like in",positive,0.7136,False,False,False,False,False,4.88,0.063816,0.397644,-23.901,0.095684,1558.621,234.868,85.023,3.484,medium,high,high,False,False,False,False,False,positive,high,15,high customer vocal intensity,low,CUST_HIGH_VOCAL_INTENSITY,en_AU_Health_1592677:turn:123,1.0,1.0.0,conversation_risk_v1,heuristic_proxy,False,faster-whisper/small,cardiffnlp/twitter-roberta-base-sentiment-latest
en_AU_Health_1592677,124,customer,channel2,43,453.12,456.24,"case I ran out before Thursday, because can you imagine that, that would be",neutral,0.59,False,False,False,False,False,3.12,0.05545,0.389984,-25.122,0.160774,1811.316,204.264,75.574,4.487,medium,high,medium,False,False,False,False,False,neutral,medium,5,medium customer vocal intensity,low,CUST_MEDIUM_VOCAL_INTENSITY,en_AU_Health_1592677:turn:124,1.0,1.0.0,conversation_risk_v1,heuristic_proxy,False,faster-whisper/small,cardiffnlp/twitter-roberta-base-sentiment-latest
en_AU_Health_1592677,125,customer,channel2,44,456.24,458.52,terrible.,negative,0.88,False,False,False,False,False,2.28,0.024145,0.229034,-32.344,0.128764,1984.986,214.889,128.127,0.439,low,low,medium,False,False,False,False,False,negative,low,15,negative customer sentiment,low,CUST_NEGATIVE_SENTIMENT,en_AU_Health_1592677:turn:125,1.0,1.0.0,conversation_risk_v1,heuristic_proxy,False,faster-whisper/small,cardiffnlp/twitter-roberta-base-sentiment-latest
en_AU_Health_1592677,126,agent,channel1,82,456.72,458.72,"Yeah, I completely understand.",neutral,0.5092,False,True,False,False,False,2.0,0.086823,0.719452,-21.227,0.112026,1238.93,206.393,121.354,2.0,high,medium,medium,False,True,False,False,False,neutral,medium,0,agent empathy detected,low,AGENT_EMPATHY,en_AU_Health_1592677:turn:126,1.0,1.0.0,conversation_risk_v1,heuristic_proxy,False,faster-whisper/small,cardiffnlp/twitter-roberta-base-sentiment-latest
en_AU_Health_1592677,127,agent,channel1,83,458.72,461.72,We definitely don't want you missing out on any doses.,neutral,0.4859,False,False,False,False,False,3.0,0.064796,0.411255,-23.769,0.118834,1248.82,155.393,57.859,3.333,medium,high,low,False,False,False,False,False,neutral,medium,0,no strong signal,low,NO_STRONG_SIGNAL,en_AU_Health_1592677:turn:127,1.0,1.0.0,conversation_risk_v1,heuristic_proxy,False,faster-whisper/small,cardiffnlp/twitter-roberta-base-sentiment-latest
en_AU_Health_1592677,128,agent,channel1,84,461.72,465.72,"Maria, if there's, you know, some reason there's an issue with the script approval,",neutral,0.5765,False,False,False,False,False,4.0,0.147259,0.95343,-16.638,0.105391,1222.265,203.201,69.062,3.5,high,high,medium,False,False,False,False,False,neutral,high,0,no strong signal,low,NO_STRONG_SIGNAL,en_AU_Health_1592677:turn:128,1.0,1.0.0,conversation_risk_v1,heuristic_proxy,False,faster-whisper/small,cardiffnlp/twitter-roberta-base-sentiment-latest
en_AU_Health_1592677,129,agent,channel1,85,465.72,468.72,"which I doubt there will be, but worst case scenario,",negative,0.56,False,False,False,False,False,3.0,0.13087,0.975311,-17.663,0.095054,1069.101,191.914,64.838,3.333,high,high,medium,False,False,False,False,False,negative,high,8,negative agent sentiment,low,AGENT_NEGATIVE_SENTIMENT,en_AU_Health_1592677:turn:129,1.0,1.0.0,conversation_risk_v1,heuristic_proxy,False,faster-whisper/small,cardiffnlp/twitter-roberta-base-sentiment-latest
en_AU_Health_1592677,130,agent,channel1,86,468.72,471.72,you can always do a telehealth call with one of our other doctors tomorrow,neutral,0.904,False,False,False,False,False,3.0,0.081571,0.494965,-21.769,0.117323,1193.827,186.881,60.489,4.667,high,high,medium,False,False,False,False,False,neutral,high,0,no strong signal,low,NO_STRONG_SIGNAL,en_AU_Health_1592677:turn:130,1.0,1.0.0,conversation_risk_v1,heuristic_proxy,False,faster-whisper/small,cardiffnlp/twitter-roberta-base-sentiment-latest
en_AU_Health_1592677,131,agent,channel1,87,471.72,480.72,to get you through until Thursday.,neutral,0.7353,False,False,False,False,False,9.0,0.019777,0.449066,-34.077,0.03204,873.13,269.335,145.244,0.667,low,low,high,False,False,False,False,False,neutral,medium,0,no strong signal,low,NO_STRONG_SIGNAL,en_AU_Health_1592677:turn:131,1.0,1.0.0,conversation_risk_v1,heuristic_proxy,False,faster-whisper/small,cardiffnlp/twitter-roberta-base-sentiment-latest
en_AU_Health_1592677,132,customer,channel2,45,473.24,479.32,"Okay, that's good to know, but you know what I mean, hopefully it won't come to that",positive,0.5396,False,False,False,False,False,6.08,0.058567,0.52002,-24.647,0.122952,1802.434,228.891,98.982,2.796,medium,medium,high,False,False,False,False,False,positive,medium,5,medium customer vocal intensity,low,CUST_MEDIUM_VOCAL_INTENSITY,en_AU_Health_1592677:turn:132,1.0,1.0.0,conversation_risk_v1,heuristic_proxy,False,faster-whisper/small,cardiffnlp/twitter-roberta-base-sentiment-latest
en_AU_Health_1592677,133,customer,channel2,46,479.32,481.48,though.,neutral,0.7184,False,False,False,False,False,2.16,0.009873,0.119049,-40.111,0.149242,2297.197,174.694,125.649,0.463,low,low,low,False,False,False,False,False,neutral,low,0,no strong signal,low,NO_STRONG_SIGNAL,en_AU_Health_1592677:turn:133,1.0,1.0.0,conversation_risk_v1,heuristic_proxy,False,faster-whisper/small,cardiffnlp/twitter-roberta-base-sentiment-latest
en_AU_Health_1592677,134,agent,channel1,88,480.72,482.72,"Yeah, look, I'm sure it'll be absolutely fine,",positive,0.935,False,False,False,False,False,2.0,0.112561,0.681458,-18.972,0.096997,1138.305,173.811,55.259,4.0,high,high,low,False,False,False,False,False,positive,high,0,no strong signal,low,NO_STRONG_SIGNAL,en_AU_Health_1592677:turn:134,1.0,1.0.0,conversation_risk_v1,heuristic_proxy,False,faster-whisper/small,cardiffnlp/twitter-roberta-base-sentiment-latest
en_AU_Health_1592677,135,agent,channel1,89,482.72,484.72,but it's always good to have a backup plan.,positive,0.6406,False,False,False,False,False,2.0,0.071153,0.491577,-22.956,0.094579,1038.015,183.937,65.386,4.5,medium,high,low,False,False,False,False,False,positive,medium,0,no strong signal,low,NO_STRONG_SIGNAL,en_AU_Health_1592677:turn:135,1.0,1.0.0,conversation_risk_v1,heuristic_proxy,False,faster-whisper/small,cardiffnlp/twitter-roberta-base-sentiment-latest
en_AU_Health_1592677,136,agent,channel1,90,484.72,487.72,"Now, is there anything else that I can help you with today?",neutral,0.8796,False,False,True,True,False,3.0,0.113398,0.763153,-18.908,0.129602,1419.358,231.657,69.411,4.0,high,high,high,False,False,True,True,False,neutral,high,0,agent probing question detected | agent ownership detected,low,AGENT_PROBING|AGENT_OWNERSHIP,en_AU_Health_1592677:turn:136,1.0,1.0.0,conversation_risk_v1,heuristic_proxy,False,faster-whisper/small,cardiffnlp/twitter-roberta-base-sentiment-latest
en_AU_Health_1592677,137,customer,channel2,47,487.12,499.16,"Let me think, so my husband needs to make an appointment as well, he's got an",neutral,0.8689,False,False,False,False,False,12.04,0.057585,0.702301,-24.794,0.144715,2209.924,232.429,104.628,1.329,medium,low,high,False,False,False,False,False,neutral,medium,5,medium customer vocal intensity,low,CUST_MEDIUM_VOCAL_INTENSITY,en_AU_Health_1592677:turn:137,1.0,1.0.0,conversation_risk_v1,heuristic_proxy,False,faster-whisper/small,cardiffnlp/twitter-roberta-base-sentiment-latest
en_AU_Health_1592677,138,customer,channel2,48,499.16,504.48,ingrown toenail and he's just a bit reluctant to actually make the,negative,0.5698,False,False,False,False,False,5.32,0.057893,0.394165,-24.748,0.128415,1945.235,219.699,82.362,2.256,medium,medium,medium,False,False,False,False,False,negative,medium,20,negative customer sentiment | medium customer vocal intensity,low,CUST_NEGATIVE_SENTIMENT|CUST_MEDIUM_VOCAL_INTENSITY,en_AU_Health_1592677:turn:138,1.0,1.0.0,conversation_risk_v1,heuristic_proxy,False,faster-whisper/small,cardiffnlp/twitter-roberta-base-sentiment-latest
en_AU_Health_1592677,139,customer,channel2,49,504.48,509.28,"booking, he was really worried that they might actually do surgery on the",negative,0.5686,False,False,False,False,False,4.8,0.058218,0.53125,-24.699,0.11441,1691.999,203.821,74.884,2.708,medium,medium,medium,False,False,False,False,False,negative,medium,20,negative customer sentiment | medium customer vocal intensity,low,CUST_NEGATIVE_SENTIMENT|CUST_MEDIUM_VOCAL_INTENSITY,en_AU_Health_1592677:turn:139,1.0,1.0.0,conversation_risk_v1,heuristic_proxy,False,faster-whisper/small,cardiffnlp/twitter-roberta-base-sentiment-latest
en_AU_Health_1592677,140,customer,channel2,50,509.28,515.08,"spot and he's like scared of, he's like really scared of pain but I was",negative,0.7729,False,False,False,False,False,5.8,0.065199,0.565765,-23.715,0.175749,2248.638,213.685,104.853,2.586,medium,medium,medium,False,False,False,False,False,negative,medium,20,negative customer sentiment | medium customer vocal intensity,low,CUST_NEGATIVE_SENTIMENT|CUST_MEDIUM_VOCAL_INTENSITY,en_AU_Health_1592677:turn:140,1.0,1.0.0,conversation_risk_v1,heuristic_proxy,False,faster-whisper/small,cardiffnlp/twitter-roberta-base-sentiment-latest
en_AU_Health_1592677,141,agent,channel1,91,514.72,535.72,Yeah.,neutral,0.5798,False,False,False,False,False,21.0,0.000125,0.00354,-78.071,0.008545,682.677,320.658,134.154,0.048,low,low,high,False,False,False,False,False,neutral,medium,0,no strong signal,low,NO_STRONG_SIGNAL,en_AU_Health_1592677:turn:141,1.0,1.0.0,conversation_risk_v1,heuristic_proxy,False,faster-whisper/small,cardiffnlp/twitter-roberta-base-sentiment-latest
en_AU_Health_1592677,142,customer,channel2,51,515.12,519.92,"saying to him, mate, the pain that you're in at the moment, and especially because",negative,0.6604,False,False,False,False,False,4.8,0.062863,0.463745,-24.032,0.10193,1779.058,229.924,59.326,3.125,medium,high,high,False,False,False,False,False,negative,high,30,negative customer sentiment | high customer vocal intensity,medium,CUST_NEGATIVE_SENTIMENT|CUST_HIGH_VOCAL_INTENSITY,en_AU_Health_1592677:turn:142,1.0,1.0.0,conversation_risk_v1,heuristic_proxy,False,faster-whisper/small,cardiffnlp/twitter-roberta-base-sentiment-latest
en_AU_Health_1592677,143,customer,channel2,52,519.92,527.52,"he has to wear hard cap boots, you know, he works on a site, like he's a",neutral,0.7992,False,False,False,False,False,7.6,0.055543,0.773499,-25.107,0.147455,1953.527,198.742,76.816,2.237,medium,medium,medium,False,False,False,False,False,neutral,medium,5,medium customer vocal intensity,low,CUST_MEDIUM_VOCAL_INTENSITY,en_AU_Health_1592677:turn:143,1.0,1.0.0,conversation_risk_v1,heuristic_proxy,False,faster-whisper/small,cardiffnlp/twitter-roberta-base-sentiment-latest
en_AU_Health_1592677,144,customer,channel2,53,527.52,531.68,"workman, right, like he works on a building site, so he has to wear those",neutral,0.8839,False,False,False,False,False,4.16,0.050241,0.542206,-25.979,0.143719,1834.368,188.195,81.085,3.606,low,high,medium,False,False,False,False,False,neutral,medium,5,medium customer vocal intensity,low,CUST_MEDIUM_VOCAL_INTENSITY,en_AU_Health_1592677:turn:144,1.0,1.0.0,conversation_risk_v1,heuristic_proxy,False,faster-whisper/small,cardiffnlp/twitter-roberta-base-sentiment-latest
en_AU_Health_1592677,145,customer,channel2,54,531.68,538.16,"hard cap steel cap boots and I was saying to him, like the pain that",neutral,0.5787,False,False,False,False,False,6.48,0.057513,0.720062,-24.805,0.145419,2008.779,217.112,108.478,2.315,medium,medium,medium,False,False,False,False,False,neutral,medium,5,medium customer vocal intensity,low,CUST_MEDIUM_VOCAL_INTENSITY,en_AU_Health_1592677:turn:145,1.0,1.0.0,conversation_risk_v1,heuristic_proxy,False,faster-whisper/small,cardiffnlp/twitter-roberta-base-sentiment-latest
en_AU_Health_1592677,146,agent,channel1,92,535.72,558.72,Yeah.,neutral,0.5798,False,False,False,False,False,23.0,0.021889,0.727295,-33.195,0.016769,781.846,317.979,132.119,0.043,low,low,high,False,False,False,False,False,neutral,medium,0,no strong signal,low,NO_STRONG_SIGNAL,en_AU_Health_1592677:turn:146,1.0,1.0.0,conversation_risk_v1,heuristic_proxy,False,faster-whisper/small,cardiffnlp/twitter-roberta-base-sentiment-latest
en_AU_Health_1592677,147,customer,channel2,55,538.16,543.44,you go through every day with that ingrown toenail and it looks like,negative,0.6432,False,False,False,False,False,5.28,0.047878,0.471527,-26.397,0.119941,1794.538,201.661,82.555,2.462,low,medium,medium,False,False,False,False,False,negative,low,15,negative customer sentiment,low,CUST_NEGATIVE_SENTIMENT,en_AU_Health_1592677:turn:147,1.0,1.0.0,conversation_risk_v1,heuristic_proxy,False,faster-whisper/small,cardiffnlp/twitter-roberta-base-sentiment-latest
en_AU_Health_1592677,148,customer,channel2,56,543.48,548.64,"it's really nasty at the moment as well, it's really, really inflamed, like is",negative,0.9452,False,False,False,False,False,5.16,0.049918,0.498383,-26.035,0.128385,1850.359,194.068,57.188,2.713,low,medium,medium,False,False,False,False,False,negative,low,15,negative customer sentiment,low,CUST_NEGATIVE_SENTIMENT,en_AU_Health_1592677:turn:148,1.0,1.0.0,conversation_risk_v1,heuristic_proxy,False,faster-whisper/small,cardiffnlp/twitter-roberta-base-sentiment-latest
en_AU_Health_1592677,149,customer,channel2,57,548.64,553.08,that okay if I actually make the appointment for my husband or is that,neutral,0.887,False,False,False,False,False,4.44,0.064783,0.621216,-23.771,0.120869,1708.707,212.41,66.064,3.153,medium,high,medium,False,False,False,False,False,neutral,medium,5,medium customer vocal intensity,low,CUST_MEDIUM_VOCAL_INTENSITY,en_AU_Health_1592677:turn:149,1.0,1.0.0,conversation_risk_v1,heuristic_proxy,False,faster-whisper/small,cardiffnlp/twitter-roberta-base-sentiment-latest
en_AU_Health_1592677,150,customer,channel2,58,553.08,556.6,"kind of crossing some kind of line that I'm not allowed to do, because he",negative,0.6006,False,False,False,False,False,3.52,0.034555,0.413116,-29.23,0.132689,1771.211,188.615,62.983,4.261,low,high,medium,False,False,False,False,False,negative,medium,20,negative customer sentiment | medium customer vocal intensity,low,CUST_NEGATIVE_SENTIMENT|CUST_MEDIUM_VOCAL_INTENSITY,en_AU_Health_1592677:turn:150,1.0,1.0.0,conversation_risk_v1,heuristic_proxy,False,faster-whisper/small,cardiffnlp/twitter-roberta-base-sentiment-latest
en_AU_Health_1592677,151,customer,channel2,59,556.6,557.72,doesn't give me permission.,negative,0.5538,False,False,False,False,False,1.12,0.020053,0.190796,-33.957,0.141412,2054.1,158.294,64.406,3.571,low,high,low,False,False,False,False,False,negative,medium,20,negative customer sentiment | medium customer vocal intensity,low,CUST_NEGATIVE_SENTIMENT|CUST_MEDIUM_VOCAL_INTENSITY,en_AU_Health_1592677:turn:151,1.0,1.0.0,conversation_risk_v1,heuristic_proxy,False,faster-whisper/small,cardiffnlp/twitter-roberta-base-sentiment-latest
en_AU_Health_1592677,152,agent,channel1,93,558.72,563.72,"If he doesn't give you permission, then he will definitely need to rebook it himself.",negative,0.5409,False,False,False,False,False,5.0,0.089807,0.938965,-20.934,0.117965,1235.199,197.127,71.506,3.0,high,high,medium,False,False,False,False,False,negative,high,8,negative agent sentiment,low,AGENT_NEGATIVE_SENTIMENT,en_AU_Health_1592677:turn:152,1.0,1.0.0,conversation_risk_v1,heuristic_proxy,False,faster-whisper/small,cardiffnlp/twitter-roberta-base-sentiment-latest
en_AU_Health_1592677,153,agent,channel1,94,563.72,567.72,"Generally speaking, though, making appointments for patients is fine.",positive,0.5159,False,False,False,False,False,4.0,0.089159,0.789032,-20.997,0.136405,1557.169,190.625,66.909,2.25,high,medium,medium,False,False,False,False,False,positive,medium,0,no strong signal,low,NO_STRONG_SIGNAL,en_AU_Health_1592677:turn:153,1.0,1.0.0,conversation_risk_v1,heuristic_proxy,False,faster-whisper/small,cardiffnlp/twitter-roberta-base-sentiment-latest
en_AU_Health_1592677,154,agent,channel1,95,567.72,574.72,We don't typically discuss any medical or personal details when booking the appointment.,neutral,0.8564,False,False,False,False,False,7.0,0.065733,0.555542,-23.644,0.1332,1371.959,165.74,76.006,1.857,medium,medium,low,False,False,False,False,False,neutral,medium,0,no strong signal,low,NO_STRONG_SIGNAL,en_AU_Health_1592677:turn:154,1.0,1.0.0,conversation_risk_v1,heuristic_proxy,False,faster-whisper/small,cardiffnlp/twitter-roberta-base-sentiment-latest
en_AU_Health_1592677,155,customer,channel2,60,573.44,575.5,you,neutral,0.5119,False,False,False,False,False,2.06,9e-06,0.000153,-100.783,0.048107,1994.479,278.357,149.624,0.485,low,low,high,False,False,False,False,False,neutral,medium,5,medium customer vocal intensity,low,CUST_MEDIUM_VOCAL_INTENSITY,en_AU_Health_1592677:turn:155,1.0,1.0.0,conversation_risk_v1,heuristic_proxy,False,faster-whisper/small,cardiffnlp/twitter-roberta-base-sentiment-latest
en_AU_Health_1592677,156,agent,channel1,96,574.72,579.72,"You know, if it's not with the actual patient themselves.",neutral,0.7456,False,False,False,False,False,5.0,0.077384,0.770203,-22.227,0.145256,1582.38,162.082,88.398,2.0,high,medium,low,False,False,False,False,False,neutral,medium,0,no strong signal,low,NO_STRONG_SIGNAL,en_AU_Health_1592677:turn:156,1.0,1.0.0,conversation_risk_v1,heuristic_proxy,False,faster-whisper/small,cardiffnlp/twitter-roberta-base-sentiment-latest
en_AU_Health_1592677,157,agent,channel1,97,579.72,585.72,"So in that sense, we are, of course, able to just book the appointment.",neutral,0.7666,False,False,False,False,False,6.0,0.10638,0.975189,-19.463,0.16066,1723.879,157.166,76.658,2.333,high,medium,low,False,False,False,False,False,neutral,medium,0,no strong signal,low,NO_STRONG_SIGNAL,en_AU_Health_1592677:turn:157,1.0,1.0.0,conversation_risk_v1,heuristic_proxy,False,faster-whisper/small,cardiffnlp/twitter-roberta-base-sentiment-latest
en_AU_Health_1592677,158,agent,channel1,98,585.72,590.72,"We do prefer if, of course, the patient does book themselves.",neutral,0.8119,False,False,False,False,False,5.0,0.097138,0.775787,-20.252,0.187447,1998.301,169.182,75.26,2.2,high,medium,low,False,False,False,False,False,neutral,medium,0,no strong signal,low,NO_STRONG_SIGNAL,en_AU_Health_1592677:turn:158,1.0,1.0.0,conversation_risk_v1,heuristic_proxy,False,faster-whisper/small,cardiffnlp/twitter-roberta-base-sentiment-latest
en_AU_Health_1592677,159,agent,channel1,99,590.72,597.72,That way we are able to sort of reduce any capacity restraints on our doctors.,neutral,0.6912,False,False,False,False,False,7.0,0.086307,0.840729,-21.279,0.144812,1595.959,165.261,75.444,2.143,high,medium,low,False,False,False,False,False,neutral,medium,0,no strong signal,low,NO_STRONG_SIGNAL,en_AU_Health_1592677:turn:159,1.0,1.0.0,conversation_risk_v1,heuristic_proxy,False,faster-whisper/small,cardiffnlp/twitter-roberta-base-sentiment-latest
en_AU_Health_1592677,160,agent,channel1,100,597.72,601.72,"Of course, these are appointments that we don't want to go to waste",neutral,0.6331,False,False,False,False,False,4.0,0.064858,0.442932,-23.761,0.129472,1394.609,152.976,67.724,3.25,medium,high,low,False,False,False,False,False,neutral,medium,0,no strong signal,low,NO_STRONG_SIGNAL,en_AU_Health_1592677:turn:160,1.0,1.0.0,conversation_risk_v1,heuristic_proxy,False,faster-whisper/small,cardiffnlp/twitter-roberta-base-sentiment-latest
en_AU_Health_1592677,161,agent,channel1,101,601.72,606.72,when there are other patients who really do need them.,neutral,0.6996,False,False,True,False,False,5.0,0.086345,0.996185,-21.275,0.121038,1432.032,147.558,75.852,2.0,high,medium,low,False,False,True,False,False,neutral,medium,0,agent probing question detected,low,AGENT_PROBING,en_AU_Health_1592677:turn:161,1.0,1.0.0,conversation_risk_v1,heuristic_proxy,False,faster-whisper/small,cardiffnlp/twitter-roberta-base-sentiment-latest
en_AU_Health_1592677,162,customer,channel2,61,603.44,619.08,"he has to, I mean what can you, he has to do something about it because he's",neutral,0.6372,False,False,False,False,False,15.64,0.030823,0.547302,-30.222,0.088154,1994.685,260.506,138.042,1.087,low,low,high,False,False,False,False,False,neutral,medium,5,medium customer vocal intensity,low,CUST_MEDIUM_VOCAL_INTENSITY,en_AU_Health_1592677:turn:162,1.0,1.0.0,conversation_risk_v1,heuristic_proxy,False,faster-whisper/small,cardiffnlp/twitter-roberta-base-sentiment-latest
en_AU_Health_1592677,163,agent,channel1,102,606.72,612.72,"In terms of that appointment, though, is this something he is looking at getting addressed?",neutral,0.9134,False,False,True,False,False,6.0,0.092129,0.763824,-20.712,0.10757,1573.019,159.838,83.173,2.5,high,medium,low,False,False,True,False,False,neutral,medium,0,agent probing question detected,low,AGENT_PROBING,en_AU_Health_1592677:turn:163,1.0,1.0.0,conversation_risk_v1,heuristic_proxy,False,faster-whisper/small,cardiffnlp/twitter-roberta-base-sentiment-latest
en_AU_Health_1592677,164,agent,channel1,103,612.72,614.72,Thank you very much.,positive,0.9445,False,False,False,False,False,2.0,0.003907,0.052124,-48.163,0.018345,988.579,219.858,160.661,2.0,low,medium,medium,False,False,False,False,False,positive,low,0,no strong signal,low,NO_STRONG_SIGNAL,en_AU_Health_1592677:turn:164,1.0,1.0.0,conversation_risk_v1,heuristic_proxy,False,faster-whisper/small,cardiffnlp/twitter-roberta-base-sentiment-latest
en_AU_Health_1592677,165,customer,channel2,62,619.08,623.72,"in excruciating pain every day, like it's just not an option to keep it",negative,0.9017,False,False,False,False,False,4.64,0.05688,0.423859,-24.901,0.147909,1954.724,195.803,60.059,3.017,medium,high,medium,False,False,False,False,False,negative,medium,20,negative customer sentiment | medium customer vocal intensity,low,CUST_NEGATIVE_SENTIMENT|CUST_MEDIUM_VOCAL_INTENSITY,en_AU_Health_1592677:turn:165,1.0,1.0.0,conversation_risk_v1,heuristic_proxy,False,faster-whisper/small,cardiffnlp/twitter-roberta-base-sentiment-latest
en_AU_Health_1592677,166,customer,channel2,63,623.72,628.2,"like that, he's just really worried about what the treatment options will",neutral,0.5873,False,False,False,False,False,4.48,0.062532,0.595581,-24.078,0.14093,1853.553,192.046,79.563,2.679,medium,medium,medium,False,False,False,False,False,neutral,medium,5,medium customer vocal intensity,low,CUST_MEDIUM_VOCAL_INTENSITY,en_AU_Health_1592677:turn:166,1.0,1.0.0,conversation_risk_v1,heuristic_proxy,False,faster-whisper/small,cardiffnlp/twitter-roberta-base-sentiment-latest
en_AU_Health_1592677,167,customer,channel2,64,628.2,633.68,"be, like he's heard these horror stories that like his friend went in, went",neutral,0.7841,False,False,False,False,False,5.48,0.062645,0.572632,-24.062,0.158405,2100.907,199.413,72.735,2.555,medium,medium,medium,False,False,False,False,False,neutral,medium,5,medium customer vocal intensity,low,CUST_MEDIUM_VOCAL_INTENSITY,en_AU_Health_1592677:turn:167,1.0,1.0.0,conversation_risk_v1,heuristic_proxy,False,faster-whisper/small,cardiffnlp/twitter-roberta-base-sentiment-latest
en_AU_Health_1592677,168,customer,channel2,65,633.68,638.32,into the doctor for an ingrown toenail and the doctor there and then with,neutral,0.7381,False,False,False,False,False,4.64,0.07023,0.516602,-23.07,0.120626,1692.161,185.113,57.137,3.017,medium,high,low,False,False,False,False,False,neutral,medium,5,medium customer vocal intensity,low,CUST_MEDIUM_VOCAL_INTENSITY,en_AU_Health_1592677:turn:168,1.0,1.0.0,conversation_risk_v1,heuristic_proxy,False,faster-whisper/small,cardiffnlp/twitter-roberta-base-sentiment-latest
en_AU_Health_1592677,169,customer,channel2,66,638.32,646.04,no anaesthetic just went in and like did the surgery and and I don't,neutral,0.6154,False,False,False,False,False,7.72,0.063303,0.92099,-23.971,0.135242,1908.254,215.367,106.888,1.813,medium,medium,medium,False,False,False,False,False,neutral,medium,5,medium customer vocal intensity,low,CUST_MEDIUM_VOCAL_INTENSITY,en_AU_Health_1592677:turn:169,1.0,1.0.0,conversation_risk_v1,heuristic_proxy,False,faster-whisper/small,cardiffnlp/twitter-roberta-base-sentiment-latest
en_AU_Health_1592677,170,agent,channel1,104,642.72,670.72,Thank you.,positive,0.8345,False,False,False,False,False,28.0,0.017671,0.586243,-35.055,0.013482,738.902,316.759,134.83,0.071,low,low,high,False,False,False,False,False,positive,medium,0,no strong signal,low,NO_STRONG_SIGNAL,en_AU_Health_1592677:turn:170,1.0,1.0.0,conversation_risk_v1,heuristic_proxy,False,faster-whisper/small,cardiffnlp/twitter-roberta-base-sentiment-latest
en_AU_Health_1592677,171,customer,channel2,67,646.04,649.32,"think that's true, like I don't think a doctor would do that, I think",negative,0.5505,False,False,False,False,False,3.28,0.053355,0.581848,-25.457,0.131049,1829.08,206.943,67.174,4.268,medium,high,medium,False,False,False,False,False,negative,medium,20,negative customer sentiment | medium customer vocal intensity,low,CUST_NEGATIVE_SENTIMENT|CUST_MEDIUM_VOCAL_INTENSITY,en_AU_Health_1592677:turn:171,1.0,1.0.0,conversation_risk_v1,heuristic_proxy,False,faster-whisper/small,cardiffnlp/twitter-roberta-base-sentiment-latest
en_AU_Health_1592677,172,customer,channel2,68,649.32,653.84,"his leg, his, his friend is just pulling his leg to make him more",neutral,0.7864,False,False,False,False,False,4.52,0.032668,0.264679,-29.718,0.18509,2264.725,193.968,69.439,3.097,low,high,medium,False,False,False,False,False,neutral,medium,5,medium customer vocal intensity,low,CUST_MEDIUM_VOCAL_INTENSITY,en_AU_Health_1592677:turn:172,1.0,1.0.0,conversation_risk_v1,heuristic_proxy,False,faster-whisper/small,cardiffnlp/twitter-roberta-base-sentiment-latest
en_AU_Health_1592677,173,customer,channel2,69,653.88,659.16,"scared, but like, I like, do you actually know, Danielle, what would",neutral,0.7515,False,False,False,False,False,5.28,0.06763,0.551788,-23.397,0.120738,1947.126,226.618,86.564,2.273,medium,medium,high,False,False,False,False,False,neutral,medium,5,medium customer vocal intensity,low,CUST_MEDIUM_VOCAL_INTENSITY,en_AU_Health_1592677:turn:173,1.0,1.0.0,conversation_risk_v1,heuristic_proxy,False,faster-whisper/small,cardiffnlp/twitter-roberta-base-sentiment-latest
en_AU_Health_1592677,174,customer,channel2,70,659.16,663.24,happen in that situation? Do you think there's some way that I could reassure,neutral,0.9006,False,False,False,False,False,4.08,0.053063,0.572662,-25.504,0.165005,2149.02,186.654,60.118,3.431,medium,high,medium,False,False,False,False,False,neutral,medium,5,medium customer vocal intensity,low,CUST_MEDIUM_VOCAL_INTENSITY,en_AU_Health_1592677:turn:174,1.0,1.0.0,conversation_risk_v1,heuristic_proxy,False,faster-whisper/small,cardiffnlp/twitter-roberta-base-sentiment-latest
en_AU_Health_1592677,175,customer,channel2,71,663.24,669.32,my husband that the doctor isn't gonna like just like cut his toe?,negative,0.7064,False,False,False,False,False,6.08,0.046425,0.589355,-26.665,0.155772,2051.956,176.039,88.421,2.138,low,medium,low,False,False,False,False,False,negative,low,15,negative customer sentiment,low,CUST_NEGATIVE_SENTIMENT,en_AU_Health_1592677:turn:175,1.0,1.0.0,conversation_risk_v1,heuristic_proxy,False,faster-whisper/small,cardiffnlp/twitter-roberta-base-sentiment-latest
en_AU_Health_1592677,176,agent,channel1,105,670.72,674.72,"I mean, look, this does sound like one of those like freaky horror stories",negative,0.5566,False,False,False,False,False,4.0,0.102842,0.861511,-19.757,0.162741,1678.232,188.186,52.944,3.5,high,high,medium,False,False,False,False,False,negative,high,8,negative agent sentiment,low,AGENT_NEGATIVE_SENTIMENT,en_AU_Health_1592677:turn:176,1.0,1.0.0,conversation_risk_v1,heuristic_proxy,False,faster-whisper/small,cardiffnlp/twitter-roberta-base-sentiment-latest
en_AU_Health_1592677,177,agent,channel1,106,674.72,678.72,"that have seemed to have just, I don't know, there might be some, you know,",neutral,0.7942,False,False,False,False,False,4.0,0.103646,0.786224,-19.689,0.157525,1759.43,179.173,70.684,3.75,high,high,low,False,False,False,False,False,neutral,high,0,no strong signal,low,NO_STRONG_SIGNAL,en_AU_Health_1592677:turn:177,1.0,1.0.0,conversation_risk_v1,heuristic_proxy,False,faster-whisper/small,cardiffnlp/twitter-roberta-base-sentiment-latest
en_AU_Health_1592677,178,agent,channel1,107,678.72,681.72,a bit of case of Chinese whispers in a bit of that.,neutral,0.7859,False,False,False,False,False,3.0,0.051371,0.349731,-25.786,0.110939,1246.03,153.458,56.18,4.0,medium,high,low,False,False,False,False,False,neutral,medium,0,no strong signal,low,NO_STRONG_SIGNAL,en_AU_Health_1592677:turn:178,1.0,1.0.0,conversation_risk_v1,heuristic_proxy,False,faster-whisper/small,cardiffnlp/twitter-roberta-base-sentiment-latest
en_AU_Health_1592677,179,agent,channel1,108,681.72,687.72,"You know, I highly doubt a patient would have just had their toenail pulled off by a doctor.",negative,0.7187,False,False,False,False,False,6.0,0.09162,0.82489,-20.76,0.144401,1659.011,176.163,92.175,3.0,high,high,low,False,False,False,False,False,negative,high,8,negative agent sentiment,low,AGENT_NEGATIVE_SENTIMENT,en_AU_Health_1592677:turn:179,1.0,1.0.0,conversation_risk_v1,heuristic_proxy,False,faster-whisper/small,cardiffnlp/twitter-roberta-base-sentiment-latest
en_AU_Health_1592677,180,agent,channel1,109,687.72,691.72,"I mean, any kind of procedure, even absolutely like, you know, minor ones,",neutral,0.6747,False,False,False,False,False,4.0,0.080193,0.576843,-21.917,0.124748,1421.751,182.385,63.517,3.25,high,high,low,False,False,False,False,False,neutral,high,0,no strong signal,low,NO_STRONG_SIGNAL,en_AU_Health_1592677:turn:180,1.0,1.0.0,conversation_risk_v1,heuristic_proxy,False,faster-whisper/small,cardiffnlp/twitter-roberta-base-sentiment-latest
en_AU_Health_1592677,181,agent,channel1,110,691.72,696.72,"they've always had the, you know, procedure like explained to the patient,",neutral,0.881,False,False,False,False,False,5.0,0.08973,0.867004,-20.941,0.183955,1791.696,181.86,81.65,2.4,high,medium,low,False,False,False,False,False,neutral,medium,0,no strong signal,low,NO_STRONG_SIGNAL,en_AU_Health_1592677:turn:181,1.0,1.0.0,conversation_risk_v1,heuristic_proxy,False,faster-whisper/small,cardiffnlp/twitter-roberta-base-sentiment-latest
en_AU_Health_1592677,182,agent,channel1,111,696.72,699.72,"you know, of course, there's consent involved.",neutral,0.8278,False,False,False,False,False,3.0,0.071771,0.477325,-22.881,0.177589,1696.744,166.013,64.885,2.333,medium,medium,low,False,False,False,False,False,neutral,medium,0,no strong signal,low,NO_STRONG_SIGNAL,en_AU_Health_1592677:turn:182,1.0,1.0.0,conversation_risk_v1,heuristic_proxy,False,faster-whisper/small,cardiffnlp/twitter-roberta-base-sentiment-latest
en_AU_Health_1592677,183,agent,channel1,112,699.72,707.72,A toenail removal does in some cases constitute a minor surgery as well.,neutral,0.7971,False,False,False,False,False,8.0,0.087914,0.736511,-21.119,0.150233,1619.445,178.333,70.063,1.625,high,low,low,False,False,False,False,False,neutral,medium,0,no strong signal,low,NO_STRONG_SIGNAL,en_AU_Health_1592677:turn:183,1.0,1.0.0,conversation_risk_v1,heuristic_proxy,False,faster-whisper/small,cardiffnlp/twitter-roberta-base-sentiment-latest
en_AU_Health_1592677,184,agent,channel1,113,707.72,711.72,"I think, you know, someone is just playing around with your husband there",neutral,0.6003,False,False,False,False,False,4.0,0.055938,0.549469,-25.046,0.159145,1578.719,143.437,56.259,3.25,medium,high,low,False,False,False,False,False,neutral,medium,0,no strong signal,low,NO_STRONG_SIGNAL,en_AU_Health_1592677:turn:184,1.0,1.0.0,conversation_risk_v1,heuristic_proxy,False,faster-whisper/small,cardiffnlp/twitter-roberta-base-sentiment-latest
en_AU_Health_1592677,185,agent,channel1,114,711.72,714.72,and just trying to freak him out a little bit.,neutral,0.6225,False,False,False,False,False,3.0,0.08216,0.999969,-21.707,0.143082,1515.041,161.037,75.236,3.333,high,high,low,False,False,False,False,False,neutral,high,0,no strong signal,low,NO_STRONG_SIGNAL,en_AU_Health_1592677:turn:185,1.0,1.0.0,conversation_risk_v1,heuristic_proxy,False,faster-whisper/small,cardiffnlp/twitter-roberta-base-sentiment-latest
en_AU_Health_1592677,186,customer,channel2,72,713.84,716.66,you,neutral,0.5119,False,False,False,False,False,2.82,1.3e-05,0.000244,-97.771,0.058226,1926.891,298.095,146.51,0.355,low,low,high,False,False,False,False,False,neutral,medium,5,medium customer vocal intensity,low,CUST_MEDIUM_VOCAL_INTENSITY,en_AU_Health_1592677:turn:186,1.0,1.0.0,conversation_risk_v1,heuristic_proxy,False,faster-whisper/small,cardiffnlp/twitter-roberta-base-sentiment-latest
en_AU_Health_1592677,187,agent,channel1,115,714.72,719.72,"But, you know, certainly like explaining often the, you know,",positive,0.5498,False,False,False,False,False,5.0,0.109347,0.974487,-19.224,0.117701,1383.95,164.165,55.822,2.0,high,medium,low,False,False,False,False,False,positive,medium,0,no strong signal,low,NO_STRONG_SIGNAL,en_AU_Health_1592677:turn:187,1.0,1.0.0,conversation_risk_v1,heuristic_proxy,False,faster-whisper/small,cardiffnlp/twitter-roberta-base-sentiment-latest
en_AU_Health_1592677,188,agent,channel1,116,719.72,723.72,"the long-term effects of not getting this sorted, you know,",negative,0.725,False,False,False,False,False,4.0,0.092167,0.824768,-20.708,0.152615,1604.243,158.821,71.918,2.5,high,medium,low,False,False,False,False,False,negative,medium,8,negative agent sentiment,low,AGENT_NEGATIVE_SENTIMENT,en_AU_Health_1592677:turn:188,1.0,1.0.0,conversation_risk_v1,heuristic_proxy,False,faster-whisper/small,cardiffnlp/twitter-roberta-base-sentiment-latest
en_AU_Health_1592677,189,agent,channel1,117,723.72,729.72,"even if that story were true, it would still be better than the alternative,",positive,0.6171,False,False,False,False,False,6.0,0.075414,0.974487,-22.451,0.164803,1693.411,161.842,82.805,2.333,medium,medium,low,False,False,False,False,False,positive,medium,0,no strong signal,low,NO_STRONG_SIGNAL,en_AU_Health_1592677:turn:189,1.0,1.0.0,conversation_risk_v1,heuristic_proxy,False,faster-whisper/small,cardiffnlp/twitter-roberta-base-sentiment-latest
en_AU_Health_1592677,190,agent,channel1,118,729.72,732.72,"you know, if it does go left untreated.",neutral,0.6387,False,False,False,False,False,3.0,0.068916,0.392395,-23.234,0.168841,1648.446,175.61,88.246,2.667,medium,medium,low,False,False,False,False,False,neutral,medium,0,no strong signal,low,NO_STRONG_SIGNAL,en_AU_Health_1592677:turn:190,1.0,1.0.0,conversation_risk_v1,heuristic_proxy,False,faster-whisper/small,cardiffnlp/twitter-roberta-base-sentiment-latest
en_AU_Health_1592677,191,agent,channel1,119,732.72,739.72,"So often we do encourage, you know, a lot of our, you know, patients",neutral,0.7705,False,False,False,False,False,7.0,0.076364,0.912231,-22.342,0.121292,1468.005,151.819,86.462,2.0,medium,medium,low,False,False,False,False,False,neutral,medium,0,no strong signal,low,NO_STRONG_SIGNAL,en_AU_Health_1592677:turn:191,1.0,1.0.0,conversation_risk_v1,heuristic_proxy,False,faster-whisper/small,cardiffnlp/twitter-roberta-base-sentiment-latest
en_AU_Health_1592677,192,agent,channel1,120,739.72,742.72,that are in your position that might need to convince their partners.,neutral,0.8225,False,False,False,False,False,3.0,0.074297,0.493164,-22.581,0.113416,1386.465,153.31,61.405,4.0,medium,high,low,False,False,False,False,False,neutral,medium,0,no strong signal,low,NO_STRONG_SIGNAL,en_AU_Health_1592677:turn:192,1.0,1.0.0,conversation_risk_v1,heuristic_proxy,False,faster-whisper/small,cardiffnlp/twitter-roberta-base-sentiment-latest
en_AU_Health_1592677,193,agent,channel1,121,742.72,747.72,"We do encourage them to, you know, have a discussion with their partners",neutral,0.8013,False,False,False,False,False,5.0,0.084813,0.859619,-21.431,0.117999,1366.557,158.735,83.492,2.6,high,medium,low,False,False,False,False,False,neutral,medium,0,no strong signal,low,NO_STRONG_SIGNAL,en_AU_Health_1592677:turn:193,1.0,1.0.0,conversation_risk_v1,heuristic_proxy,False,faster-whisper/small,cardiffnlp/twitter-roberta-base-sentiment-latest
en_AU_Health_1592677,194,customer,channel2,73,743.84,759.92,he's had it for five months,neutral,0.8204,False,False,False,False,False,16.08,0.021761,0.632019,-33.246,0.074847,1829.403,291.033,137.123,0.373,low,low,high,False,False,False,False,False,neutral,medium,5,medium customer vocal intensity,low,CUST_MEDIUM_VOCAL_INTENSITY,en_AU_Health_1592677:turn:194,1.0,1.0.0,conversation_risk_v1,heuristic_proxy,False,faster-whisper/small,cardiffnlp/twitter-roberta-base-sentiment-latest
en_AU_Health_1592677,195,agent,channel1,122,747.72,750.72,about what those worst case scenarios might be,neutral,0.5702,False,False,False,False,False,3.0,0.070868,0.998016,-22.991,0.166073,1728.257,151.074,82.45,2.667,medium,medium,low,False,False,False,False,False,neutral,medium,0,no strong signal,low,NO_STRONG_SIGNAL,en_AU_Health_1592677:turn:195,1.0,1.0.0,conversation_risk_v1,heuristic_proxy,False,faster-whisper/small,cardiffnlp/twitter-roberta-base-sentiment-latest
en_AU_Health_1592677,196,agent,channel1,123,750.72,753.72,"and just, you know, prompt them to get them addressed.",neutral,0.7802,False,False,False,False,False,3.0,0.093032,0.955841,-20.627,0.135514,1545.205,164.03,78.947,3.333,high,high,low,False,False,False,False,False,neutral,high,0,no strong signal,low,NO_STRONG_SIGNAL,en_AU_Health_1592677:turn:196,1.0,1.0.0,conversation_risk_v1,heuristic_proxy,False,faster-whisper/small,cardiffnlp/twitter-roberta-base-sentiment-latest
en_AU_Health_1592677,197,agent,channel1,124,753.72,756.72,Do you know how long roughly he's had this ingrown toenail for?,neutral,0.718,False,False,True,False,False,3.0,0.11265,0.742462,-18.965,0.144999,1464.83,175.317,64.838,4.0,high,high,low,False,False,True,False,False,neutral,high,0,agent probing question detected,low,AGENT_PROBING,en_AU_Health_1592677:turn:197,1.0,1.0.0,conversation_risk_v1,heuristic_proxy,False,faster-whisper/small,cardiffnlp/twitter-roberta-base-sentiment-latest
en_AU_Health_1592677,198,customer,channel2,74,759.92,769.8,"north, yeah",neutral,0.7231,False,False,False,False,False,9.88,0.031038,0.473694,-30.162,0.070878,1750.471,274.284,143.078,0.202,low,low,high,False,False,False,False,False,neutral,medium,5,medium customer vocal intensity,low,CUST_MEDIUM_VOCAL_INTENSITY,en_AU_Health_1592677:turn:198,1.0,1.0.0,conversation_risk_v1,heuristic_proxy,False,faster-whisper/small,cardiffnlp/twitter-roberta-base-sentiment-latest
en_AU_Health_1592677,199,agent,channel1,125,760.72,763.72,"Yes, so look, that's definitely quite a long time",neutral,0.5006,False,False,False,False,False,3.0,0.082871,0.572052,-21.632,0.115068,1345.991,173.127,87.625,3.0,high,high,low,False,False,False,False,False,neutral,high,0,no strong signal,low,NO_STRONG_SIGNAL,en_AU_Health_1592677:turn:199,1.0,1.0.0,conversation_risk_v1,heuristic_proxy,False,faster-whisper/small,cardiffnlp/twitter-roberta-base-sentiment-latest
en_AU_Health_1592677,200,agent,channel1,126,763.72,767.72,and I'm sure the pain on that isn't getting any better.,negative,0.8969,False,False,False,False,False,4.0,0.063412,0.44104,-23.957,0.093851,1098.219,134.601,67.462,2.75,medium,medium,low,False,False,False,False,False,negative,medium,8,negative agent sentiment,low,AGENT_NEGATIVE_SENTIMENT,en_AU_Health_1592677:turn:200,1.0,1.0.0,conversation_risk_v1,heuristic_proxy,False,faster-whisper/small,cardiffnlp/twitter-roberta-base-sentiment-latest
en_AU_Health_1592677,201,agent,channel1,127,767.72,774.72,"I would certainly, you know, encourage him to have that appointment.",positive,0.5108,False,False,False,False,False,7.0,0.109405,0.996399,-19.219,0.09336,1280.464,175.875,98.043,1.571,high,low,low,False,False,False,False,False,positive,medium,0,no strong signal,low,NO_STRONG_SIGNAL,en_AU_Health_1592677:turn:201,1.0,1.0.0,conversation_risk_v1,heuristic_proxy,False,faster-whisper/small,cardiffnlp/twitter-roberta-base-sentiment-latest
en_AU_Health_1592677,202,agent,channel1,128,774.72,778.72,"Look, it might be, too, that he has the initial consultation",neutral,0.8926,False,False,False,False,False,4.0,0.113336,0.999969,-18.913,0.133367,1676.464,205.974,68.202,2.75,high,medium,medium,False,False,False,False,False,neutral,medium,0,no strong signal,low,NO_STRONG_SIGNAL,en_AU_Health_1592677:turn:202,1.0,1.0.0,conversation_risk_v1,heuristic_proxy,False,faster-whisper/small,cardiffnlp/twitter-roberta-base-sentiment-latest
en_AU_Health_1592677,203,agent,channel1,129,778.72,780.72,and then a follow-up appointment.,neutral,0.8955,False,False,False,False,False,2.0,0.089265,0.598541,-20.986,0.089224,1211.769,186.448,87.815,2.5,high,medium,medium,False,False,False,False,False,neutral,medium,0,no strong signal,low,NO_STRONG_SIGNAL,en_AU_Health_1592677:turn:203,1.0,1.0.0,conversation_risk_v1,heuristic_proxy,False,faster-whisper/small,cardiffnlp/twitter-roberta-base-sentiment-latest
en_AU_Health_1592677,204,agent,channel1,130,780.72,785.72,"That way he can plan any, you know, time off that he might need",neutral,0.7653,False,False,False,False,False,5.0,0.087761,0.861969,-21.134,0.107409,1273.344,170.976,67.26,2.8,high,medium,low,False,False,False,False,False,neutral,medium,0,no strong signal,low,NO_STRONG_SIGNAL,en_AU_Health_1592677:turn:204,1.0,1.0.0,conversation_risk_v1,heuristic_proxy,False,faster-whisper/small,cardiffnlp/twitter-roberta-base-sentiment-latest
en_AU_Health_1592677,205,agent,channel1,131,785.72,787.72,around work or anything like that.,neutral,0.755,False,False,False,False,False,2.0,0.079729,0.637634,-21.968,0.108507,1246.709,175.182,69.397,3.0,high,high,low,False,False,False,False,False,neutral,high,0,no strong signal,low,NO_STRONG_SIGNAL,en_AU_Health_1592677:turn:205,1.0,1.0.0,conversation_risk_v1,heuristic_proxy,False,faster-whisper/small,cardiffnlp/twitter-roberta-base-sentiment-latest
en_AU_Health_1592677,206,agent,channel1,132,787.72,789.72,"But of course, you know, without having seen it,",neutral,0.7432,False,False,False,False,False,2.0,0.077062,0.689117,-22.263,0.208287,1948.296,162.918,53.07,4.5,medium,high,low,False,False,False,False,False,neutral,medium,0,no strong signal,low,NO_STRONG_SIGNAL,en_AU_Health_1592677:turn:206,1.0,1.0.0,conversation_risk_v1,heuristic_proxy,False,faster-whisper/small,cardiffnlp/twitter-roberta-base-sentiment-latest
en_AU_Health_1592677,207,agent,channel1,133,789.72,793.72,he would certainly need to come in for the initial consultation,neutral,0.9171,False,False,False,False,False,4.0,0.057033,0.571625,-24.877,0.138854,1497.24,163.012,75.979,2.75,medium,medium,low,False,False,False,False,False,neutral,medium,0,no strong signal,low,NO_STRONG_SIGNAL,en_AU_Health_1592677:turn:207,1.0,1.0.0,conversation_risk_v1,heuristic_proxy,False,faster-whisper/small,cardiffnlp/twitter-roberta-base-sentiment-latest
en_AU_Health_1592677,208,customer,channel2,75,789.92,808.92,"I think he actually sees the male doctor there, I've forgotten his name.",neutral,0.8851,False,False,False,False,False,19.0,0.037118,0.485291,-28.608,0.118507,2185.827,253.786,130.827,0.684,low,low,high,False,False,False,False,False,neutral,medium,5,medium customer vocal intensity,low,CUST_MEDIUM_VOCAL_INTENSITY,en_AU_Health_1592677:turn:208,1.0,1.0.0,conversation_risk_v1,heuristic_proxy,False,faster-whisper/small,cardiffnlp/twitter-roberta-base-sentiment-latest
en_AU_Health_1592677,209,agent,channel1,134,793.72,796.72,"and, yeah, have that conversation with the doctor.",neutral,0.8188,False,False,False,False,False,3.0,0.075728,0.537598,-22.415,0.137752,1447.334,145.989,79.36,2.667,medium,medium,low,False,False,False,False,False,neutral,medium,0,no strong signal,low,NO_STRONG_SIGNAL,en_AU_Health_1592677:turn:209,1.0,1.0.0,conversation_risk_v1,heuristic_proxy,False,faster-whisper/small,cardiffnlp/twitter-roberta-base-sentiment-latest
en_AU_Health_1592677,210,agent,channel1,135,796.72,800.72,Do you know if he sees the same doctor as yourself,neutral,0.9345,False,False,True,False,False,4.0,0.091484,0.558228,-20.773,0.165516,1701.506,184.296,78.814,2.75,high,medium,low,False,False,True,False,False,neutral,medium,0,agent probing question detected,low,AGENT_PROBING,en_AU_Health_1592677:turn:210,1.0,1.0.0,conversation_risk_v1,heuristic_proxy,False,faster-whisper/small,cardiffnlp/twitter-roberta-base-sentiment-latest
en_AU_Health_1592677,211,agent,channel1,136,800.72,802.72,or is it a different Dr. Muriel?,neutral,0.9482,False,False,True,False,False,2.0,0.07922,0.518097,-22.023,0.083295,1000.35,159.969,68.209,3.5,high,high,low,False,False,True,False,False,neutral,high,0,agent probing question detected,low,AGENT_PROBING,en_AU_Health_1592677:turn:211,1.0,1.0.0,conversation_risk_v1,heuristic_proxy,False,faster-whisper/small,cardiffnlp/twitter-roberta-base-sentiment-latest
en_AU_Health_1592677,212,customer,channel2,76,808.92,828.92,I think it's Dr. Mahmood.,neutral,0.9246,False,False,False,False,False,20.0,0.02061,0.40329,-33.718,0.087547,1944.778,281.109,135.358,0.25,low,low,high,False,False,False,False,False,neutral,medium,5,medium customer vocal intensity,low,CUST_MEDIUM_VOCAL_INTENSITY,en_AU_Health_1592677:turn:212,1.0,1.0.0,conversation_risk_v1,heuristic_proxy,False,faster-whisper/small,cardiffnlp/twitter-roberta-base-sentiment-latest
en_AU_Health_1592677,213,agent,channel1,137,809.72,814.72,"Oh, yeah, I can see Dr.",positive,0.5281,False,False,False,False,False,5.0,0.110981,0.999969,-19.095,0.035589,1011.772,282.895,132.395,1.2,high,low,high,False,False,False,False,False,positive,high,0,no strong signal,low,NO_STRONG_SIGNAL,en_AU_Health_1592677:turn:213,1.0,1.0.0,conversation_risk_v1,heuristic_proxy,False,faster-whisper/small,cardiffnlp/twitter-roberta-base-sentiment-latest
en_AU_Health_1592677,214,agent,channel1,138,814.72,816.72,"Yeah, we do have Dr. Muriel.",neutral,0.7015,False,False,False,False,False,2.0,0.118594,0.971191,-18.519,0.080892,1168.397,175.417,44.638,3.0,high,high,low,False,False,False,False,False,neutral,high,0,no strong signal,low,NO_STRONG_SIGNAL,en_AU_Health_1592677:turn:214,1.0,1.0.0,conversation_risk_v1,heuristic_proxy,False,faster-whisper/small,cardiffnlp/twitter-roberta-base-sentiment-latest
en_AU_Health_1592677,215,agent,channel1,139,816.72,820.72,"He usually works Mondays, Tuesdays and Fridays.",neutral,0.9154,False,False,False,False,False,4.0,0.135905,0.999969,-17.335,0.167453,1934.434,163.268,78.753,1.75,high,medium,low,False,False,False,False,False,neutral,medium,0,no strong signal,low,NO_STRONG_SIGNAL,en_AU_Health_1592677:turn:215,1.0,1.0.0,conversation_risk_v1,heuristic_proxy,False,faster-whisper/small,cardiffnlp/twitter-roberta-base-sentiment-latest
en_AU_Health_1592677,216,agent,channel1,140,820.72,825.72,"Now, would you be looking at making an initial appointment",neutral,0.944,False,False,False,False,False,5.0,0.098592,0.927856,-20.123,0.088516,1224.604,189.578,53.156,2.0,high,medium,medium,False,False,False,False,False,neutral,medium,0,no strong signal,low,NO_STRONG_SIGNAL,en_AU_Health_1592677:turn:216,1.0,1.0.0,conversation_risk_v1,heuristic_proxy,False,faster-whisper/small,cardiffnlp/twitter-roberta-base-sentiment-latest
en_AU_Health_1592677,217,agent,channel1,141,825.72,828.72,or consultation with Dr. Muriel for your husband?,neutral,0.9477,False,False,True,False,False,3.0,0.06101,0.375397,-24.292,0.114497,1408.976,181.754,66.809,2.667,medium,medium,low,False,False,True,False,False,neutral,medium,0,agent probing question detected,low,AGENT_PROBING,en_AU_Health_1592677:turn:217,1.0,1.0.0,conversation_risk_v1,heuristic_proxy,False,faster-whisper/small,cardiffnlp/twitter-roberta-base-sentiment-latest
en_AU_Health_1592677,218,customer,channel2,77,828.92,833.92,"What would be really great, Daniel, earlier you mentioned the telehealth option.",positive,0.9688,False,False,False,False,False,5.0,0.064814,0.490509,-23.767,0.108697,1814.377,212.932,61.537,2.4,medium,medium,medium,False,False,False,False,False,positive,medium,5,medium customer vocal intensity,low,CUST_MEDIUM_VOCAL_INTENSITY,en_AU_Health_1592677:turn:218,1.0,1.0.0,conversation_risk_v1,heuristic_proxy,False,faster-whisper/small,cardiffnlp/twitter-roberta-base-sentiment-latest
en_AU_Health_1592677,219,agent,channel1,142,833.72,834.72,Yeah.,neutral,0.5798,False,False,False,False,False,1.0,0.070424,0.6008,-23.046,0.050797,974.03,203.57,131.929,1.0,medium,low,medium,False,False,False,False,False,neutral,medium,0,no strong signal,low,NO_STRONG_SIGNAL,en_AU_Health_1592677:turn:219,1.0,1.0.0,conversation_risk_v1,heuristic_proxy,False,faster-whisper/small,cardiffnlp/twitter-roberta-base-sentiment-latest
en_AU_Health_1592677,220,customer,channel2,78,833.92,835.92,"I'm just thinking on the spot, right?",neutral,0.8694,False,False,False,False,False,2.0,0.05566,0.750641,-25.089,0.233755,2397.499,180.322,81.295,3.5,medium,high,low,False,False,False,False,False,neutral,medium,5,medium customer vocal intensity,low,CUST_MEDIUM_VOCAL_INTENSITY,en_AU_Health_1592677:turn:220,1.0,1.0.0,conversation_risk_v1,heuristic_proxy,False,faster-whisper/small,cardiffnlp/twitter-roberta-base-sentiment-latest
en_AU_Health_1592677,221,customer,channel2,79,835.92,844.92,Because he's so scared to come in and his friend has put the fear of God in him about what we discussed.,negative,0.6547,False,False,False,False,False,9.0,0.061624,0.609436,-24.205,0.143757,2015.936,206.004,65.891,2.444,medium,medium,medium,False,False,False,False,False,negative,medium,20,negative customer sentiment | medium customer vocal intensity,low,CUST_NEGATIVE_SENTIMENT|CUST_MEDIUM_VOCAL_INTENSITY,en_AU_Health_1592677:turn:221,1.0,1.0.0,conversation_risk_v1,heuristic_proxy,False,faster-whisper/small,cardiffnlp/twitter-roberta-base-sentiment-latest
en_AU_Health_1592677,222,agent,channel1,143,838.72,857.72,"Yeah, that's certainly an option.",neutral,0.5753,False,False,False,False,False,19.0,0.057894,0.964722,-24.747,0.025459,805.841,306.346,132.579,0.263,medium,low,high,False,False,False,False,False,neutral,medium,0,no strong signal,low,NO_STRONG_SIGNAL,en_AU_Health_1592677:turn:222,1.0,1.0.0,conversation_risk_v1,heuristic_proxy,False,faster-whisper/small,cardiffnlp/twitter-roberta-base-sentiment-latest
en_AU_Health_1592677,223,customer,channel2,80,844.92,854.92,"If Dr. Mahmood could do a telehealth, would I be able to book that online for my husband and maybe we could just do it that way?",neutral,0.8682,False,False,False,False,False,10.0,0.06412,0.697327,-23.86,0.136206,1936.163,226.724,83.014,2.7,medium,medium,high,False,False,False,False,False,neutral,medium,5,medium customer vocal intensity,low,CUST_MEDIUM_VOCAL_INTENSITY,en_AU_Health_1592677:turn:223,1.0,1.0.0,conversation_risk_v1,heuristic_proxy,False,faster-whisper/small,cardiffnlp/twitter-roberta-base-sentiment-latest
en_AU_Health_1592677,224,agent,channel1,144,857.72,858.72,Definitely do that.,positive,0.8321,False,False,False,False,False,1.0,0.068925,0.427521,-23.232,0.08728,1205.672,178.834,37.516,3.0,medium,high,low,False,False,False,False,False,positive,medium,0,no strong signal,low,NO_STRONG_SIGNAL,en_AU_Health_1592677:turn:224,1.0,1.0.0,conversation_risk_v1,heuristic_proxy,False,faster-whisper/small,cardiffnlp/twitter-roberta-base-sentiment-latest
en_AU_Health_1592677,225,agent,channel1,145,858.72,861.72,"And of course, you know, make sure you've got your husband's",neutral,0.6032,False,False,False,False,False,3.0,0.066746,0.389801,-23.511,0.141295,1491.386,174.991,72.251,3.667,medium,high,low,False,False,False,False,False,neutral,medium,0,no strong signal,low,NO_STRONG_SIGNAL,en_AU_Health_1592677:turn:225,1.0,1.0.0,conversation_risk_v1,heuristic_proxy,False,faster-whisper/small,cardiffnlp/twitter-roberta-base-sentiment-latest
en_AU_Health_1592677,226,agent,channel1,146,861.72,864.72,Medicare details handy as well.,neutral,0.608,False,False,False,False,False,3.0,0.06027,0.741791,-24.398,0.151372,1655.071,170.519,80.698,1.667,medium,low,low,False,False,False,False,False,neutral,medium,0,no strong signal,low,NO_STRONG_SIGNAL,en_AU_Health_1592677:turn:226,1.0,1.0.0,conversation_risk_v1,heuristic_proxy,False,faster-whisper/small,cardiffnlp/twitter-roberta-base-sentiment-latest
en_AU_Health_1592677,227,agent,channel1,147,864.72,867.72,"Again, I would just like to, you know, remind you",neutral,0.6847,False,False,False,False,False,3.0,0.131647,0.829681,-17.612,0.105453,1361.103,161.217,69.392,3.333,high,high,low,False,False,False,False,False,neutral,high,0,no strong signal,low,NO_STRONG_SIGNAL,en_AU_Health_1592677:turn:227,1.0,1.0.0,conversation_risk_v1,heuristic_proxy,False,faster-whisper/small,cardiffnlp/twitter-roberta-base-sentiment-latest
en_AU_Health_1592677,228,customer,channel2,81,866.92,871.92,Yeah.,neutral,0.5798,False,False,False,False,False,5.0,0.010837,0.359467,-39.302,0.025478,1546.91,316.927,131.729,0.2,low,low,high,False,False,False,False,False,neutral,medium,5,medium customer vocal intensity,low,CUST_MEDIUM_VOCAL_INTENSITY,en_AU_Health_1592677:turn:228,1.0,1.0.0,conversation_risk_v1,heuristic_proxy,False,faster-whisper/small,cardiffnlp/twitter-roberta-base-sentiment-latest
en_AU_Health_1592677,229,agent,channel1,148,867.72,870.72,it's probably best to tell him he's got the appointment,neutral,0.8264,False,False,False,False,False,3.0,0.074117,0.512848,-22.602,0.100617,1241.078,169.928,52.459,3.333,medium,high,low,False,False,False,False,False,neutral,medium,0,no strong signal,low,NO_STRONG_SIGNAL,en_AU_Health_1592677:turn:229,1.0,1.0.0,conversation_risk_v1,heuristic_proxy,False,faster-whisper/small,cardiffnlp/twitter-roberta-base-sentiment-latest
en_AU_Health_1592677,230,agent,channel1,149,870.72,872.72,so he knows to expect the recall.,neutral,0.8681,False,False,False,False,False,2.0,0.085184,0.507599,-21.393,0.172146,1613.136,169.058,64.018,3.5,high,high,low,False,False,False,False,False,neutral,high,0,no strong signal,low,NO_STRONG_SIGNAL,en_AU_Health_1592677:turn:230,1.0,1.0.0,conversation_risk_v1,heuristic_proxy,False,faster-whisper/small,cardiffnlp/twitter-roberta-base-sentiment-latest
en_AU_Health_1592677,231,agent,channel1,150,872.72,876.72,"And, you know, potentially if he can get that appointment",neutral,0.8146,False,False,False,False,False,4.0,0.090909,0.768677,-20.828,0.140001,1694.345,170.112,84.654,2.5,high,medium,low,False,False,False,False,False,neutral,medium,0,no strong signal,low,NO_STRONG_SIGNAL,en_AU_Health_1592677:turn:231,1.0,1.0.0,conversation_risk_v1,heuristic_proxy,False,faster-whisper/small,cardiffnlp/twitter-roberta-base-sentiment-latest
en_AU_Health_1592677,232,agent,channel1,151,876.72,878.72,"around a time that's convenient for him,",neutral,0.6982,False,False,False,False,False,2.0,0.05469,0.365936,-25.242,0.105949,1120.654,158.014,58.076,3.5,medium,high,low,False,False,False,False,False,neutral,medium,0,no strong signal,low,NO_STRONG_SIGNAL,en_AU_Health_1592677:turn:232,1.0,1.0.0,conversation_risk_v1,heuristic_proxy,False,faster-whisper/small,cardiffnlp/twitter-roberta-base-sentiment-latest
en_AU_Health_1592677,233,agent,channel1,152,878.72,880.72,"potentially a lunchtime if he's at work,",neutral,0.8463,False,False,False,False,False,2.0,0.049026,0.423676,-26.191,0.160823,1571.226,158.701,58.792,3.5,low,high,low,False,False,False,False,False,neutral,medium,0,no strong signal,low,NO_STRONG_SIGNAL,en_AU_Health_1592677:turn:233,1.0,1.0.0,conversation_risk_v1,heuristic_proxy,False,faster-whisper/small,cardiffnlp/twitter-roberta-base-sentiment-latest
en_AU_Health_1592677,234,agent,channel1,153,880.72,883.72,"that might be, you know, helpful in reducing",neutral,0.5479,False,False,False,False,False,3.0,0.10007,0.99585,-19.994,0.092529,1022.585,166.214,87.009,2.667,high,medium,low,False,False,False,False,False,neutral,medium,0,no strong signal,low,NO_STRONG_SIGNAL,en_AU_Health_1592677:turn:234,1.0,1.0.0,conversation_risk_v1,heuristic_proxy,False,faster-whisper/small,cardiffnlp/twitter-roberta-base-sentiment-latest
en_AU_Health_1592677,235,agent,channel1,154,883.72,886.72,any kind of anxiety around that appointment.,negative,0.5908,False,False,False,False,False,3.0,0.053086,0.399475,-25.5,0.116549,1317.611,141.275,73.144,2.333,medium,medium,low,False,False,False,False,False,negative,medium,8,negative agent sentiment,low,AGENT_NEGATIVE_SENTIMENT,en_AU_Health_1592677:turn:235,1.0,1.0.0,conversation_risk_v1,heuristic_proxy,False,faster-whisper/small,cardiffnlp/twitter-roberta-base-sentiment-latest
en_AU_Health_1592677,236,customer,channel2,82,886.92,891.92,"Awesome. Well, thank you so much, Daniel. You've been so helpful today. I'll see you on Thursday.",positive,0.9894,False,False,False,False,False,5.0,0.054106,0.545258,-25.335,0.146133,1947.042,225.76,61.388,3.4,medium,high,high,False,False,False,False,False,positive,high,15,high customer vocal intensity,low,CUST_HIGH_VOCAL_INTENSITY,en_AU_Health_1592677:turn:236,1.0,1.0.0,conversation_risk_v1,heuristic_proxy,False,faster-whisper/small,cardiffnlp/twitter-roberta-base-sentiment-latest
en_AU_Health_1592677,237,agent,channel1,155,891.72,892.72,No problem.,neutral,0.487,False,False,False,False,False,1.0,0.142565,0.784454,-16.92,0.042236,623.232,244.06,99.596,2.0,high,medium,high,False,False,False,False,False,neutral,high,0,no strong signal,low,NO_STRONG_SIGNAL,en_AU_Health_1592677:turn:237,1.0,1.0.0,conversation_risk_v1,heuristic_proxy,False,faster-whisper/small,cardiffnlp/twitter-roberta-base-sentiment-latest
en_AU_Health_1592677,238,agent,channel1,156,892.72,895.72,"And don't forget, give us a buzz, Marie,",positive,0.8625,False,False,False,False,False,3.0,0.148237,0.93045,-16.581,0.146578,1604.1,177.331,68.553,2.667,high,medium,low,False,False,False,False,False,positive,medium,0,no strong signal,low,NO_STRONG_SIGNAL,en_AU_Health_1592677:turn:238,1.0,1.0.0,conversation_risk_v1,heuristic_proxy,False,faster-whisper/small,cardiffnlp/twitter-roberta-base-sentiment-latest
en_AU_Health_1592677,239,agent,channel1,157,895.72,900.72,if you haven't heard by two or three p.m. tomorrow.,neutral,0.8034,False,False,False,False,False,5.0,0.041539,0.497894,-27.631,0.063293,1068.061,229.363,138.447,2.0,low,medium,high,False,False,False,False,False,neutral,medium,0,no strong signal,low,NO_STRONG_SIGNAL,en_AU_Health_1592677:turn:239,1.0,1.0.0,conversation_risk_v1,heuristic_proxy,False,faster-whisper/small,cardiffnlp/twitter-roberta-base-sentiment-latest
en_AU_Health_1592677,240,customer,channel2,83,896.92,900.92,Brilliant. Thanks so much. Have a great day.,positive,0.9849,False,False,False,False,False,4.0,0.034433,0.278809,-29.261,0.063163,1652.792,271.68,101.207,2.0,low,medium,high,False,False,False,False,False,positive,medium,5,medium customer vocal intensity,low,CUST_MEDIUM_VOCAL_INTENSITY,en_AU_Health_1592677:turn:240,1.0,1.0.0,conversation_risk_v1,heuristic_proxy,False,faster-whisper/small,cardiffnlp/twitter-roberta-base-sentiment-latest
en_AU_Health_1592677,241,agent,channel1,158,900.72,901.72,You too.,neutral,0.5769,False,False,False,False,False,1.0,0.030526,0.221069,-30.306,0.070129,1377.452,265.674,119.025,2.0,low,medium,high,False,False,False,False,False,neutral,medium,0,no strong signal,low,NO_STRONG_SIGNAL,en_AU_Health_1592677:turn:241,1.0,1.0.0,conversation_risk_v1,heuristic_proxy,False,faster-whisper/small,cardiffnlp/twitter-roberta-base-sentiment-latest
en_AU_Health_1592677,242,customer,channel2,84,900.92,903.92,Thanks.,positive,0.7303,False,False,False,False,False,3.0,0.008471,0.163879,-41.441,0.12794,2364.625,209.153,128.384,0.333,low,low,medium,False,False,False,False,False,positive,low,0,no strong signal,low,NO_STRONG_SIGNAL,en_AU_Health_1592677:turn:242,1.0,1.0.0,conversation_risk_v1,heuristic_proxy,False,faster-whisper/small,cardiffnlp/twitter-roberta-base-sentiment-latest
