call_id,turn_id,speaker,channel,segment_id,start_time,end_time,text,sentiment_label,sentiment_score,frustration_flag,empathy_flag,probing_flag,ownership_flag,next_steps_flag,segment_duration_sec,rms_energy,peak_amplitude,rms_db,zero_crossing_rate,spectral_centroid,pitch_mean_hz,pitch_std_hz,speaking_rate_wps,volume_level,speaking_rate_level,pitch_level,frustration_flag_bool,empathy_flag_bool,probing_flag_bool,ownership_flag_bool,next_steps_flag_bool,normalized_sentiment,vocal_intensity_level,turn_risk_score,turn_main_signal,turn_risk_level,turn_reason_codes,evidence_id,signal_coverage_confidence,analytical_contract_version,risk_rubric_version,risk_score_type,risk_score_calibrated,asr_model_id,sentiment_model_id
en_AU_DeliveryService_1592668,1,agent,channel1,1,0.0,20.24,"Good afternoon, you've reached Swift and Shift Chorias.",positive,0.8526,False,False,False,False,False,20.24,0.073661,0.999969,-22.655,0.078366,1283.32,252.858,135.983,0.395,medium,low,high,False,False,False,False,False,positive,medium,0,no strong signal,low,NO_STRONG_SIGNAL,en_AU_DeliveryService_1592668:turn:1,1.0,1.0.0,conversation_risk_v1,heuristic_proxy,False,faster-whisper/small,cardiffnlp/twitter-roberta-base-sentiment-latest
en_AU_DeliveryService_1592668,2,customer,channel2,1,0.0,28.84,"Hi Daniel, yeah I'm calling because I'm getting a bit worried, let me explain.",neutral,0.5577,False,False,False,False,False,28.84,0.017316,0.444214,-35.231,0.084183,1779.102,254.85,138.884,0.485,low,low,high,False,False,False,False,False,neutral,medium,5,medium customer vocal intensity,low,CUST_MEDIUM_VOCAL_INTENSITY,en_AU_DeliveryService_1592668:turn:2,1.0,1.0.0,conversation_risk_v1,heuristic_proxy,False,faster-whisper/small,cardiffnlp/twitter-roberta-base-sentiment-latest
en_AU_DeliveryService_1592668,3,agent,channel1,2,20.24,21.24,My name is Danielle.,neutral,0.8506,False,False,False,False,False,1.0,0.09496,0.591614,-20.449,0.098984,1333.402,169.637,46.732,4.0,high,high,low,False,False,False,False,False,neutral,high,0,no strong signal,low,NO_STRONG_SIGNAL,en_AU_DeliveryService_1592668:turn:3,1.0,1.0.0,conversation_risk_v1,heuristic_proxy,False,faster-whisper/small,cardiffnlp/twitter-roberta-base-sentiment-latest
en_AU_DeliveryService_1592668,4,agent,channel1,3,21.24,26.24,How can I help you today?,neutral,0.7191,False,False,True,False,False,5.0,0.044733,0.656555,-26.987,0.095588,1461.841,267.104,124.496,1.2,low,low,high,False,False,True,False,False,neutral,medium,0,agent probing question detected,low,AGENT_PROBING,en_AU_DeliveryService_1592668:turn:4,1.0,1.0.0,conversation_risk_v1,heuristic_proxy,False,faster-whisper/small,cardiffnlp/twitter-roberta-base-sentiment-latest
en_AU_DeliveryService_1592668,5,agent,channel1,4,26.24,37.92,"Look, I'm so sorry to hear that.",negative,0.9018,False,False,False,False,False,11.68,0.026315,0.43573,-31.596,0.040629,1129.466,304.533,130.583,0.599,low,low,high,False,False,False,False,False,negative,medium,8,negative agent sentiment,low,AGENT_NEGATIVE_SENTIMENT,en_AU_DeliveryService_1592668:turn:5,1.0,1.0.0,conversation_risk_v1,heuristic_proxy,False,faster-whisper/small,cardiffnlp/twitter-roberta-base-sentiment-latest
en_AU_DeliveryService_1592668,6,customer,channel2,2,28.84,43.84,I had a package and it was supposed to arrive yesterday and it still hasn't shown up.,negative,0.8017,False,False,False,False,False,15.0,0.029708,0.444275,-30.542,0.134491,2175.118,232.791,129.386,1.133,low,low,medium,False,False,False,False,False,negative,low,15,negative customer sentiment,low,CUST_NEGATIVE_SENTIMENT,en_AU_DeliveryService_1592668:turn:6,1.0,1.0.0,conversation_risk_v1,heuristic_proxy,False,faster-whisper/small,cardiffnlp/twitter-roberta-base-sentiment-latest
en_AU_DeliveryService_1592668,7,agent,channel1,5,37.92,40.6,I can definitely help you track that down.,neutral,0.6585,False,False,False,False,False,2.68,0.052588,0.42627,-25.582,0.108032,1279.715,181.506,56.007,2.985,low,high,low,False,False,False,False,False,neutral,medium,0,no strong signal,low,NO_STRONG_SIGNAL,en_AU_DeliveryService_1592668:turn:7,1.0,1.0.0,conversation_risk_v1,heuristic_proxy,False,faster-whisper/small,cardiffnlp/twitter-roberta-base-sentiment-latest
en_AU_DeliveryService_1592668,8,agent,channel1,6,40.6,44.24,"Can I start by getting your name, please?",neutral,0.8598,False,False,True,False,False,3.64,0.044795,0.471191,-26.975,0.099901,1377.48,250.966,125.709,2.198,low,medium,high,False,False,True,False,False,neutral,medium,0,agent probing question detected,low,AGENT_PROBING,en_AU_DeliveryService_1592668:turn:8,1.0,1.0.0,conversation_risk_v1,heuristic_proxy,False,faster-whisper/small,cardiffnlp/twitter-roberta-base-sentiment-latest
en_AU_DeliveryService_1592668,9,customer,channel2,3,43.84,60.56,"Yeah it's Maria Santoro, my tracking number, is that the number, yeah hang on, is it the",neutral,0.7409,False,False,False,False,False,16.72,0.046032,0.55188,-26.739,0.136791,1964.437,205.516,109.241,1.017,low,low,medium,False,False,False,False,False,neutral,low,0,no strong signal,low,NO_STRONG_SIGNAL,en_AU_DeliveryService_1592668:turn:9,1.0,1.0.0,conversation_risk_v1,heuristic_proxy,False,faster-whisper/small,cardiffnlp/twitter-roberta-base-sentiment-latest
en_AU_DeliveryService_1592668,10,agent,channel1,7,44.24,48.4,"Okay, thank you, Maria.",positive,0.8586,False,False,False,False,False,4.16,0.040444,0.584473,-27.863,0.065422,1205.04,265.328,130.189,0.962,low,low,high,False,False,False,False,False,positive,medium,0,no strong signal,low,NO_STRONG_SIGNAL,en_AU_DeliveryService_1592668:turn:10,1.0,1.0.0,conversation_risk_v1,heuristic_proxy,False,faster-whisper/small,cardiffnlp/twitter-roberta-base-sentiment-latest
en_AU_DeliveryService_1592668,11,agent,channel1,8,48.4,52.8,Do you have your tracking number handy at all?,neutral,0.9456,False,False,True,False,False,4.4,0.065213,0.602753,-23.713,0.051333,1009.816,279.971,125.985,2.045,medium,medium,high,False,False,True,False,False,neutral,medium,0,agent probing question detected,low,AGENT_PROBING,en_AU_DeliveryService_1592668:turn:11,1.0,1.0.0,conversation_risk_v1,heuristic_proxy,False,faster-whisper/small,cardiffnlp/twitter-roberta-base-sentiment-latest
en_AU_DeliveryService_1592668,12,agent,channel1,9,52.8,64.8,Correct.,neutral,0.601,False,False,False,False,False,12.0,0.032337,0.854828,-29.806,0.026649,944.786,309.669,136.828,0.083,low,low,high,False,False,False,False,False,neutral,medium,0,no strong signal,low,NO_STRONG_SIGNAL,en_AU_DeliveryService_1592668:turn:12,1.0,1.0.0,conversation_risk_v1,heuristic_proxy,False,faster-whisper/small,cardiffnlp/twitter-roberta-base-sentiment-latest
en_AU_DeliveryService_1592668,13,customer,channel2,4,60.56,85.56,one that starts in SE? Alright so SE 47892341AU.,neutral,0.9031,False,False,False,False,False,25.0,0.039863,0.802399,-27.989,0.128449,2038.815,220.702,121.458,0.36,low,low,medium,False,False,False,False,False,neutral,low,0,no strong signal,low,NO_STRONG_SIGNAL,en_AU_DeliveryService_1592668:turn:13,1.0,1.0.0,conversation_risk_v1,heuristic_proxy,False,faster-whisper/small,cardiffnlp/twitter-roberta-base-sentiment-latest
en_AU_DeliveryService_1592668,14,agent,channel1,10,64.8,75.72,"Yep, so perfect.",positive,0.978,False,False,False,False,False,10.92,0.035771,0.615875,-28.929,0.04264,1074.587,299.488,134.345,0.275,low,low,high,False,False,False,False,False,positive,medium,0,no strong signal,low,NO_STRONG_SIGNAL,en_AU_DeliveryService_1592668:turn:14,1.0,1.0.0,conversation_risk_v1,heuristic_proxy,False,faster-whisper/small,cardiffnlp/twitter-roberta-base-sentiment-latest
en_AU_DeliveryService_1592668,15,agent,channel1,11,75.72,85.32,"Just to confirm, I have Sierra Echo 47892341 Alfa Umbrella.",neutral,0.8816,False,False,False,False,False,9.6,0.068183,0.54837,-23.327,0.139546,1551.223,193.556,83.432,1.042,medium,low,medium,False,False,False,False,False,neutral,medium,0,no strong signal,low,NO_STRONG_SIGNAL,en_AU_DeliveryService_1592668:turn:15,1.0,1.0.0,conversation_risk_v1,heuristic_proxy,False,faster-whisper/small,cardiffnlp/twitter-roberta-base-sentiment-latest
en_AU_DeliveryService_1592668,16,agent,channel1,12,85.32,88.84,Just give me a moment while I pull that up in our system.,neutral,0.7076,False,False,False,False,False,3.52,0.065618,0.505554,-23.66,0.113514,1268.794,214.962,97.444,3.693,medium,high,medium,False,False,False,False,False,neutral,medium,0,no strong signal,low,NO_STRONG_SIGNAL,en_AU_DeliveryService_1592668:turn:16,1.0,1.0.0,conversation_risk_v1,heuristic_proxy,False,faster-whisper/small,cardiffnlp/twitter-roberta-base-sentiment-latest
en_AU_DeliveryService_1592668,17,customer,channel2,5,85.56,104.04,"Yeah that's right, I'm going to my accountant's office in Parramatta, I mean sorry it's going",neutral,0.6143,False,False,False,False,False,18.48,0.039499,0.648224,-28.068,0.145374,2327.043,224.528,125.737,0.866,low,low,medium,False,False,False,False,False,neutral,low,0,no strong signal,low,NO_STRONG_SIGNAL,en_AU_DeliveryService_1592668:turn:17,1.0,1.0.0,conversation_risk_v1,heuristic_proxy,False,faster-whisper/small,cardiffnlp/twitter-roberta-base-sentiment-latest
en_AU_DeliveryService_1592668,18,agent,channel1,13,88.84,91.96,"Okay, I can see it here.",neutral,0.7033,False,False,False,False,False,3.12,0.055165,0.454193,-25.167,0.11088,1491.921,214.624,122.36,1.923,medium,medium,medium,False,False,False,False,False,neutral,medium,0,no strong signal,low,NO_STRONG_SIGNAL,en_AU_DeliveryService_1592668:turn:18,1.0,1.0.0,conversation_risk_v1,heuristic_proxy,False,faster-whisper/small,cardiffnlp/twitter-roberta-base-sentiment-latest
en_AU_DeliveryService_1592668,19,agent,channel1,14,91.96,98.92,"This one was sent from your address in Newtown to, it looks like it might be Paramatter.",neutral,0.8957,False,False,False,False,False,6.96,0.060127,0.426666,-24.419,0.092753,1332.356,236.017,99.628,2.443,medium,medium,high,False,False,False,False,False,neutral,medium,0,no strong signal,low,NO_STRONG_SIGNAL,en_AU_DeliveryService_1592668:turn:19,1.0,1.0.0,conversation_risk_v1,heuristic_proxy,False,faster-whisper/small,cardiffnlp/twitter-roberta-base-sentiment-latest
en_AU_DeliveryService_1592668,20,agent,channel1,15,98.92,124.96,"Yeah, look, I completely understand, Maria, tax documents are definitely time sensitive,",neutral,0.609,False,True,False,False,False,26.04,0.021329,0.375946,-33.42,0.040536,1004.936,290.835,138.116,0.461,low,low,high,False,True,False,False,False,neutral,medium,0,agent empathy detected,low,AGENT_EMPATHY,en_AU_DeliveryService_1592668:turn:20,1.0,1.0.0,conversation_risk_v1,heuristic_proxy,False,faster-whisper/small,cardiffnlp/twitter-roberta-base-sentiment-latest
en_AU_DeliveryService_1592668,21,customer,channel2,6,104.04,110.12,"to my accountant's office in Parramatta, look I'm going to be honest I'm really stressed",negative,0.7731,False,False,False,False,False,6.08,0.049308,0.502838,-26.142,0.157316,1918.718,186.819,76.164,2.467,low,medium,medium,False,False,False,False,False,negative,low,15,negative customer sentiment,low,CUST_NEGATIVE_SENTIMENT,en_AU_DeliveryService_1592668:turn:21,1.0,1.0.0,conversation_risk_v1,heuristic_proxy,False,faster-whisper/small,cardiffnlp/twitter-roberta-base-sentiment-latest
en_AU_DeliveryService_1592668,22,customer,channel2,7,110.12,114.28,"about this because it's got important documents in there, my tax paperwork for the financial",neutral,0.6467,False,False,False,False,False,4.16,0.052888,0.485687,-25.533,0.130065,1602.748,199.038,47.332,3.606,low,high,medium,False,False,False,False,False,neutral,medium,5,medium customer vocal intensity,low,CUST_MEDIUM_VOCAL_INTENSITY,en_AU_DeliveryService_1592668:turn:22,1.0,1.0.0,conversation_risk_v1,heuristic_proxy,False,faster-whisper/small,cardiffnlp/twitter-roberta-base-sentiment-latest
en_AU_DeliveryService_1592668,23,customer,channel2,8,114.28,138.6,"year, you know end of financial year has just passed, I just need to get to it ASAP.",neutral,0.5406,False,False,False,False,False,24.32,0.028541,0.510193,-30.891,0.088813,1980.831,249.905,139.428,0.74,low,low,high,False,False,False,False,False,neutral,medium,5,medium customer vocal intensity,low,CUST_MEDIUM_VOCAL_INTENSITY,en_AU_DeliveryService_1592668:turn:23,1.0,1.0.0,conversation_risk_v1,heuristic_proxy,False,faster-whisper/small,cardiffnlp/twitter-roberta-base-sentiment-latest
en_AU_DeliveryService_1592668,24,agent,channel1,16,124.96,127.16,especially this time of year.,negative,0.4977,False,False,False,False,False,2.2,0.084276,0.74469,-21.486,0.161296,1640.531,176.651,83.465,2.273,medium,medium,low,False,False,False,False,False,negative,medium,8,negative agent sentiment,low,AGENT_NEGATIVE_SENTIMENT,en_AU_DeliveryService_1592668:turn:24,1.0,1.0.0,conversation_risk_v1,heuristic_proxy,False,faster-whisper/small,cardiffnlp/twitter-roberta-base-sentiment-latest
en_AU_DeliveryService_1592668,25,agent,channel1,17,127.16,130.92,Let me trace down exactly where your package is right now.,neutral,0.85,False,False,False,False,False,3.76,0.08212,0.784851,-21.711,0.100491,1279.861,209.875,97.376,2.926,medium,high,medium,False,False,False,False,False,neutral,medium,0,no strong signal,low,NO_STRONG_SIGNAL,en_AU_DeliveryService_1592668:turn:25,1.0,1.0.0,conversation_risk_v1,heuristic_proxy,False,faster-whisper/small,cardiffnlp/twitter-roberta-base-sentiment-latest
en_AU_DeliveryService_1592668,26,agent,channel1,18,130.92,133.28,"Right, okay.",neutral,0.6004,False,False,False,False,False,2.36,0.077586,0.853699,-22.204,0.108181,1424.145,219.884,134.696,0.847,medium,low,medium,False,False,False,False,False,neutral,medium,0,no strong signal,low,NO_STRONG_SIGNAL,en_AU_DeliveryService_1592668:turn:26,1.0,1.0.0,conversation_risk_v1,heuristic_proxy,False,faster-whisper/small,cardiffnlp/twitter-roberta-base-sentiment-latest
en_AU_DeliveryService_1592668,27,agent,channel1,19,133.28,138.24,So I can see that it's left down Marikul Depot on Monday morning as scheduled.,neutral,0.9189,False,False,False,False,False,4.96,0.107423,0.72995,-19.378,0.122703,1504.631,186.797,76.63,3.024,high,high,medium,False,False,False,False,False,neutral,high,0,no strong signal,low,NO_STRONG_SIGNAL,en_AU_DeliveryService_1592668:turn:27,1.0,1.0.0,conversation_risk_v1,heuristic_proxy,False,faster-whisper/small,cardiffnlp/twitter-roberta-base-sentiment-latest
en_AU_DeliveryService_1592668,28,agent,channel1,20,138.24,148.12,"Yeah, look, sorry, Maria, you're not on the right.",negative,0.7915,False,False,False,False,False,9.88,0.046378,0.614655,-26.674,0.051511,1040.723,280.009,136.269,0.911,low,low,high,False,False,False,False,False,negative,medium,8,negative agent sentiment,low,AGENT_NEGATIVE_SENTIMENT,en_AU_DeliveryService_1592668:turn:28,1.0,1.0.0,conversation_risk_v1,heuristic_proxy,False,faster-whisper/small,cardiffnlp/twitter-roberta-base-sentiment-latest
en_AU_DeliveryService_1592668,29,customer,channel2,9,139.6,157.52,"That's two days ago, it should have been there by Tuesday Arvo at the latest.",neutral,0.8379,False,False,False,False,False,17.92,0.037351,0.543915,-28.554,0.096396,1899.098,258.354,139.408,0.837,low,low,high,False,False,False,False,False,neutral,medium,5,medium customer vocal intensity,low,CUST_MEDIUM_VOCAL_INTENSITY,en_AU_DeliveryService_1592668:turn:29,1.0,1.0.0,conversation_risk_v1,heuristic_proxy,False,faster-whisper/small,cardiffnlp/twitter-roberta-base-sentiment-latest
en_AU_DeliveryService_1592668,30,agent,channel1,21,148.12,150.0,I apologize for the delay.,negative,0.6078,False,True,False,False,False,1.88,0.081709,0.483643,-21.755,0.12692,1491.026,161.29,69.661,2.66,medium,medium,low,False,True,False,False,False,negative,medium,0,negative agent sentiment | agent empathy detected,low,AGENT_NEGATIVE_SENTIMENT|AGENT_EMPATHY,en_AU_DeliveryService_1592668:turn:30,1.0,1.0.0,conversation_risk_v1,heuristic_proxy,False,faster-whisper/small,cardiffnlp/twitter-roberta-base-sentiment-latest
en_AU_DeliveryService_1592668,31,agent,channel1,22,150.0,153.8,"Let me just see what's happened, what's gone down.",neutral,0.8491,False,False,False,False,False,3.8,0.051348,0.423279,-25.79,0.133104,1595.183,195.128,109.594,2.368,low,medium,medium,False,False,False,False,False,neutral,low,0,no strong signal,low,NO_STRONG_SIGNAL,en_AU_DeliveryService_1592668:turn:31,1.0,1.0.0,conversation_risk_v1,heuristic_proxy,False,faster-whisper/small,cardiffnlp/twitter-roberta-base-sentiment-latest
en_AU_DeliveryService_1592668,32,agent,channel1,23,153.8,157.4,"Give me a moment, please, while I look into it.",neutral,0.8035,False,False,False,False,False,3.6,0.046404,0.384308,-26.669,0.051952,1038.532,226.792,132.965,2.778,low,medium,medium,False,False,False,False,False,neutral,low,0,no strong signal,low,NO_STRONG_SIGNAL,en_AU_DeliveryService_1592668:turn:32,1.0,1.0.0,conversation_risk_v1,heuristic_proxy,False,faster-whisper/small,cardiffnlp/twitter-roberta-base-sentiment-latest
en_AU_DeliveryService_1592668,33,agent,channel1,24,157.4,162.16,"Okay, Maria, sorry, are you there?",neutral,0.7643,False,False,True,False,False,4.76,0.069949,0.598114,-23.104,0.079282,1391.975,221.685,131.651,1.261,medium,low,medium,False,False,True,False,False,neutral,medium,0,agent probing question detected,low,AGENT_PROBING,en_AU_DeliveryService_1592668:turn:33,1.0,1.0.0,conversation_risk_v1,heuristic_proxy,False,faster-whisper/small,cardiffnlp/twitter-roberta-base-sentiment-latest
en_AU_DeliveryService_1592668,34,agent,channel1,25,162.16,165.12,"Right, okay, I can see the issue now.",neutral,0.6765,False,False,False,False,False,2.96,0.080181,0.690216,-21.919,0.131647,1660.156,204.098,105.391,2.703,medium,medium,medium,False,False,False,False,False,neutral,medium,0,no strong signal,low,NO_STRONG_SIGNAL,en_AU_DeliveryService_1592668:turn:34,1.0,1.0.0,conversation_risk_v1,heuristic_proxy,False,faster-whisper/small,cardiffnlp/twitter-roberta-base-sentiment-latest
en_AU_DeliveryService_1592668,35,agent,channel1,26,165.12,169.16,"Basically, your package was on the delivery truck Tuesday morning.",neutral,0.8891,False,False,False,False,False,4.04,0.081284,0.691315,-21.8,0.11786,1569.072,192.01,65.744,2.475,medium,medium,medium,False,False,False,False,False,neutral,medium,0,no strong signal,low,NO_STRONG_SIGNAL,en_AU_DeliveryService_1592668:turn:35,1.0,1.0.0,conversation_risk_v1,heuristic_proxy,False,faster-whisper/small,cardiffnlp/twitter-roberta-base-sentiment-latest
en_AU_DeliveryService_1592668,36,agent,channel1,27,169.16,172.6,There was a significant delay due to roadworks on Paramatter Road.,negative,0.5369,False,False,False,False,False,3.44,0.093255,0.665588,-20.607,0.132799,1638.885,190.809,68.732,3.198,high,high,medium,False,False,False,False,False,negative,high,8,negative agent sentiment,low,AGENT_NEGATIVE_SENTIMENT,en_AU_DeliveryService_1592668:turn:36,1.0,1.0.0,conversation_risk_v1,heuristic_proxy,False,faster-whisper/small,cardiffnlp/twitter-roberta-base-sentiment-latest
en_AU_DeliveryService_1592668,37,agent,channel1,28,172.6,176.92,"Apparently, they've got major resurfacing happening near Homebush.",neutral,0.8375,False,False,False,False,False,4.32,0.097473,0.74353,-20.222,0.123086,1543.619,185.943,72.747,1.852,high,medium,medium,False,False,False,False,False,neutral,medium,0,no strong signal,low,NO_STRONG_SIGNAL,en_AU_DeliveryService_1592668:turn:37,1.0,1.0.0,conversation_risk_v1,heuristic_proxy,False,faster-whisper/small,cardiffnlp/twitter-roberta-base-sentiment-latest
en_AU_DeliveryService_1592668,38,agent,channel1,29,176.92,180.36,"That'll be a fucking fur, that'll be, sorry.",negative,0.9366,False,False,False,False,False,3.44,0.064089,0.917419,-23.864,0.066257,1035.074,190.135,113.444,2.326,medium,medium,medium,False,False,False,False,False,negative,medium,8,negative agent sentiment,low,AGENT_NEGATIVE_SENTIMENT,en_AU_DeliveryService_1592668:turn:38,1.0,1.0.0,conversation_risk_v1,heuristic_proxy,False,faster-whisper/small,cardiffnlp/twitter-roberta-base-sentiment-latest
en_AU_DeliveryService_1592668,39,agent,channel1,30,181.32,192.92,"Yeah, so there's major resurfacing happening near Homebush.",neutral,0.7294,False,False,False,False,False,11.6,0.07791,0.999969,-22.168,0.068721,1160.817,271.596,131.084,0.69,medium,low,high,False,False,False,False,False,neutral,medium,0,no strong signal,low,NO_STRONG_SIGNAL,en_AU_DeliveryService_1592668:turn:39,1.0,1.0.0,conversation_risk_v1,heuristic_proxy,False,faster-whisper/small,cardiffnlp/twitter-roberta-base-sentiment-latest
en_AU_DeliveryService_1592668,40,customer,channel2,10,187.52,209.52,"Oh man, that road's always a nightmare, so you're telling me it's just sitting there,",negative,0.858,False,False,False,False,False,22.0,0.035777,0.484131,-28.928,0.064612,1702.956,297.839,126.213,0.682,low,low,high,False,False,False,False,False,negative,medium,20,negative customer sentiment | medium customer vocal intensity,low,CUST_NEGATIVE_SENTIMENT|CUST_MEDIUM_VOCAL_INTENSITY,en_AU_DeliveryService_1592668:turn:40,1.0,1.0.0,conversation_risk_v1,heuristic_proxy,False,faster-whisper/small,cardiffnlp/twitter-roberta-base-sentiment-latest
en_AU_DeliveryService_1592668,41,agent,channel1,31,192.92,194.72,Tell me about it.,neutral,0.7895,False,False,False,False,False,1.8,0.210411,0.993256,-13.539,0.10062,1535.659,216.464,47.583,2.222,high,medium,medium,False,False,False,False,False,neutral,medium,0,no strong signal,low,NO_STRONG_SIGNAL,en_AU_DeliveryService_1592668:turn:41,1.0,1.0.0,conversation_risk_v1,heuristic_proxy,False,faster-whisper/small,cardiffnlp/twitter-roberta-base-sentiment-latest
en_AU_DeliveryService_1592668,42,agent,channel1,32,194.72,196.52,"So look, here's the thing.",neutral,0.7869,False,False,False,False,False,1.8,0.087062,0.563843,-21.203,0.134877,1680.745,208.776,66.009,2.778,high,medium,medium,False,False,False,False,False,neutral,medium,0,no strong signal,low,NO_STRONG_SIGNAL,en_AU_DeliveryService_1592668:turn:42,1.0,1.0.0,conversation_risk_v1,heuristic_proxy,False,faster-whisper/small,cardiffnlp/twitter-roberta-base-sentiment-latest
en_AU_DeliveryService_1592668,43,agent,channel1,33,196.52,200.8,"Because of the delay, the driver wasn't able to complete all deliveries on Tuesday.",negative,0.7216,False,False,False,False,False,4.28,0.079189,0.524323,-22.027,0.110308,1416.919,191.463,65.939,3.271,medium,high,medium,False,False,False,False,False,negative,medium,8,negative agent sentiment,low,AGENT_NEGATIVE_SENTIMENT,en_AU_DeliveryService_1592668:turn:43,1.0,1.0.0,conversation_risk_v1,heuristic_proxy,False,faster-whisper/small,cardiffnlp/twitter-roberta-base-sentiment-latest
en_AU_DeliveryService_1592668,44,agent,channel1,34,200.8,205.56,So your package was returned to our Civil Water Distribution Centre and it's currently,neutral,0.8451,False,False,False,False,False,4.76,0.078333,0.620941,-22.121,0.197361,1996.026,204.495,79.161,2.941,medium,high,medium,False,False,False,False,False,neutral,medium,0,no strong signal,low,NO_STRONG_SIGNAL,en_AU_DeliveryService_1592668:turn:44,1.0,1.0.0,conversation_risk_v1,heuristic_proxy,False,faster-whisper/small,cardiffnlp/twitter-roberta-base-sentiment-latest
en_AU_DeliveryService_1592668,45,agent,channel1,35,205.56,206.56,sitting there now.,neutral,0.9107,False,False,False,False,False,1.0,0.060833,0.263702,-24.317,0.134155,1264.463,138.41,49.731,3.0,medium,high,low,False,False,False,False,False,neutral,medium,0,no strong signal,low,NO_STRONG_SIGNAL,en_AU_DeliveryService_1592668:turn:45,1.0,1.0.0,conversation_risk_v1,heuristic_proxy,False,faster-whisper/small,cardiffnlp/twitter-roberta-base-sentiment-latest
en_AU_DeliveryService_1592668,46,customer,channel2,11,209.52,216.08,"like when is it actually going to be delivered then, what are we paying for, it's just",negative,0.7815,False,False,False,False,False,6.56,0.046724,0.470154,-26.609,0.127083,1808.791,246.386,98.177,2.591,low,medium,high,False,False,False,False,False,negative,medium,20,negative customer sentiment | medium customer vocal intensity,low,CUST_NEGATIVE_SENTIMENT|CUST_MEDIUM_VOCAL_INTENSITY,en_AU_DeliveryService_1592668:turn:46,1.0,1.0.0,conversation_risk_v1,heuristic_proxy,False,faster-whisper/small,cardiffnlp/twitter-roberta-base-sentiment-latest
en_AU_DeliveryService_1592668,47,agent,channel1,36,210.36,220.84,"So look, Maria, you did book our standard service.",neutral,0.7237,False,False,False,False,False,10.48,0.066644,0.611755,-23.525,0.083402,1263.033,265.911,130.36,0.859,medium,low,high,False,False,False,False,False,neutral,medium,0,no strong signal,low,NO_STRONG_SIGNAL,en_AU_DeliveryService_1592668:turn:47,1.0,1.0.0,conversation_risk_v1,heuristic_proxy,False,faster-whisper/small,cardiffnlp/twitter-roberta-base-sentiment-latest
en_AU_DeliveryService_1592668,48,customer,channel2,12,216.08,217.08,sitting there.,neutral,0.8358,False,False,False,False,False,1.0,0.050948,0.360657,-25.857,0.128311,2010.032,240.259,115.673,2.0,low,medium,high,False,False,False,False,False,neutral,medium,5,medium customer vocal intensity,low,CUST_MEDIUM_VOCAL_INTENSITY,en_AU_DeliveryService_1592668:turn:48,1.0,1.0.0,conversation_risk_v1,heuristic_proxy,False,faster-whisper/small,cardiffnlp/twitter-roberta-base-sentiment-latest
en_AU_DeliveryService_1592668,49,customer,channel2,13,217.08,238.32,"Hello but I needed it there yesterday, my accountant's already chasing me about it, is there any way",neutral,0.4819,False,False,False,False,False,21.24,0.039543,0.463257,-28.059,0.062261,1565.152,303.28,127.79,0.847,low,low,high,False,False,False,False,False,neutral,medium,5,medium customer vocal intensity,low,CUST_MEDIUM_VOCAL_INTENSITY,en_AU_DeliveryService_1592668:turn:49,1.0,1.0.0,conversation_risk_v1,heuristic_proxy,False,faster-whisper/small,cardiffnlp/twitter-roberta-base-sentiment-latest
en_AU_DeliveryService_1592668,50,agent,channel1,37,220.84,224.52,"It would go back out on the next scheduled delivery run to Paramatter, which would be",neutral,0.9137,False,False,False,False,False,3.68,0.087957,0.629517,-21.115,0.114313,1310.173,168.554,54.495,4.348,high,high,low,False,False,False,False,False,neutral,high,0,no strong signal,low,NO_STRONG_SIGNAL,en_AU_DeliveryService_1592668:turn:50,1.0,1.0.0,conversation_risk_v1,heuristic_proxy,False,faster-whisper/small,cardiffnlp/twitter-roberta-base-sentiment-latest
en_AU_DeliveryService_1592668,51,agent,channel1,38,224.52,226.4,"tomorrow, Thursday.",neutral,0.8682,False,False,False,False,False,1.88,0.088042,0.580353,-21.106,0.17094,1661.331,211.048,94.525,1.064,high,low,medium,False,False,False,False,False,neutral,medium,0,no strong signal,low,NO_STRONG_SIGNAL,en_AU_DeliveryService_1592668:turn:51,1.0,1.0.0,conversation_risk_v1,heuristic_proxy,False,faster-whisper/small,cardiffnlp/twitter-roberta-base-sentiment-latest
en_AU_DeliveryService_1592668,52,agent,channel1,39,226.4,233.4,You'll be looking at a delivery time sometime between 9am and 5pm.,neutral,0.9079,False,False,False,False,False,7.0,0.05347,0.531921,-25.438,0.063893,1061.029,238.491,121.203,1.714,medium,medium,high,False,False,False,False,False,neutral,medium,0,no strong signal,low,NO_STRONG_SIGNAL,en_AU_DeliveryService_1592668:turn:52,1.0,1.0.0,conversation_risk_v1,heuristic_proxy,False,faster-whisper/small,cardiffnlp/twitter-roberta-base-sentiment-latest
en_AU_DeliveryService_1592668,53,agent,channel1,40,233.4,247.12,"Look, I completely hear you, Maria, and I want to help you get this sorted.",positive,0.5888,False,False,False,False,False,13.72,0.042665,0.533295,-27.399,0.047622,987.965,272.888,136.432,1.093,low,low,high,False,False,False,False,False,positive,medium,0,no strong signal,low,NO_STRONG_SIGNAL,en_AU_DeliveryService_1592668:turn:53,1.0,1.0.0,conversation_risk_v1,heuristic_proxy,False,faster-whisper/small,cardiffnlp/twitter-roberta-base-sentiment-latest
en_AU_DeliveryService_1592668,54,customer,channel2,14,238.32,255.08,"we can speed this up, please, I mean what are my options here Danielle?",neutral,0.704,False,False,False,False,False,16.76,0.029559,0.481079,-30.586,0.059916,1665.768,288.441,130.582,0.835,low,low,high,False,False,False,False,False,neutral,medium,5,medium customer vocal intensity,low,CUST_MEDIUM_VOCAL_INTENSITY,en_AU_DeliveryService_1592668:turn:54,1.0,1.0.0,conversation_risk_v1,heuristic_proxy,False,faster-whisper/small,cardiffnlp/twitter-roberta-base-sentiment-latest
en_AU_DeliveryService_1592668,55,agent,channel1,41,247.12,250.52,I understand that these documents are important.,positive,0.5584,False,True,False,False,False,3.4,0.094112,0.998291,-20.527,0.137522,1392.29,169.991,79.891,2.059,high,medium,low,False,True,False,False,False,positive,medium,0,agent empathy detected,low,AGENT_EMPATHY,en_AU_DeliveryService_1592668:turn:55,1.0,1.0.0,conversation_risk_v1,heuristic_proxy,False,faster-whisper/small,cardiffnlp/twitter-roberta-base-sentiment-latest
en_AU_DeliveryService_1592668,56,agent,channel1,42,250.52,252.72,Let me just have a look at what we can do.,neutral,0.7971,False,False,False,False,False,2.2,0.097179,0.521912,-20.249,0.118865,1391.166,220.205,79.157,5.0,high,high,medium,False,False,False,False,False,neutral,high,0,no strong signal,low,NO_STRONG_SIGNAL,en_AU_DeliveryService_1592668:turn:56,1.0,1.0.0,conversation_risk_v1,heuristic_proxy,False,faster-whisper/small,cardiffnlp/twitter-roberta-base-sentiment-latest
en_AU_DeliveryService_1592668,57,agent,channel1,43,252.72,254.84,"If you give me a moment, please.",neutral,0.5524,False,False,False,False,False,2.12,0.059974,0.39386,-24.441,0.148816,1796.932,157.656,79.414,3.302,medium,high,low,False,False,False,False,False,neutral,medium,0,no strong signal,low,NO_STRONG_SIGNAL,en_AU_DeliveryService_1592668:turn:57,1.0,1.0.0,conversation_risk_v1,heuristic_proxy,False,faster-whisper/small,cardiffnlp/twitter-roberta-base-sentiment-latest
en_AU_DeliveryService_1592668,58,agent,channel1,44,254.84,260.2,"Okay, Maria, are you there?",neutral,0.9221,False,False,True,False,False,5.36,0.055765,0.600891,-25.073,0.03763,990.679,269.753,143.561,0.933,medium,low,high,False,False,True,False,False,neutral,medium,0,agent probing question detected,low,AGENT_PROBING,en_AU_DeliveryService_1592668:turn:58,1.0,1.0.0,conversation_risk_v1,heuristic_proxy,False,faster-whisper/small,cardiffnlp/twitter-roberta-base-sentiment-latest
en_AU_DeliveryService_1592668,59,customer,channel2,15,255.08,281.44,"Sure, yeah, this afternoon, okay so what sort of time frame are we talking?",neutral,0.6573,False,False,False,False,False,26.36,0.027084,0.587494,-31.346,0.072781,1769.944,267.374,140.568,0.531,low,low,high,False,False,False,False,False,neutral,medium,5,medium customer vocal intensity,low,CUST_MEDIUM_VOCAL_INTENSITY,en_AU_DeliveryService_1592668:turn:59,1.0,1.0.0,conversation_risk_v1,heuristic_proxy,False,faster-whisper/small,cardiffnlp/twitter-roberta-base-sentiment-latest
en_AU_DeliveryService_1592668,60,agent,channel1,45,260.2,264.88,"All right, we do have a couple of options for expedited delivery.",positive,0.5138,False,False,False,False,False,4.68,0.096551,0.870941,-20.305,0.126226,1605.554,194.382,101.493,2.564,high,medium,medium,False,False,False,False,False,positive,medium,0,no strong signal,low,NO_STRONG_SIGNAL,en_AU_DeliveryService_1592668:turn:60,1.0,1.0.0,conversation_risk_v1,heuristic_proxy,False,faster-whisper/small,cardiffnlp/twitter-roberta-base-sentiment-latest
en_AU_DeliveryService_1592668,61,agent,channel1,46,264.88,268.76,"First option, we can have a same-day courier service where we can have it picked up from",neutral,0.6712,False,False,False,False,False,3.88,0.101059,0.71286,-19.909,0.148409,1533.423,183.375,70.28,4.381,high,high,low,False,False,False,False,False,neutral,high,0,no strong signal,low,NO_STRONG_SIGNAL,en_AU_DeliveryService_1592668:turn:61,1.0,1.0.0,conversation_risk_v1,heuristic_proxy,False,faster-whisper/small,cardiffnlp/twitter-roberta-base-sentiment-latest
en_AU_DeliveryService_1592668,62,agent,channel1,47,268.76,272.56,Civil Water and then delivered directly to Paramatter this afternoon.,neutral,0.9146,False,False,False,False,False,3.8,0.105322,0.830811,-19.55,0.131668,1526.587,183.83,63.557,2.632,high,medium,low,False,False,False,False,False,neutral,medium,0,no strong signal,low,NO_STRONG_SIGNAL,en_AU_DeliveryService_1592668:turn:62,1.0,1.0.0,conversation_risk_v1,heuristic_proxy,False,faster-whisper/small,cardiffnlp/twitter-roberta-base-sentiment-latest
en_AU_DeliveryService_1592668,63,agent,channel1,48,272.56,275.72,That would be an additional $45 plus GST.,neutral,0.8182,False,False,False,False,False,3.16,0.065244,0.435883,-23.709,0.195885,1902.039,163.277,59.96,2.532,medium,medium,low,False,False,False,False,False,neutral,medium,0,no strong signal,low,NO_STRONG_SIGNAL,en_AU_DeliveryService_1592668:turn:63,1.0,1.0.0,conversation_risk_v1,heuristic_proxy,False,faster-whisper/small,cardiffnlp/twitter-roberta-base-sentiment-latest
en_AU_DeliveryService_1592668,64,agent,channel1,49,275.72,285.48,"Yep, so if we dispatch it now and I can flag it as priority while we're on the phone, you'd",neutral,0.7876,False,False,False,False,False,9.76,0.082787,0.959167,-21.641,0.065265,1089.576,242.217,125.103,2.049,medium,medium,high,False,False,False,False,False,neutral,medium,0,no strong signal,low,NO_STRONG_SIGNAL,en_AU_DeliveryService_1592668:turn:64,1.0,1.0.0,conversation_risk_v1,heuristic_proxy,False,faster-whisper/small,cardiffnlp/twitter-roberta-base-sentiment-latest
en_AU_DeliveryService_1592668,65,customer,channel2,16,281.44,307.8,"Okay, and what's the other option?",neutral,0.8897,False,False,False,False,False,26.36,0.026686,0.659241,-31.474,0.082351,1997.668,259.228,140.342,0.228,low,low,high,False,False,False,False,False,neutral,medium,5,medium customer vocal intensity,low,CUST_MEDIUM_VOCAL_INTENSITY,en_AU_DeliveryService_1592668:turn:65,1.0,1.0.0,conversation_risk_v1,heuristic_proxy,False,faster-whisper/small,cardiffnlp/twitter-roberta-base-sentiment-latest
en_AU_DeliveryService_1592668,66,agent,channel1,50,285.48,289.16,be looking at delivery by around 4.30pm to 5pm today.,neutral,0.87,False,False,False,False,False,3.68,0.086497,0.501282,-21.26,0.127597,1533.82,174.003,56.35,2.717,high,medium,low,False,False,False,False,False,neutral,medium,0,no strong signal,low,NO_STRONG_SIGNAL,en_AU_DeliveryService_1592668:turn:66,1.0,1.0.0,conversation_risk_v1,heuristic_proxy,False,faster-whisper/small,cardiffnlp/twitter-roberta-base-sentiment-latest
en_AU_DeliveryService_1592668,67,agent,channel1,51,289.16,294.72,The driver would go straight from Civil Water to your accountant's office in Paramatter.,neutral,0.9399,False,False,False,False,False,5.56,0.069489,0.768524,-23.162,0.109322,1297.988,203.114,116.303,2.518,medium,medium,medium,False,False,False,False,False,neutral,medium,0,no strong signal,low,NO_STRONG_SIGNAL,en_AU_DeliveryService_1592668:turn:67,1.0,1.0.0,conversation_risk_v1,heuristic_proxy,False,faster-whisper/small,cardiffnlp/twitter-roberta-base-sentiment-latest
en_AU_DeliveryService_1592668,68,agent,channel1,52,294.72,301.4,"Yep, so the other option is our Express Morning service.",neutral,0.7836,False,False,False,False,False,6.68,0.09844,0.976776,-20.137,0.125477,1529.302,245.301,126.931,1.497,high,medium,high,False,False,False,False,False,neutral,high,0,no strong signal,low,NO_STRONG_SIGNAL,en_AU_DeliveryService_1592668:turn:68,1.0,1.0.0,conversation_risk_v1,heuristic_proxy,False,faster-whisper/small,cardiffnlp/twitter-roberta-base-sentiment-latest
en_AU_DeliveryService_1592668,69,agent,channel1,53,301.4,306.28,We'd have it on the first delivery run tomorrow morning with guaranteed delivery by 10.30am.,neutral,0.4996,False,False,False,False,False,4.88,0.091942,0.682922,-20.73,0.09217,1207.892,183.074,49.878,3.074,high,high,low,False,False,False,False,False,neutral,high,0,no strong signal,low,NO_STRONG_SIGNAL,en_AU_DeliveryService_1592668:turn:69,1.0,1.0.0,conversation_risk_v1,heuristic_proxy,False,faster-whisper/small,cardiffnlp/twitter-roberta-base-sentiment-latest
en_AU_DeliveryService_1592668,70,agent,channel1,54,306.28,326.24,So that's $25 plus GST.,neutral,0.8552,False,False,False,False,False,19.96,0.034713,0.878815,-29.19,0.044765,1004.699,285.021,141.87,0.251,low,low,high,False,False,False,False,False,neutral,medium,0,no strong signal,low,NO_STRONG_SIGNAL,en_AU_DeliveryService_1592668:turn:70,1.0,1.0.0,conversation_risk_v1,heuristic_proxy,False,faster-whisper/small,cardiffnlp/twitter-roberta-base-sentiment-latest
en_AU_DeliveryService_1592668,71,customer,channel2,17,307.8,317.0,"Hmm, look I really need him to have it today if possible, he's got appointments booked all",neutral,0.5333,False,False,False,False,False,9.2,0.052558,0.535217,-25.587,0.116228,1844.008,184.672,108.74,1.848,low,medium,medium,False,False,False,False,False,neutral,low,0,no strong signal,low,NO_STRONG_SIGNAL,en_AU_DeliveryService_1592668:turn:71,1.0,1.0.0,conversation_risk_v1,heuristic_proxy,False,faster-whisper/small,cardiffnlp/twitter-roberta-base-sentiment-latest
en_AU_DeliveryService_1592668,72,customer,channel2,18,317.0,323.08,"day tomorrow, I won't be able to look at it until Friday otherwise, can you guarantee",neutral,0.5271,False,False,False,False,False,6.08,0.061809,0.549927,-24.179,0.133009,1767.347,213.517,97.1,2.632,medium,medium,medium,False,False,False,False,False,neutral,medium,5,medium customer vocal intensity,low,CUST_MEDIUM_VOCAL_INTENSITY,en_AU_DeliveryService_1592668:turn:72,1.0,1.0.0,conversation_risk_v1,heuristic_proxy,False,faster-whisper/small,cardiffnlp/twitter-roberta-base-sentiment-latest
en_AU_DeliveryService_1592668,73,customer,channel2,19,323.08,325.2,the same day delivery by 5pm?,neutral,0.9318,False,False,False,False,False,2.12,0.064079,0.472992,-23.866,0.089137,1524.894,232.282,53.595,2.83,medium,high,medium,False,False,False,False,False,neutral,medium,5,medium customer vocal intensity,low,CUST_MEDIUM_VOCAL_INTENSITY,en_AU_DeliveryService_1592668:turn:73,1.0,1.0.0,conversation_risk_v1,heuristic_proxy,False,faster-whisper/small,cardiffnlp/twitter-roberta-base-sentiment-latest
en_AU_DeliveryService_1592668,74,agent,channel1,55,326.24,332.4,"I can guarantee it Maria, our same-day couriers have a 98% on-time success rate and the run",positive,0.8521,False,False,False,False,False,6.16,0.082203,0.632477,-21.702,0.139378,1415.179,167.518,62.517,2.76,medium,medium,low,False,False,False,False,False,positive,medium,0,no strong signal,low,NO_STRONG_SIGNAL,en_AU_DeliveryService_1592668:turn:74,1.0,1.0.0,conversation_risk_v1,heuristic_proxy,False,faster-whisper/small,cardiffnlp/twitter-roberta-base-sentiment-latest
en_AU_DeliveryService_1592668,75,agent,channel1,56,332.4,335.96,from Civil Water to Paramatter would normally take about 40 minutes.,neutral,0.9335,False,False,False,False,False,3.56,0.072163,0.570007,-22.834,0.137987,1408.429,173.129,64.978,3.09,medium,high,low,False,False,False,False,False,neutral,medium,0,no strong signal,low,NO_STRONG_SIGNAL,en_AU_DeliveryService_1592668:turn:75,1.0,1.0.0,conversation_risk_v1,heuristic_proxy,False,faster-whisper/small,cardiffnlp/twitter-roberta-base-sentiment-latest
en_AU_DeliveryService_1592668,76,agent,channel1,57,335.96,340.32,"So even with traffic, we'd have plenty of buffer time.",neutral,0.5611,False,False,False,False,False,4.36,0.083153,0.997559,-21.602,0.123264,1376.431,158.881,71.987,2.294,medium,medium,low,False,False,False,False,False,neutral,medium,0,no strong signal,low,NO_STRONG_SIGNAL,en_AU_DeliveryService_1592668:turn:76,1.0,1.0.0,conversation_risk_v1,heuristic_proxy,False,faster-whisper/small,cardiffnlp/twitter-roberta-base-sentiment-latest
en_AU_DeliveryService_1592668,77,customer,channel2,20,337.8,353.8,"Wait a minute, so because you guys were late in the first place, would there be any chance",neutral,0.586,False,False,False,False,False,16.0,0.041772,0.557159,-27.582,0.076984,1772.117,274.008,128.946,1.125,low,low,high,False,False,False,False,False,neutral,medium,5,medium customer vocal intensity,low,CUST_MEDIUM_VOCAL_INTENSITY,en_AU_DeliveryService_1592668:turn:77,1.0,1.0.0,conversation_risk_v1,heuristic_proxy,False,faster-whisper/small,cardiffnlp/twitter-roberta-base-sentiment-latest
en_AU_DeliveryService_1592668,78,agent,channel1,58,340.32,345.48,I can mark this as priority as I said and to make good since we were responsible for,positive,0.6848,False,False,False,False,False,5.16,0.1245,0.999969,-18.097,0.149034,1611.653,178.774,66.564,3.488,high,high,low,False,False,False,False,False,positive,high,0,no strong signal,low,NO_STRONG_SIGNAL,en_AU_DeliveryService_1592668:turn:78,1.0,1.0.0,conversation_risk_v1,heuristic_proxy,False,faster-whisper/small,cardiffnlp/twitter-roberta-base-sentiment-latest
en_AU_DeliveryService_1592668,79,agent,channel1,59,345.48,346.44,the initial delay.,neutral,0.6789,False,False,False,False,False,0.96,0.057919,0.314362,-24.744,0.109785,1274.684,162.638,80.203,3.125,medium,high,low,False,False,False,False,False,neutral,medium,0,no strong signal,low,NO_STRONG_SIGNAL,en_AU_DeliveryService_1592668:turn:79,1.0,1.0.0,conversation_risk_v1,heuristic_proxy,False,faster-whisper/small,cardiffnlp/twitter-roberta-base-sentiment-latest
en_AU_DeliveryService_1592668,80,customer,channel2,21,353.8,360.6,of a discount on that expedited service?,neutral,0.8394,False,False,False,False,False,6.8,0.020538,0.279572,-33.749,0.105391,1865.403,249.405,136.311,1.029,low,low,high,False,False,False,False,False,neutral,medium,5,medium customer vocal intensity,low,CUST_MEDIUM_VOCAL_INTENSITY,en_AU_DeliveryService_1592668:turn:80,1.0,1.0.0,conversation_risk_v1,heuristic_proxy,False,faster-whisper/small,cardiffnlp/twitter-roberta-base-sentiment-latest
en_AU_DeliveryService_1592668,81,agent,channel1,60,356.24,358.64,"Look, that's a really fair question.",positive,0.8342,False,False,False,False,False,2.4,0.13344,0.862518,-17.494,0.156668,1648.949,231.506,84.817,2.5,high,medium,medium,False,False,False,False,False,positive,medium,0,no strong signal,low,NO_STRONG_SIGNAL,en_AU_DeliveryService_1592668:turn:81,1.0,1.0.0,conversation_risk_v1,heuristic_proxy,False,faster-whisper/small,cardiffnlp/twitter-roberta-base-sentiment-latest
en_AU_DeliveryService_1592668,82,agent,channel1,61,358.64,367.44,"Let me just check, sorry, with my manager and I'll get back to you.",neutral,0.8348,False,False,False,False,False,8.8,0.096487,0.860443,-20.311,0.09076,1219.334,244.438,125.006,1.591,high,medium,high,False,False,False,False,False,neutral,high,0,no strong signal,low,NO_STRONG_SIGNAL,en_AU_DeliveryService_1592668:turn:82,1.0,1.0.0,conversation_risk_v1,heuristic_proxy,False,faster-whisper/small,cardiffnlp/twitter-roberta-base-sentiment-latest
en_AU_DeliveryService_1592668,83,customer,channel2,22,360.6,386.6,"Okay, oh man, these bloody couriers, yes, yes, yes, yes, yes, yes, yes, yes, yes, yes, yes,",negative,0.6827,False,False,False,False,False,26.0,0.010634,0.399139,-39.466,0.083736,1880.783,264.223,145.948,0.654,low,low,high,False,False,False,False,False,negative,medium,20,negative customer sentiment | medium customer vocal intensity,low,CUST_NEGATIVE_SENTIMENT|CUST_MEDIUM_VOCAL_INTENSITY,en_AU_DeliveryService_1592668:turn:83,1.0,1.0.0,conversation_risk_v1,heuristic_proxy,False,faster-whisper/small,cardiffnlp/twitter-roberta-base-sentiment-latest
en_AU_DeliveryService_1592668,84,agent,channel1,62,367.44,372.52,Let me just pop you on hold.,neutral,0.8715,False,False,False,False,False,5.08,0.035616,0.441803,-28.967,0.040813,892.599,267.077,139.36,1.378,low,low,high,False,False,False,False,False,neutral,medium,0,no strong signal,low,NO_STRONG_SIGNAL,en_AU_DeliveryService_1592668:turn:84,1.0,1.0.0,conversation_risk_v1,heuristic_proxy,False,faster-whisper/small,cardiffnlp/twitter-roberta-base-sentiment-latest
en_AU_DeliveryService_1592668,85,agent,channel1,63,372.52,378.12,"Maria, are you there?",neutral,0.9416,False,False,True,False,False,5.6,0.085669,0.82254,-21.344,0.060527,1149.185,281.444,126.423,0.714,high,low,high,False,False,True,False,False,neutral,high,0,agent probing question detected,low,AGENT_PROBING,en_AU_DeliveryService_1592668:turn:85,1.0,1.0.0,conversation_risk_v1,heuristic_proxy,False,faster-whisper/small,cardiffnlp/twitter-roberta-base-sentiment-latest
en_AU_DeliveryService_1592668,86,agent,channel1,64,378.12,380.64,"Okay, thank you for holding.",positive,0.749,False,False,False,False,False,2.52,0.073144,0.504974,-22.716,0.087816,1173.641,243.219,101.822,1.984,medium,medium,high,False,False,False,False,False,positive,medium,0,no strong signal,low,NO_STRONG_SIGNAL,en_AU_DeliveryService_1592668:turn:86,1.0,1.0.0,conversation_risk_v1,heuristic_proxy,False,faster-whisper/small,cardiffnlp/twitter-roberta-base-sentiment-latest
en_AU_DeliveryService_1592668,87,agent,channel1,65,380.64,386.96,"Look, I've spoken with my supervisor, excellent news because, well for you, because the delay",positive,0.9574,False,False,False,False,False,6.32,0.109777,0.999969,-19.19,0.121247,1521.441,226.398,72.87,2.373,high,medium,medium,False,False,False,False,False,positive,medium,0,no strong signal,low,NO_STRONG_SIGNAL,en_AU_DeliveryService_1592668:turn:87,1.0,1.0.0,conversation_risk_v1,heuristic_proxy,False,faster-whisper/small,cardiffnlp/twitter-roberta-base-sentiment-latest
en_AU_DeliveryService_1592668,88,customer,channel2,23,386.6,403.06,"that's brilliant, thank you so much, I really appreciate that.",positive,0.9747,False,False,False,False,False,16.46,0.036498,0.541382,-28.755,0.078646,1875.566,267.511,134.36,0.608,low,low,high,False,False,False,False,False,positive,medium,5,medium customer vocal intensity,low,CUST_MEDIUM_VOCAL_INTENSITY,en_AU_DeliveryService_1592668:turn:88,1.0,1.0.0,conversation_risk_v1,heuristic_proxy,False,faster-whisper/small,cardiffnlp/twitter-roberta-base-sentiment-latest
en_AU_DeliveryService_1592668,89,agent,channel1,66,386.96,392.0,"was on our end with the road work situation, my supervisor has approved waving the expedited",neutral,0.7424,False,False,False,False,False,5.04,0.084512,0.493225,-21.462,0.118142,1427.689,177.624,51.062,3.175,medium,high,low,False,False,False,False,False,neutral,medium,0,no strong signal,low,NO_STRONG_SIGNAL,en_AU_DeliveryService_1592668:turn:89,1.0,1.0.0,conversation_risk_v1,heuristic_proxy,False,faster-whisper/small,cardiffnlp/twitter-roberta-base-sentiment-latest
en_AU_DeliveryService_1592668,90,agent,channel1,67,392.0,400.12,fee entirely and we'll get your package to Paramatter by 5pm today with no extra charge.,neutral,0.7645,False,False,False,False,False,8.12,0.066855,0.774628,-23.497,0.108643,1338.124,222.342,119.35,1.97,medium,medium,medium,False,False,False,False,False,neutral,medium,0,no strong signal,low,NO_STRONG_SIGNAL,en_AU_DeliveryService_1592668:turn:90,1.0,1.0.0,conversation_risk_v1,heuristic_proxy,False,faster-whisper/small,cardiffnlp/twitter-roberta-base-sentiment-latest
en_AU_DeliveryService_1592668,91,agent,channel1,68,400.12,405.24,"Look, you're very welcome.",positive,0.9625,False,False,False,False,False,5.12,0.067625,0.689636,-23.398,0.048437,1111.681,282.643,130.337,0.781,medium,low,high,False,False,False,False,False,positive,medium,0,no strong signal,low,NO_STRONG_SIGNAL,en_AU_DeliveryService_1592668:turn:91,1.0,1.0.0,conversation_risk_v1,heuristic_proxy,False,faster-whisper/small,cardiffnlp/twitter-roberta-base-sentiment-latest
en_AU_DeliveryService_1592668,92,agent,channel1,69,405.24,409.12,It's the least we can do given the situation and of course these documents are really,neutral,0.6414,False,False,False,False,False,3.88,0.056849,0.320801,-24.906,0.136118,1584.578,157.912,55.307,4.124,medium,high,low,False,False,False,False,False,neutral,medium,0,no strong signal,low,NO_STRONG_SIGNAL,en_AU_DeliveryService_1592668:turn:92,1.0,1.0.0,conversation_risk_v1,heuristic_proxy,False,faster-whisper/small,cardiffnlp/twitter-roberta-base-sentiment-latest
en_AU_DeliveryService_1592668,93,agent,channel1,70,409.12,410.12,important.,neutral,0.5755,False,False,False,False,False,1.0,0.078699,0.787842,-22.081,0.121399,1275.233,170.328,71.313,1.0,medium,low,low,False,False,False,False,False,neutral,medium,0,no strong signal,low,NO_STRONG_SIGNAL,en_AU_DeliveryService_1592668:turn:93,1.0,1.0.0,conversation_risk_v1,heuristic_proxy,False,faster-whisper/small,cardiffnlp/twitter-roberta-base-sentiment-latest
en_AU_DeliveryService_1592668,94,agent,channel1,71,410.12,413.76,"Now look, what I'll need to do is confirm the delivery address in Paramatter.",neutral,0.8817,False,False,False,False,False,3.64,0.107816,0.836639,-19.346,0.106544,1310.09,189.731,65.801,3.846,high,high,medium,False,False,False,False,False,neutral,high,0,no strong signal,low,NO_STRONG_SIGNAL,en_AU_DeliveryService_1592668:turn:94,1.0,1.0.0,conversation_risk_v1,heuristic_proxy,False,faster-whisper/small,cardiffnlp/twitter-roberta-base-sentiment-latest
en_AU_DeliveryService_1592668,95,agent,channel1,72,413.76,420.12,What's the full address of your accountant's office?,neutral,0.9521,False,False,True,False,False,6.36,0.03814,0.478394,-28.372,0.091014,1525.512,274.311,137.096,1.258,low,low,high,False,False,True,False,False,neutral,medium,0,agent probing question detected,low,AGENT_PROBING,en_AU_DeliveryService_1592668:turn:95,1.0,1.0.0,conversation_risk_v1,heuristic_proxy,False,faster-whisper/small,cardiffnlp/twitter-roberta-base-sentiment-latest
en_AU_DeliveryService_1592668,96,customer,channel2,24,416.6,427.64,Hang on let me grab that. It is sweet seven one five six church street,positive,0.8214,False,False,False,False,False,11.04,0.054955,0.651184,-25.2,0.177746,2108.122,205.892,103.746,1.359,medium,low,medium,False,False,False,False,False,positive,medium,5,medium customer vocal intensity,low,CUST_MEDIUM_VOCAL_INTENSITY,en_AU_DeliveryService_1592668:turn:96,1.0,1.0.0,conversation_risk_v1,heuristic_proxy,False,faster-whisper/small,cardiffnlp/twitter-roberta-base-sentiment-latest
en_AU_DeliveryService_1592668,97,agent,channel1,73,420.12,423.12,Excellent.,positive,0.9053,False,False,False,False,False,3.0,9e-06,0.000122,-100.984,0.022232,1188.871,330.017,131.106,0.333,low,low,high,False,False,False,False,False,positive,medium,0,no strong signal,low,NO_STRONG_SIGNAL,en_AU_DeliveryService_1592668:turn:97,1.0,1.0.0,conversation_risk_v1,heuristic_proxy,False,faster-whisper/small,cardiffnlp/twitter-roberta-base-sentiment-latest
en_AU_DeliveryService_1592668,98,agent,channel1,74,423.12,437.12,"So just to confirm, that's Suite 7156, 156 Church Street, Paramatter and is there a",neutral,0.9382,False,False,False,False,False,14.0,0.069505,0.78186,-23.16,0.11525,1665.383,242.073,126.623,1.071,medium,low,high,False,False,False,False,False,neutral,medium,0,no strong signal,low,NO_STRONG_SIGNAL,en_AU_DeliveryService_1592668:turn:98,1.0,1.0.0,conversation_risk_v1,heuristic_proxy,False,faster-whisper/small,cardiffnlp/twitter-roberta-base-sentiment-latest
en_AU_DeliveryService_1592668,99,customer,channel2,25,427.64,443.0,parameter. Yep it's Henderson and Associates.,neutral,0.8596,False,False,False,False,False,15.36,0.033417,0.691895,-29.521,0.115909,2112.603,229.422,140.396,0.391,low,low,medium,False,False,False,False,False,neutral,low,0,no strong signal,low,NO_STRONG_SIGNAL,en_AU_DeliveryService_1592668:turn:99,1.0,1.0.0,conversation_risk_v1,heuristic_proxy,False,faster-whisper/small,cardiffnlp/twitter-roberta-base-sentiment-latest
en_AU_DeliveryService_1592668,100,agent,channel1,75,437.12,440.12,business name?,neutral,0.8668,False,False,True,False,False,3.0,0.037957,0.405182,-28.414,0.039286,942.07,295.002,128.679,0.667,low,low,high,False,False,True,False,False,neutral,medium,0,agent probing question detected,low,AGENT_PROBING,en_AU_DeliveryService_1592668:turn:100,1.0,1.0.0,conversation_risk_v1,heuristic_proxy,False,faster-whisper/small,cardiffnlp/twitter-roberta-base-sentiment-latest
en_AU_DeliveryService_1592668,101,agent,channel1,76,440.12,443.64,Perfect.,positive,0.9075,False,False,False,False,False,3.52,0.075308,0.925781,-22.463,0.111957,1535.812,252.441,132.502,0.284,medium,low,high,False,False,False,False,False,positive,medium,0,no strong signal,low,NO_STRONG_SIGNAL,en_AU_DeliveryService_1592668:turn:101,1.0,1.0.0,conversation_risk_v1,heuristic_proxy,False,faster-whisper/small,cardiffnlp/twitter-roberta-base-sentiment-latest
en_AU_DeliveryService_1592668,102,customer,channel2,26,443.0,455.96,Yeah hang on I'll grab that from my phone. It's nine six eight seven four five two,neutral,0.7816,False,False,False,False,False,12.96,0.05001,0.597076,-26.019,0.110593,1806.692,228.128,116.281,1.312,low,low,medium,False,False,False,False,False,neutral,low,0,no strong signal,low,NO_STRONG_SIGNAL,en_AU_DeliveryService_1592668:turn:102,1.0,1.0.0,conversation_risk_v1,heuristic_proxy,False,faster-whisper/small,cardiffnlp/twitter-roberta-base-sentiment-latest
en_AU_DeliveryService_1592668,103,agent,channel1,77,443.64,447.12,And is there a contact number for the office just in case the driver needs to call when,neutral,0.9326,False,False,False,False,False,3.48,0.110674,0.741028,-19.119,0.147116,1710.143,215.774,50.558,5.172,high,high,medium,False,False,False,False,False,neutral,high,0,no strong signal,low,NO_STRONG_SIGNAL,en_AU_DeliveryService_1592668:turn:103,1.0,1.0.0,conversation_risk_v1,heuristic_proxy,False,faster-whisper/small,cardiffnlp/twitter-roberta-base-sentiment-latest
en_AU_DeliveryService_1592668,104,agent,channel1,78,447.12,450.12,they arrive?,neutral,0.9116,False,False,True,False,False,3.0,0.022523,0.229858,-32.947,0.070661,1448.868,244.356,149.455,0.667,low,low,high,False,False,True,False,False,neutral,medium,0,agent probing question detected,low,AGENT_PROBING,en_AU_DeliveryService_1592668:turn:104,1.0,1.0.0,conversation_risk_v1,heuristic_proxy,False,faster-whisper/small,cardiffnlp/twitter-roberta-base-sentiment-latest
en_AU_DeliveryService_1592668,105,agent,channel1,79,450.12,464.6,"Perfect, so just to confirm, 96874521 and what's the best contact number for you, Maria,",positive,0.8743,False,False,False,False,False,14.48,0.072375,0.883331,-22.808,0.088151,1372.967,269.747,118.259,1.036,medium,low,high,False,False,False,False,False,positive,medium,0,no strong signal,low,NO_STRONG_SIGNAL,en_AU_DeliveryService_1592668:turn:105,1.0,1.0.0,conversation_risk_v1,heuristic_proxy,False,faster-whisper/small,cardiffnlp/twitter-roberta-base-sentiment-latest
en_AU_DeliveryService_1592668,106,customer,channel2,27,455.96,465.96,one.,neutral,0.6815,False,False,False,False,False,10.0,0.011659,0.263824,-38.667,0.065926,1779.283,266.894,148.514,0.1,low,low,high,False,False,False,False,False,neutral,medium,5,medium customer vocal intensity,low,CUST_MEDIUM_VOCAL_INTENSITY,en_AU_DeliveryService_1592668:turn:106,1.0,1.0.0,conversation_risk_v1,heuristic_proxy,False,faster-whisper/small,cardiffnlp/twitter-roberta-base-sentiment-latest
en_AU_DeliveryService_1592668,107,agent,channel1,80,464.6,471.6,in case we need to reach you about the delivery?,neutral,0.9377,False,False,True,False,False,7.0,0.027922,0.323975,-31.081,0.044338,1063.259,271.542,137.564,1.429,low,low,high,False,False,True,False,False,neutral,medium,0,agent probing question detected,low,AGENT_PROBING,en_AU_DeliveryService_1592668:turn:107,1.0,1.0.0,conversation_risk_v1,heuristic_proxy,False,faster-whisper/small,cardiffnlp/twitter-roberta-base-sentiment-latest
en_AU_DeliveryService_1592668,108,customer,channel2,28,466.84,475.96,Oh that would be my mobile um 0412765893. It's the number I'm calling on now if you can see that.,neutral,0.9031,False,False,False,False,False,9.12,0.05398,0.491455,-25.355,0.132577,1552.09,185.362,70.083,2.193,medium,medium,medium,False,False,False,False,False,neutral,medium,5,medium customer vocal intensity,low,CUST_MEDIUM_VOCAL_INTENSITY,en_AU_DeliveryService_1592668:turn:108,1.0,1.0.0,conversation_risk_v1,heuristic_proxy,False,faster-whisper/small,cardiffnlp/twitter-roberta-base-sentiment-latest
en_AU_DeliveryService_1592668,109,agent,channel1,81,471.6,473.6,Excellent.,positive,0.9053,False,False,False,False,False,2.0,4.4e-05,0.000763,-87.207,0.014284,811.899,322.962,135.412,0.5,low,low,high,False,False,False,False,False,positive,medium,0,no strong signal,low,NO_STRONG_SIGNAL,en_AU_DeliveryService_1592668:turn:109,1.0,1.0.0,conversation_risk_v1,heuristic_proxy,False,faster-whisper/small,cardiffnlp/twitter-roberta-base-sentiment-latest
en_AU_DeliveryService_1592668,110,agent,channel1,82,473.6,479.76,"So, okay, I've got everything updated in the system.",positive,0.546,False,False,False,False,False,6.16,0.100235,0.80896,-19.98,0.118625,1389.76,241.526,107.7,1.461,high,low,high,False,False,False,False,False,positive,high,0,no strong signal,low,NO_STRONG_SIGNAL,en_AU_DeliveryService_1592668:turn:110,1.0,1.0.0,conversation_risk_v1,heuristic_proxy,False,faster-whisper/small,cardiffnlp/twitter-roberta-base-sentiment-latest
en_AU_DeliveryService_1592668,111,agent,channel1,83,479.76,484.44,Your package is now flagged for same day priority courier service from our Silverwater,neutral,0.8305,False,False,False,False,False,4.68,0.095574,0.791229,-20.393,0.186922,1824.903,200.334,61.19,2.991,high,high,medium,False,False,False,False,False,neutral,high,0,no strong signal,low,NO_STRONG_SIGNAL,en_AU_DeliveryService_1592668:turn:111,1.0,1.0.0,conversation_risk_v1,heuristic_proxy,False,faster-whisper/small,cardiffnlp/twitter-roberta-base-sentiment-latest
en_AU_DeliveryService_1592668,112,agent,channel1,84,484.44,490.08,"depot to Henderson and Associates in Paramatter, delivery by 5pm today.",neutral,0.9173,False,False,False,False,False,5.64,0.087209,0.673096,-21.189,0.150112,1675.23,184.237,63.257,1.95,high,medium,low,False,False,False,False,False,neutral,medium,0,no strong signal,low,NO_STRONG_SIGNAL,en_AU_DeliveryService_1592668:turn:112,1.0,1.0.0,conversation_risk_v1,heuristic_proxy,False,faster-whisper/small,cardiffnlp/twitter-roberta-base-sentiment-latest
en_AU_DeliveryService_1592668,113,customer,channel2,29,485.96,502.84,Perfect and just to be absolutely clear this is definitely going to arrive today,positive,0.9861,False,False,False,False,False,16.88,0.025637,0.437134,-31.823,0.06067,1761.139,275.527,134.032,0.829,low,low,high,False,False,False,False,False,positive,medium,5,medium customer vocal intensity,low,CUST_MEDIUM_VOCAL_INTENSITY,en_AU_DeliveryService_1592668:turn:113,1.0,1.0.0,conversation_risk_v1,heuristic_proxy,False,faster-whisper/small,cardiffnlp/twitter-roberta-base-sentiment-latest
en_AU_DeliveryService_1592668,114,agent,channel1,85,490.56,495.76,"Maria, you'll also receive an SMS notification when the driver is about 30 minutes away and",neutral,0.9101,False,False,False,False,False,5.2,0.097249,0.585938,-20.242,0.142935,1625.786,207.071,68.398,3.077,high,high,medium,False,False,False,False,False,neutral,high,0,no strong signal,low,NO_STRONG_SIGNAL,en_AU_DeliveryService_1592668:turn:114,1.0,1.0.0,conversation_risk_v1,heuristic_proxy,False,faster-whisper/small,cardiffnlp/twitter-roberta-base-sentiment-latest
en_AU_DeliveryService_1592668,115,agent,channel1,86,495.76,506.56,another one when it's been successfully delivered.,positive,0.5795,False,False,False,False,False,10.8,0.030145,0.602295,-30.416,0.064242,1140.18,277.102,140.774,0.648,low,low,high,False,False,False,False,False,positive,medium,0,no strong signal,low,NO_STRONG_SIGNAL,en_AU_DeliveryService_1592668:turn:115,1.0,1.0.0,conversation_risk_v1,heuristic_proxy,False,faster-whisper/small,cardiffnlp/twitter-roberta-base-sentiment-latest
en_AU_DeliveryService_1592668,116,customer,channel2,30,503.48,511.96,because I need to let the accountant know.,neutral,0.8767,False,False,False,False,False,8.48,0.027584,0.488373,-31.187,0.069953,1657.756,257.972,139.259,0.943,low,low,high,False,False,False,False,False,neutral,medium,5,medium customer vocal intensity,low,CUST_MEDIUM_VOCAL_INTENSITY,en_AU_DeliveryService_1592668:turn:116,1.0,1.0.0,conversation_risk_v1,heuristic_proxy,False,faster-whisper/small,cardiffnlp/twitter-roberta-base-sentiment-latest
en_AU_DeliveryService_1592668,117,agent,channel1,87,506.56,509.44,"Yes Maria, I can confirm it will definitely arrive today.",positive,0.8931,False,False,False,False,False,2.88,0.090905,0.628632,-20.828,0.116624,1348.943,188.703,60.109,3.472,high,high,medium,False,False,False,False,False,positive,high,0,no strong signal,low,NO_STRONG_SIGNAL,en_AU_DeliveryService_1592668:turn:117,1.0,1.0.0,conversation_risk_v1,heuristic_proxy,False,faster-whisper/small,cardiffnlp/twitter-roberta-base-sentiment-latest
en_AU_DeliveryService_1592668,118,agent,channel1,88,509.44,513.96,The driver will be dispatched within the next 20 minutes from Silverwater based on,neutral,0.9319,False,False,False,False,False,4.52,0.091909,0.767334,-20.733,0.17823,1720.88,186.869,73.65,3.097,high,high,medium,False,False,False,False,False,neutral,high,0,no strong signal,low,NO_STRONG_SIGNAL,en_AU_DeliveryService_1592668:turn:118,1.0,1.0.0,conversation_risk_v1,heuristic_proxy,False,faster-whisper/small,cardiffnlp/twitter-roberta-base-sentiment-latest
en_AU_DeliveryService_1592668,119,agent,channel1,89,513.96,518.48,current traffic conditions and I'm checking Google Maps for you right now.,neutral,0.9327,False,False,False,False,False,4.52,0.077008,0.801788,-22.269,0.141075,1427.55,204.98,87.796,2.655,medium,medium,medium,False,False,False,False,False,neutral,medium,0,no strong signal,low,NO_STRONG_SIGNAL,en_AU_DeliveryService_1592668:turn:119,1.0,1.0.0,conversation_risk_v1,heuristic_proxy,False,faster-whisper/small,cardiffnlp/twitter-roberta-base-sentiment-latest
en_AU_DeliveryService_1592668,120,customer,channel2,31,515.96,535.96,I can't even tell you what a relief that is honestly I was starting to have a panic attack.,positive,0.5458,False,False,False,False,False,20.0,0.034411,0.505005,-29.266,0.065586,1693.726,276.413,132.67,0.95,low,low,high,False,False,False,False,False,positive,medium,5,medium customer vocal intensity,low,CUST_MEDIUM_VOCAL_INTENSITY,en_AU_DeliveryService_1592668:turn:120,1.0,1.0.0,conversation_risk_v1,heuristic_proxy,False,faster-whisper/small,cardiffnlp/twitter-roberta-base-sentiment-latest
en_AU_DeliveryService_1592668,121,agent,channel1,90,518.48,526.48,"They'd arrive in Paramatter by approximately 415 to 445, well before your 5pm commitment.",neutral,0.9184,False,False,False,False,False,8.0,0.113335,0.983368,-18.913,0.095933,1195.707,197.213,96.112,1.75,high,medium,medium,False,False,False,False,False,neutral,medium,0,no strong signal,low,NO_STRONG_SIGNAL,en_AU_DeliveryService_1592668:turn:121,1.0,1.0.0,conversation_risk_v1,heuristic_proxy,False,faster-whisper/small,cardiffnlp/twitter-roberta-base-sentiment-latest
en_AU_DeliveryService_1592668,122,agent,channel1,91,532.48,536.48,"Yeah, look, we don't want you having a panic attack, but I can completely understand",negative,0.6298,False,False,False,False,False,4.0,0.112889,0.779694,-18.947,0.088747,1112.707,176.952,56.174,3.75,high,high,low,False,False,False,False,False,negative,high,8,negative agent sentiment,low,AGENT_NEGATIVE_SENTIMENT,en_AU_DeliveryService_1592668:turn:122,1.0,1.0.0,conversation_risk_v1,heuristic_proxy,False,faster-whisper/small,cardiffnlp/twitter-roberta-base-sentiment-latest
en_AU_DeliveryService_1592668,123,customer,channel2,32,536.2,550.68,Um actually yeah just one more thing why was there so much impact from the road works like don't you,negative,0.6637,False,False,False,False,False,14.48,0.04058,0.520752,-27.834,0.069489,1717.498,272.811,125.768,1.381,low,low,high,False,False,False,False,False,negative,medium,20,negative customer sentiment | medium customer vocal intensity,low,CUST_NEGATIVE_SENTIMENT|CUST_MEDIUM_VOCAL_INTENSITY,en_AU_DeliveryService_1592668:turn:123,1.0,1.0.0,conversation_risk_v1,heuristic_proxy,False,faster-whisper/small,cardiffnlp/twitter-roberta-base-sentiment-latest
en_AU_DeliveryService_1592668,124,agent,channel1,92,536.48,538.48,how stressful this would be for you.,negative,0.7736,False,False,True,False,False,2.0,0.050368,0.380737,-25.957,0.183733,1700.259,160.117,73.919,3.5,low,high,low,False,False,True,False,False,negative,medium,3,negative agent sentiment | agent probing question detected,low,AGENT_NEGATIVE_SENTIMENT|AGENT_PROBING,en_AU_DeliveryService_1592668:turn:124,1.0,1.0.0,conversation_risk_v1,heuristic_proxy,False,faster-whisper/small,cardiffnlp/twitter-roberta-base-sentiment-latest
en_AU_DeliveryService_1592668,125,agent,channel1,93,538.48,540.48,Tax documents are nothing to muck around with.,negative,0.6586,False,False,False,False,False,2.0,0.097993,0.816772,-20.176,0.135432,1354.881,166.609,52.097,4.0,high,high,low,False,False,False,False,False,negative,high,8,negative agent sentiment,low,AGENT_NEGATIVE_SENTIMENT,en_AU_DeliveryService_1592668:turn:125,1.0,1.0.0,conversation_risk_v1,heuristic_proxy,False,faster-whisper/small,cardiffnlp/twitter-roberta-base-sentiment-latest
en_AU_DeliveryService_1592668,126,agent,channel1,94,540.48,543.48,Is there anything I can help you with today?,neutral,0.8547,False,False,True,True,False,3.0,0.091056,0.495483,-20.814,0.081148,1246.429,210.368,86.228,3.0,high,high,medium,False,False,True,True,False,neutral,high,0,agent probing question detected | agent ownership detected,low,AGENT_PROBING|AGENT_OWNERSHIP,en_AU_DeliveryService_1592668:turn:126,1.0,1.0.0,conversation_risk_v1,heuristic_proxy,False,faster-whisper/small,cardiffnlp/twitter-roberta-base-sentiment-latest
en_AU_DeliveryService_1592668,127,agent,channel1,95,543.48,545.48,Other than that?,neutral,0.8823,False,False,True,False,False,2.0,0.067966,0.578918,-23.354,0.039636,800.139,245.742,133.292,1.5,medium,medium,high,False,False,True,False,False,neutral,medium,0,agent probing question detected,low,AGENT_PROBING,en_AU_DeliveryService_1592668:turn:127,1.0,1.0.0,conversation_risk_v1,heuristic_proxy,False,faster-whisper/small,cardiffnlp/twitter-roberta-base-sentiment-latest
en_AU_DeliveryService_1592668,128,agent,channel1,96,549.48,554.48,"Yeah, look, that's a really great question.",positive,0.9807,False,False,False,False,False,5.0,0.050091,0.676575,-26.005,0.05818,1055.976,288.068,134.033,1.4,low,low,high,False,False,False,False,False,positive,medium,0,no strong signal,low,NO_STRONG_SIGNAL,en_AU_DeliveryService_1592668:turn:128,1.0,1.0.0,conversation_risk_v1,heuristic_proxy,False,faster-whisper/small,cardiffnlp/twitter-roberta-base-sentiment-latest
en_AU_DeliveryService_1592668,129,customer,channel2,33,550.68,555.96,guys usually plan for that kind of thing?,neutral,0.8934,False,False,False,False,False,5.28,0.028563,0.390228,-30.884,0.073736,1641.212,247.372,119.774,1.515,low,medium,high,False,False,False,False,False,neutral,medium,5,medium customer vocal intensity,low,CUST_MEDIUM_VOCAL_INTENSITY,en_AU_DeliveryService_1592668:turn:129,1.0,1.0.0,conversation_risk_v1,heuristic_proxy,False,faster-whisper/small,cardiffnlp/twitter-roberta-base-sentiment-latest
en_AU_DeliveryService_1592668,130,agent,channel1,97,554.48,558.48,"Normally our drivers do have an alternate route mapped out, particularly for",neutral,0.8756,False,False,False,False,False,4.0,0.102627,0.667603,-19.775,0.107278,1385.617,197.123,59.957,3.0,high,high,medium,False,False,False,False,False,neutral,high,0,no strong signal,low,NO_STRONG_SIGNAL,en_AU_DeliveryService_1592668:turn:130,1.0,1.0.0,conversation_risk_v1,heuristic_proxy,False,faster-whisper/small,cardiffnlp/twitter-roberta-base-sentiment-latest
en_AU_DeliveryService_1592668,131,agent,channel1,98,558.48,562.48,"Paramatter Road, since it's always got something going on.",neutral,0.7417,False,False,False,False,False,4.0,0.086511,0.846985,-21.259,0.143462,1554.526,185.974,67.809,2.25,high,medium,medium,False,False,False,False,False,neutral,medium,0,no strong signal,low,NO_STRONG_SIGNAL,en_AU_DeliveryService_1592668:turn:131,1.0,1.0.0,conversation_risk_v1,heuristic_proxy,False,faster-whisper/small,cardiffnlp/twitter-roberta-base-sentiment-latest
en_AU_DeliveryService_1592668,132,agent,channel1,99,562.48,565.48,What happened in this particular case was that the road works weren't on our,neutral,0.5174,False,False,True,False,False,3.0,0.112343,0.966949,-18.989,0.132615,1536.582,202.079,60.036,4.667,high,high,medium,False,False,True,False,False,neutral,high,0,agent probing question detected,low,AGENT_PROBING,en_AU_DeliveryService_1592668:turn:132,1.0,1.0.0,conversation_risk_v1,heuristic_proxy,False,faster-whisper/small,cardiffnlp/twitter-roberta-base-sentiment-latest
en_AU_DeliveryService_1592668,133,agent,channel1,100,565.48,569.48,scheduled notifications from Transport New South Wales.,neutral,0.9426,False,False,False,False,False,4.0,0.055819,0.38678,-25.064,0.160563,1625.726,156.618,61.343,1.75,medium,medium,low,False,False,False,False,False,neutral,medium,0,no strong signal,low,NO_STRONG_SIGNAL,en_AU_DeliveryService_1592668:turn:133,1.0,1.0.0,conversation_risk_v1,heuristic_proxy,False,faster-whisper/small,cardiffnlp/twitter-roberta-base-sentiment-latest
en_AU_DeliveryService_1592668,134,customer,channel2,34,565.96,587.96,Okay that makes sense at least you sorted it out.,neutral,0.5025,False,False,False,False,False,22.0,0.018407,0.453308,-34.7,0.060577,1673.304,293.523,137.272,0.455,low,low,high,False,False,False,False,False,neutral,medium,5,medium customer vocal intensity,low,CUST_MEDIUM_VOCAL_INTENSITY,en_AU_DeliveryService_1592668:turn:134,1.0,1.0.0,conversation_risk_v1,heuristic_proxy,False,faster-whisper/small,cardiffnlp/twitter-roberta-base-sentiment-latest
en_AU_DeliveryService_1592668,135,agent,channel1,101,569.48,573.48,"They started Monday night unexpectedly, so Tuesday morning our driver got caught",negative,0.661,False,False,False,False,False,4.0,0.119768,0.999969,-18.433,0.161222,1738.768,192.537,68.212,3.0,high,high,medium,False,False,False,False,False,negative,high,8,negative agent sentiment,low,AGENT_NEGATIVE_SENTIMENT,en_AU_DeliveryService_1592668:turn:135,1.0,1.0.0,conversation_risk_v1,heuristic_proxy,False,faster-whisper/small,cardiffnlp/twitter-roberta-base-sentiment-latest
en_AU_DeliveryService_1592668,136,agent,channel1,102,573.48,575.48,in the back up with no warning.,neutral,0.6144,False,False,False,False,False,2.0,0.084209,0.471802,-21.493,0.076885,829.828,155.045,53.01,3.5,medium,high,low,False,False,False,False,False,neutral,medium,0,no strong signal,low,NO_STRONG_SIGNAL,en_AU_DeliveryService_1592668:turn:136,1.0,1.0.0,conversation_risk_v1,heuristic_proxy,False,faster-whisper/small,cardiffnlp/twitter-roberta-base-sentiment-latest
en_AU_DeliveryService_1592668,137,agent,channel1,103,575.48,579.48,We've since updated all our routes throughout that area and our drivers are,neutral,0.7321,False,False,False,False,False,4.0,0.110291,0.777161,-19.149,0.128151,1470.658,181.077,69.708,3.25,high,high,low,False,False,False,False,False,neutral,high,0,no strong signal,low,NO_STRONG_SIGNAL,en_AU_DeliveryService_1592668:turn:137,1.0,1.0.0,conversation_risk_v1,heuristic_proxy,False,faster-whisper/small,cardiffnlp/twitter-roberta-base-sentiment-latest
en_AU_DeliveryService_1592668,138,agent,channel1,104,579.48,583.48,now using Victoria Road as the main arterial instead.,neutral,0.9101,False,False,False,False,False,4.0,0.049841,0.329559,-26.048,0.102376,1319.403,163.157,92.223,2.25,low,medium,low,False,False,False,False,False,neutral,low,0,no strong signal,low,NO_STRONG_SIGNAL,en_AU_DeliveryService_1592668:turn:138,1.0,1.0.0,conversation_risk_v1,heuristic_proxy,False,faster-whisper/small,cardiffnlp/twitter-roberta-base-sentiment-latest
en_AU_DeliveryService_1592668,139,agent,channel1,105,587.48,588.48,"Yup, definitely.",positive,0.5845,False,False,False,False,False,1.0,0.054786,0.580811,-25.227,0.136444,1723.303,210.306,127.121,2.0,medium,medium,medium,False,False,False,False,False,positive,medium,0,no strong signal,low,NO_STRONG_SIGNAL,en_AU_DeliveryService_1592668:turn:139,1.0,1.0.0,conversation_risk_v1,heuristic_proxy,False,faster-whisper/small,cardiffnlp/twitter-roberta-base-sentiment-latest
en_AU_DeliveryService_1592668,140,agent,channel1,106,588.48,592.48,"And look, as an additional gesture of goodwill and for the inconvenience,",neutral,0.5468,False,False,False,False,False,4.0,0.102959,0.780853,-19.747,0.116622,1468.353,181.502,61.487,3.0,high,high,low,False,False,False,False,False,neutral,high,0,no strong signal,low,NO_STRONG_SIGNAL,en_AU_DeliveryService_1592668:turn:140,1.0,1.0.0,conversation_risk_v1,heuristic_proxy,False,faster-whisper/small,cardiffnlp/twitter-roberta-base-sentiment-latest
en_AU_DeliveryService_1592668,141,agent,channel1,107,592.48,596.48,"I'm going to add $20 credit to your account, so you'll see that reflected",neutral,0.626,False,False,False,False,False,4.0,0.096668,0.692535,-20.294,0.151325,1794.839,195.857,73.56,3.5,high,high,medium,False,False,False,False,False,neutral,high,0,no strong signal,low,NO_STRONG_SIGNAL,en_AU_DeliveryService_1592668:turn:141,1.0,1.0.0,conversation_risk_v1,heuristic_proxy,False,faster-whisper/small,cardiffnlp/twitter-roberta-base-sentiment-latest
en_AU_DeliveryService_1592668,142,customer,channel2,35,595.96,611.96,Oh you didn't have to do that Danielle but thank you that's a real that's that's top's customer service.,positive,0.6482,False,False,False,False,False,16.0,0.039317,0.716187,-28.108,0.115635,1955.98,249.103,127.841,1.188,low,low,high,False,False,False,False,False,positive,medium,5,medium customer vocal intensity,low,CUST_MEDIUM_VOCAL_INTENSITY,en_AU_DeliveryService_1592668:turn:142,1.0,1.0.0,conversation_risk_v1,heuristic_proxy,False,faster-whisper/small,cardiffnlp/twitter-roberta-base-sentiment-latest
en_AU_DeliveryService_1592668,143,agent,channel1,108,596.48,600.48,in your next invoice or if your pay-as-you-go customer will apply it,neutral,0.8944,False,False,False,False,False,4.0,0.107346,0.604492,-19.384,0.145853,1667.916,192.549,54.541,3.0,high,high,medium,False,False,False,False,False,neutral,high,0,no strong signal,low,NO_STRONG_SIGNAL,en_AU_DeliveryService_1592668:turn:143,1.0,1.0.0,conversation_risk_v1,heuristic_proxy,False,faster-whisper/small,cardiffnlp/twitter-roberta-base-sentiment-latest
en_AU_DeliveryService_1592668,144,agent,channel1,109,600.48,602.48,to your next shipment.,neutral,0.8024,False,False,False,False,False,2.0,0.084966,0.691895,-21.415,0.127472,1483.251,164.012,90.604,2.0,high,medium,low,False,False,False,False,False,neutral,medium,0,no strong signal,low,NO_STRONG_SIGNAL,en_AU_DeliveryService_1592668:turn:144,1.0,1.0.0,conversation_risk_v1,heuristic_proxy,False,faster-whisper/small,cardiffnlp/twitter-roberta-base-sentiment-latest
en_AU_DeliveryService_1592668,145,agent,channel1,110,606.48,611.48,"Yeah, look, Maria, it's our pleasure.",positive,0.931,False,False,False,False,False,5.0,0.062896,0.721863,-24.027,0.026569,869.431,290.628,131.434,1.2,medium,low,high,False,False,False,False,False,positive,medium,0,no strong signal,low,NO_STRONG_SIGNAL,en_AU_DeliveryService_1592668:turn:145,1.0,1.0.0,conversation_risk_v1,heuristic_proxy,False,faster-whisper/small,cardiffnlp/twitter-roberta-base-sentiment-latest
en_AU_DeliveryService_1592668,146,agent,channel1,111,611.48,614.48,"We understand how important this was, and of course you did pay for a",neutral,0.5947,False,False,False,False,False,3.0,0.092889,0.624176,-20.641,0.14557,1552.74,157.369,53.072,4.667,high,high,low,False,False,False,False,False,neutral,high,0,no strong signal,low,NO_STRONG_SIGNAL,en_AU_DeliveryService_1592668:turn:146,1.0,1.0.0,conversation_risk_v1,heuristic_proxy,False,faster-whisper/small,cardiffnlp/twitter-roberta-base-sentiment-latest
en_AU_DeliveryService_1592668,147,agent,channel1,112,614.48,616.48,service that didn't deliver.,negative,0.8352,False,False,False,False,False,2.0,0.080664,0.507141,-21.866,0.171007,1661.327,155.705,48.264,2.0,medium,medium,low,False,False,False,False,False,negative,medium,8,negative agent sentiment,low,AGENT_NEGATIVE_SENTIMENT,en_AU_DeliveryService_1592668:turn:147,1.0,1.0.0,conversation_risk_v1,heuristic_proxy,False,faster-whisper/small,cardiffnlp/twitter-roberta-base-sentiment-latest
en_AU_DeliveryService_1592668,148,agent,channel1,113,616.48,620.48,We do really want to make sure that our customers are feeling like they're,positive,0.7058,False,False,False,False,False,4.0,0.091882,0.499451,-20.735,0.129956,1319.061,168.619,54.664,3.5,high,high,low,False,False,False,False,False,positive,high,0,no strong signal,low,NO_STRONG_SIGNAL,en_AU_DeliveryService_1592668:turn:148,1.0,1.0.0,conversation_risk_v1,heuristic_proxy,False,faster-whisper/small,cardiffnlp/twitter-roberta-base-sentiment-latest
en_AU_DeliveryService_1592668,149,agent,channel1,114,620.48,625.48,"valued, we value your business, and if there's anything else that we can do",positive,0.5894,False,False,False,False,False,5.0,0.090746,0.595703,-20.843,0.151607,1581.183,163.01,65.402,2.8,high,high,low,False,False,False,False,False,positive,high,0,no strong signal,low,NO_STRONG_SIGNAL,en_AU_DeliveryService_1592668:turn:149,1.0,1.0.0,conversation_risk_v1,heuristic_proxy,False,faster-whisper/small,cardiffnlp/twitter-roberta-base-sentiment-latest
en_AU_DeliveryService_1592668,150,agent,channel1,115,625.48,628.48,to help you feel looked after.,positive,0.6323,False,False,False,False,False,3.0,0.062622,0.740051,-24.065,0.127613,1358.977,156.957,90.445,2.0,medium,medium,low,False,False,False,False,False,positive,medium,0,no strong signal,low,NO_STRONG_SIGNAL,en_AU_DeliveryService_1592668:turn:150,1.0,1.0.0,conversation_risk_v1,heuristic_proxy,False,faster-whisper/small,cardiffnlp/twitter-roberta-base-sentiment-latest
en_AU_DeliveryService_1592668,151,customer,channel2,36,625.96,641.96,Um no I think that's everything you've been really helpful Danielle and sorry I was a bit frustrated earlier in the call too.,positive,0.7157,True,False,False,False,False,16.0,0.038455,0.588898,-28.301,0.083461,1646.087,250.781,131.082,1.438,low,low,high,True,False,False,False,False,positive,medium,30,customer frustration language | medium customer vocal intensity,medium,CUST_FRUSTRATION_LANGUAGE|CUST_MEDIUM_VOCAL_INTENSITY,en_AU_DeliveryService_1592668:turn:151,1.0,1.0.0,conversation_risk_v1,heuristic_proxy,False,faster-whisper/small,cardiffnlp/twitter-roberta-base-sentiment-latest
en_AU_DeliveryService_1592668,152,agent,channel1,116,628.48,632.48,"Now, aside from the delivery, is there anything else I can help you with",neutral,0.887,False,False,False,True,False,4.0,0.114032,0.725708,-18.86,0.117207,1332.567,192.534,60.428,3.5,high,high,medium,False,False,False,True,False,neutral,high,0,agent ownership detected,low,AGENT_OWNERSHIP,en_AU_DeliveryService_1592668:turn:152,1.0,1.0.0,conversation_risk_v1,heuristic_proxy,False,faster-whisper/small,cardiffnlp/twitter-roberta-base-sentiment-latest
en_AU_DeliveryService_1592668,153,agent,channel1,117,632.48,633.48,today?,neutral,0.8298,False,False,True,False,False,1.0,0.041207,0.253906,-27.701,0.087463,1293.624,179.469,124.817,1.0,low,low,low,False,False,True,False,False,neutral,low,0,agent probing question detected,low,AGENT_PROBING,en_AU_DeliveryService_1592668:turn:153,1.0,1.0.0,conversation_risk_v1,heuristic_proxy,False,faster-whisper/small,cardiffnlp/twitter-roberta-base-sentiment-latest
en_AU_DeliveryService_1592668,154,agent,channel1,118,636.48,638.48,"Okay, perfect.",positive,0.9282,False,False,False,False,False,2.0,0.036362,0.581512,-28.787,0.069832,1127.582,262.611,147.241,1.0,low,low,high,False,False,False,False,False,positive,medium,0,no strong signal,low,NO_STRONG_SIGNAL,en_AU_DeliveryService_1592668:turn:154,1.0,1.0.0,conversation_risk_v1,heuristic_proxy,False,faster-whisper/small,cardiffnlp/twitter-roberta-base-sentiment-latest
en_AU_DeliveryService_1592668,155,agent,channel1,119,640.48,643.48,"No, look, it's completely understandable.",positive,0.6333,False,False,False,False,False,3.0,0.133523,0.999969,-17.489,0.087678,1204.846,253.872,119.476,1.667,high,medium,high,False,False,False,False,False,positive,high,0,no strong signal,low,NO_STRONG_SIGNAL,en_AU_DeliveryService_1592668:turn:155,1.0,1.0.0,conversation_risk_v1,heuristic_proxy,False,faster-whisper/small,cardiffnlp/twitter-roberta-base-sentiment-latest
en_AU_DeliveryService_1592668,156,agent,channel1,120,643.48,646.48,Tax time is stressful for everyone.,negative,0.7259,False,False,False,False,False,3.0,0.079503,0.57901,-21.992,0.203135,1856.461,158.741,68.993,2.0,medium,medium,low,False,False,False,False,False,negative,medium,8,negative agent sentiment,low,AGENT_NEGATIVE_SENTIMENT,en_AU_DeliveryService_1592668:turn:156,1.0,1.0.0,conversation_risk_v1,heuristic_proxy,False,faster-whisper/small,cardiffnlp/twitter-roberta-base-sentiment-latest
en_AU_DeliveryService_1592668,157,agent,channel1,121,646.48,650.48,"So just to recap everything, so your package with your tracking number",neutral,0.9048,False,False,False,False,False,4.0,0.09449,0.9133,-20.492,0.158688,1783.489,216.136,70.574,3.0,high,high,medium,False,False,False,False,False,neutral,high,0,no strong signal,low,NO_STRONG_SIGNAL,en_AU_DeliveryService_1592668:turn:157,1.0,1.0.0,conversation_risk_v1,heuristic_proxy,False,faster-whisper/small,cardiffnlp/twitter-roberta-base-sentiment-latest
en_AU_DeliveryService_1592668,158,agent,channel1,122,650.48,660.48,"ending in one AU, so that's SE 47892341AU is being dispatched via",neutral,0.9401,False,False,False,False,False,10.0,0.099545,0.861877,-20.04,0.132596,1604.842,187.89,77.094,1.2,high,low,medium,False,False,False,False,False,neutral,medium,0,no strong signal,low,NO_STRONG_SIGNAL,en_AU_DeliveryService_1592668:turn:158,1.0,1.0.0,conversation_risk_v1,heuristic_proxy,False,faster-whisper/small,cardiffnlp/twitter-roberta-base-sentiment-latest
en_AU_DeliveryService_1592668,159,customer,channel2,37,655.96,683.96,Perfect thank you so much for sorting this out.,positive,0.9696,False,False,False,False,False,28.0,0.008479,0.34726,-41.433,0.036721,1548.969,315.511,129.439,0.321,low,low,high,False,False,False,False,False,positive,medium,5,medium customer vocal intensity,low,CUST_MEDIUM_VOCAL_INTENSITY,en_AU_DeliveryService_1592668:turn:159,1.0,1.0.0,conversation_risk_v1,heuristic_proxy,False,faster-whisper/small,cardiffnlp/twitter-roberta-base-sentiment-latest
en_AU_DeliveryService_1592668,160,agent,channel1,123,660.48,666.48,"same-day courier to Henderson and Associates, sweet 7156",neutral,0.7308,False,False,False,False,False,6.0,0.108112,0.820221,-19.323,0.196985,1953.375,176.359,85.862,1.333,high,low,low,False,False,False,False,False,neutral,medium,0,no strong signal,low,NO_STRONG_SIGNAL,en_AU_DeliveryService_1592668:turn:160,1.0,1.0.0,conversation_risk_v1,heuristic_proxy,False,faster-whisper/small,cardiffnlp/twitter-roberta-base-sentiment-latest
en_AU_DeliveryService_1592668,161,agent,channel1,124,666.48,668.48,Church Street Power Matter.,neutral,0.8937,False,False,False,False,False,2.0,0.074394,0.489532,-22.569,0.193569,1866.217,180.555,84.557,2.0,medium,medium,low,False,False,False,False,False,neutral,medium,0,no strong signal,low,NO_STRONG_SIGNAL,en_AU_DeliveryService_1592668:turn:161,1.0,1.0.0,conversation_risk_v1,heuristic_proxy,False,faster-whisper/small,cardiffnlp/twitter-roberta-base-sentiment-latest
en_AU_DeliveryService_1592668,162,agent,channel1,125,668.48,671.48,"You'll also get guaranteed delivery by 5pm today, and I've",positive,0.5499,False,False,False,False,False,3.0,0.106007,0.767639,-19.493,0.138547,1518.532,182.655,77.042,3.333,high,high,low,False,False,False,False,False,positive,high,0,no strong signal,low,NO_STRONG_SIGNAL,en_AU_DeliveryService_1592668:turn:162,1.0,1.0.0,conversation_risk_v1,heuristic_proxy,False,faster-whisper/small,cardiffnlp/twitter-roberta-base-sentiment-latest
en_AU_DeliveryService_1592668,163,agent,channel1,126,671.48,673.48,e-marked it with priority.,neutral,0.8414,False,False,False,False,False,2.0,0.088908,0.484528,-21.021,0.090371,1111.11,166.659,68.495,2.0,high,medium,low,False,False,False,False,False,neutral,medium,0,no strong signal,low,NO_STRONG_SIGNAL,en_AU_DeliveryService_1592668:turn:163,1.0,1.0.0,conversation_risk_v1,heuristic_proxy,False,faster-whisper/small,cardiffnlp/twitter-roberta-base-sentiment-latest
en_AU_DeliveryService_1592668,164,agent,channel1,127,673.48,677.48,"You'll get SMS notifications for both dispatch and delivery,",neutral,0.8425,False,False,False,False,False,4.0,0.096267,0.696381,-20.33,0.191906,2115.963,187.964,70.481,2.25,high,medium,medium,False,False,False,False,False,neutral,medium,0,no strong signal,low,NO_STRONG_SIGNAL,en_AU_DeliveryService_1592668:turn:164,1.0,1.0.0,conversation_risk_v1,heuristic_proxy,False,faster-whisper/small,cardiffnlp/twitter-roberta-base-sentiment-latest
en_AU_DeliveryService_1592668,165,agent,channel1,128,677.48,680.48,and we've added $20 to your account.,neutral,0.6404,False,False,False,False,False,3.0,0.076268,0.669067,-22.353,0.099552,1232.626,193.346,107.886,2.333,medium,medium,medium,False,False,False,False,False,neutral,medium,0,no strong signal,low,NO_STRONG_SIGNAL,en_AU_DeliveryService_1592668:turn:165,1.0,1.0.0,conversation_risk_v1,heuristic_proxy,False,faster-whisper/small,cardiffnlp/twitter-roberta-base-sentiment-latest
en_AU_DeliveryService_1592668,166,agent,channel1,129,683.48,685.48,"Look, Maria, you're very welcome.",positive,0.963,False,False,False,False,False,2.0,0.145083,0.7883,-16.768,0.092029,1206.115,203.146,85.843,2.5,high,medium,medium,False,False,False,False,False,positive,medium,0,no strong signal,low,NO_STRONG_SIGNAL,en_AU_DeliveryService_1592668:turn:166,1.0,1.0.0,conversation_risk_v1,heuristic_proxy,False,faster-whisper/small,cardiffnlp/twitter-roberta-base-sentiment-latest
en_AU_DeliveryService_1592668,167,agent,channel1,130,685.48,687.48,"Look, I hope your tax return goes smoothly.",positive,0.8153,False,False,False,False,False,2.0,0.117967,0.733063,-18.565,0.106011,1177.059,191.184,69.339,4.0,high,high,medium,False,False,False,False,False,positive,high,0,no strong signal,low,NO_STRONG_SIGNAL,en_AU_DeliveryService_1592668:turn:167,1.0,1.0.0,conversation_risk_v1,heuristic_proxy,False,faster-whisper/small,cardiffnlp/twitter-roberta-base-sentiment-latest
en_AU_DeliveryService_1592668,168,customer,channel2,38,685.96,687.96,Thank you.,positive,0.8345,False,False,False,False,False,2.0,5e-06,9.2e-05,-105.666,0.014718,1338.275,341.748,118.835,1.0,low,low,high,False,False,False,False,False,positive,medium,5,medium customer vocal intensity,low,CUST_MEDIUM_VOCAL_INTENSITY,en_AU_DeliveryService_1592668:turn:168,1.0,1.0.0,conversation_risk_v1,heuristic_proxy,False,faster-whisper/small,cardiffnlp/twitter-roberta-base-sentiment-latest
en_AU_DeliveryService_1592668,169,agent,channel1,131,687.48,692.48,"By the way, I was going to suggest, given that you will receive the",neutral,0.7325,False,False,False,False,True,5.0,0.134775,0.986328,-17.408,0.129538,1588.449,201.064,60.243,2.8,high,high,medium,False,False,False,False,True,neutral,high,0,agent next step detected,low,AGENT_NEXT_STEPS,en_AU_DeliveryService_1592668:turn:169,1.0,1.0.0,conversation_risk_v1,heuristic_proxy,False,faster-whisper/small,cardiffnlp/twitter-roberta-base-sentiment-latest
en_AU_DeliveryService_1592668,170,agent,channel1,132,692.48,698.48,"SMS notification from us, if you wanted to, we advise our customers",neutral,0.8005,False,False,False,False,False,6.0,0.073437,0.614624,-22.682,0.173407,1872.361,174.129,78.941,2.0,medium,medium,low,False,False,False,False,False,neutral,medium,0,no strong signal,low,NO_STRONG_SIGNAL,en_AU_DeliveryService_1592668:turn:170,1.0,1.0.0,conversation_risk_v1,heuristic_proxy,False,faster-whisper/small,cardiffnlp/twitter-roberta-base-sentiment-latest
en_AU_DeliveryService_1592668,171,agent,channel1,133,698.48,703.48,"for services like this, it's often a great idea to call the",positive,0.903,False,False,False,False,False,5.0,0.085903,0.644775,-21.32,0.180701,1775.196,184.532,72.57,2.4,high,medium,medium,False,False,False,False,False,positive,medium,0,no strong signal,low,NO_STRONG_SIGNAL,en_AU_DeliveryService_1592668:turn:171,1.0,1.0.0,conversation_risk_v1,heuristic_proxy,False,faster-whisper/small,cardiffnlp/twitter-roberta-base-sentiment-latest
en_AU_DeliveryService_1592668,172,agent,channel1,134,703.48,705.48,person on the receiving end.,neutral,0.718,False,False,False,False,False,2.0,0.081389,0.612854,-21.789,0.125194,1343.31,164.492,51.605,2.5,medium,medium,low,False,False,False,False,False,neutral,medium,0,no strong signal,low,NO_STRONG_SIGNAL,en_AU_DeliveryService_1592668:turn:172,1.0,1.0.0,conversation_risk_v1,heuristic_proxy,False,faster-whisper/small,cardiffnlp/twitter-roberta-base-sentiment-latest
en_AU_DeliveryService_1592668,173,agent,channel1,135,705.48,709.48,That way someone can be ready and waiting and avoid any further,neutral,0.6791,False,False,False,False,False,4.0,0.092588,0.564209,-20.669,0.075726,1025.937,175.934,55.598,3.0,high,high,low,False,False,False,False,False,neutral,high,0,no strong signal,low,NO_STRONG_SIGNAL,en_AU_DeliveryService_1592668:turn:173,1.0,1.0.0,conversation_risk_v1,heuristic_proxy,False,faster-whisper/small,cardiffnlp/twitter-roberta-base-sentiment-latest
en_AU_DeliveryService_1592668,174,agent,channel1,136,709.48,715.48,"delays, because sometimes we know that these, especially Power",neutral,0.6701,False,False,False,False,False,6.0,0.068424,0.649475,-23.296,0.138617,1618.972,172.294,91.692,1.5,medium,medium,low,False,False,False,False,False,neutral,medium,0,no strong signal,low,NO_STRONG_SIGNAL,en_AU_DeliveryService_1592668:turn:174,1.0,1.0.0,conversation_risk_v1,heuristic_proxy,False,faster-whisper/small,cardiffnlp/twitter-roberta-base-sentiment-latest
en_AU_DeliveryService_1592668,175,agent,channel1,137,715.48,720.48,"Matter Road Church Street locations, can be quite difficult",negative,0.4956,False,False,False,False,False,5.0,0.082851,0.764526,-21.634,0.151921,1528.434,161.331,83.054,1.8,medium,medium,low,False,False,False,False,False,negative,medium,8,negative agent sentiment,low,AGENT_NEGATIVE_SENTIMENT,en_AU_DeliveryService_1592668:turn:175,1.0,1.0.0,conversation_risk_v1,heuristic_proxy,False,faster-whisper/small,cardiffnlp/twitter-roberta-base-sentiment-latest
en_AU_DeliveryService_1592668,176,customer,channel2,39,715.96,741.96,You know what that's a really good idea Danielle so as soon as I get off the phone I'm going to call the accountant and let them know that as soon as I get the sms that they'll be approaching is that right?,positive,0.8865,False,False,False,False,False,26.0,0.028288,0.424225,-30.968,0.076019,1592.449,267.095,118.957,1.654,low,medium,high,False,False,False,False,False,positive,medium,5,medium customer vocal intensity,low,CUST_MEDIUM_VOCAL_INTENSITY,en_AU_DeliveryService_1592668:turn:176,1.0,1.0.0,conversation_risk_v1,heuristic_proxy,False,faster-whisper/small,cardiffnlp/twitter-roberta-base-sentiment-latest
en_AU_DeliveryService_1592668,177,agent,channel1,138,720.48,722.48,for our drivers.,neutral,0.8004,False,False,False,False,False,2.0,0.092391,0.565247,-20.687,0.167635,1654.478,149.838,64.511,1.5,high,medium,low,False,False,False,False,False,neutral,medium,0,no strong signal,low,NO_STRONG_SIGNAL,en_AU_DeliveryService_1592668:turn:177,1.0,1.0.0,conversation_risk_v1,heuristic_proxy,False,faster-whisper/small,cardiffnlp/twitter-roberta-base-sentiment-latest
en_AU_DeliveryService_1592668,178,agent,channel1,139,722.48,725.48,So someone being out there already on hand is very helpful for,positive,0.7758,False,False,False,False,False,3.0,0.099351,0.759796,-20.057,0.103038,1091.23,146.353,56.575,4.0,high,high,low,False,False,False,False,False,positive,high,0,no strong signal,low,NO_STRONG_SIGNAL,en_AU_DeliveryService_1592668:turn:178,1.0,1.0.0,conversation_risk_v1,heuristic_proxy,False,faster-whisper/small,cardiffnlp/twitter-roberta-base-sentiment-latest
en_AU_DeliveryService_1592668,179,agent,channel1,140,725.48,726.48,"them, too.",neutral,0.8373,False,False,False,False,False,1.0,0.054565,0.278595,-25.262,0.106049,1092.349,139.013,53.157,2.0,medium,medium,low,False,False,False,False,False,neutral,medium,0,no strong signal,low,NO_STRONG_SIGNAL,en_AU_DeliveryService_1592668:turn:179,1.0,1.0.0,conversation_risk_v1,heuristic_proxy,False,faster-whisper/small,cardiffnlp/twitter-roberta-base-sentiment-latest
en_AU_DeliveryService_1592668,180,agent,channel1,141,726.48,728.48,I know how important these documents are for you.,positive,0.7923,False,False,False,False,False,2.0,0.041502,0.257996,-27.639,0.134285,1251.995,160.359,85.041,4.5,low,high,low,False,False,False,False,False,positive,medium,0,no strong signal,low,NO_STRONG_SIGNAL,en_AU_DeliveryService_1592668:turn:180,1.0,1.0.0,conversation_risk_v1,heuristic_proxy,False,faster-whisper/small,cardiffnlp/twitter-roberta-base-sentiment-latest
en_AU_DeliveryService_1592668,181,agent,channel1,142,728.48,735.48,"That's where they'll have, it's within that 20-minute window,",neutral,0.8397,False,False,False,False,False,7.0,0.002946,0.089355,-50.615,0.014082,719.557,300.372,145.321,1.286,low,low,high,False,False,False,False,False,neutral,medium,0,no strong signal,low,NO_STRONG_SIGNAL,en_AU_DeliveryService_1592668:turn:181,1.0,1.0.0,conversation_risk_v1,heuristic_proxy,False,faster-whisper/small,cardiffnlp/twitter-roberta-base-sentiment-latest
en_AU_DeliveryService_1592668,182,agent,channel1,143,735.48,738.48,"or basically say, like, our driver's 20 minutes away.",neutral,0.7957,False,False,False,False,False,3.0,8.7e-05,0.001038,-81.255,0.009225,727.561,322.591,134.375,3.0,low,high,high,False,False,False,False,False,neutral,medium,0,no strong signal,low,NO_STRONG_SIGNAL,en_AU_DeliveryService_1592668:turn:182,1.0,1.0.0,conversation_risk_v1,heuristic_proxy,False,faster-whisper/small,cardiffnlp/twitter-roberta-base-sentiment-latest
en_AU_DeliveryService_1592668,183,agent,channel1,144,738.48,742.48,"So what you'll do, give them the call on the phone this",neutral,0.8857,False,False,False,False,False,4.0,0.070367,0.948029,-23.053,0.036559,860.177,307.101,139.196,3.0,medium,high,high,False,False,False,False,False,neutral,high,0,no strong signal,low,NO_STRONG_SIGNAL,en_AU_DeliveryService_1592668:turn:183,1.0,1.0.0,conversation_risk_v1,heuristic_proxy,False,faster-whisper/small,cardiffnlp/twitter-roberta-base-sentiment-latest
en_AU_DeliveryService_1592668,184,agent,channel1,145,742.48,743.48,afternoon.,neutral,0.7243,False,False,False,False,False,1.0,0.220521,0.999969,-13.131,0.233887,2341.821,179.632,89.98,1.0,high,low,low,False,False,False,False,False,neutral,medium,0,no strong signal,low,NO_STRONG_SIGNAL,en_AU_DeliveryService_1592668:turn:184,1.0,1.0.0,conversation_risk_v1,heuristic_proxy,False,faster-whisper/small,cardiffnlp/twitter-roberta-base-sentiment-latest
en_AU_DeliveryService_1592668,185,agent,channel1,146,743.48,746.48,"Just let them know that, basically, they will, you know,",neutral,0.7198,False,False,False,False,False,3.0,0.124389,0.944305,-18.104,0.12326,1455.967,165.049,45.092,3.333,high,high,low,False,False,False,False,False,neutral,high,0,no strong signal,low,NO_STRONG_SIGNAL,en_AU_DeliveryService_1592668:turn:185,1.0,1.0.0,conversation_risk_v1,heuristic_proxy,False,faster-whisper/small,cardiffnlp/twitter-roberta-base-sentiment-latest
en_AU_DeliveryService_1592668,186,customer,channel2,40,745.96,749.96,Okay.,neutral,0.5693,False,False,False,False,False,4.0,0.00366,0.067108,-48.731,0.057974,1760.69,291.611,137.498,0.25,low,low,high,False,False,False,False,False,neutral,medium,5,medium customer vocal intensity,low,CUST_MEDIUM_VOCAL_INTENSITY,en_AU_DeliveryService_1592668:turn:186,1.0,1.0.0,conversation_risk_v1,heuristic_proxy,False,faster-whisper/small,cardiffnlp/twitter-roberta-base-sentiment-latest
en_AU_DeliveryService_1592668,187,agent,channel1,147,746.48,750.48,"you'll get a text message to say it's 20 minutes away, and you'll",neutral,0.8283,False,False,False,False,False,4.0,0.098203,0.656952,-20.158,0.145299,1505.856,195.364,77.751,3.25,high,high,medium,False,False,False,False,False,neutral,high,0,no strong signal,low,NO_STRONG_SIGNAL,en_AU_DeliveryService_1592668:turn:187,1.0,1.0.0,conversation_risk_v1,heuristic_proxy,False,faster-whisper/small,cardiffnlp/twitter-roberta-base-sentiment-latest
en_AU_DeliveryService_1592668,188,agent,channel1,148,750.48,752.48,give them a call then.,neutral,0.8797,False,False,False,False,False,2.0,0.086519,0.523407,-21.258,0.088177,1143.685,196.113,53.755,2.5,high,medium,medium,False,False,False,False,False,neutral,medium,0,no strong signal,low,NO_STRONG_SIGNAL,en_AU_DeliveryService_1592668:turn:188,1.0,1.0.0,conversation_risk_v1,heuristic_proxy,False,faster-whisper/small,cardiffnlp/twitter-roberta-base-sentiment-latest
en_AU_DeliveryService_1592668,189,agent,channel1,149,752.48,756.48,"And then tell them to be around or in the vicinity of, or at",neutral,0.8028,False,False,False,False,False,4.0,0.084848,0.557983,-21.427,0.153747,1609.261,171.699,73.115,3.5,medium,high,low,False,False,False,False,False,neutral,medium,0,no strong signal,low,NO_STRONG_SIGNAL,en_AU_DeliveryService_1592668:turn:189,1.0,1.0.0,conversation_risk_v1,heuristic_proxy,False,faster-whisper/small,cardiffnlp/twitter-roberta-base-sentiment-latest
en_AU_DeliveryService_1592668,190,agent,channel1,150,756.48,759.48,"least someone by the phone, just because, you know, how these",neutral,0.829,False,False,False,False,False,3.0,0.065042,0.387238,-23.736,0.073834,1131.493,176.218,122.699,3.667,medium,high,low,False,False,False,False,False,neutral,medium,0,no strong signal,low,NO_STRONG_SIGNAL,en_AU_DeliveryService_1592668:turn:190,1.0,1.0.0,conversation_risk_v1,heuristic_proxy,False,faster-whisper/small,cardiffnlp/twitter-roberta-base-sentiment-latest
en_AU_DeliveryService_1592668,191,agent,channel1,151,759.48,762.48,"things happen, people are missed, and, you know, they go away",negative,0.4985,False,False,False,False,False,3.0,0.07082,0.533112,-22.997,0.172737,1801.242,163.289,67.642,3.667,medium,high,low,False,False,False,False,False,negative,medium,8,negative agent sentiment,low,AGENT_NEGATIVE_SENTIMENT,en_AU_DeliveryService_1592668:turn:191,1.0,1.0.0,conversation_risk_v1,heuristic_proxy,False,faster-whisper/small,cardiffnlp/twitter-roberta-base-sentiment-latest
en_AU_DeliveryService_1592668,192,agent,channel1,152,762.48,763.48,and something happens.,neutral,0.736,False,False,False,False,False,1.0,0.069449,0.312836,-23.167,0.055145,773.677,189.846,84.775,3.0,medium,high,medium,False,False,False,False,False,neutral,medium,0,no strong signal,low,NO_STRONG_SIGNAL,en_AU_DeliveryService_1592668:turn:192,1.0,1.0.0,conversation_risk_v1,heuristic_proxy,False,faster-whisper/small,cardiffnlp/twitter-roberta-base-sentiment-latest
en_AU_DeliveryService_1592668,193,agent,channel1,153,763.48,766.48,"So, you know, it's a very important thing to know,",positive,0.7532,False,False,False,False,False,3.0,0.093186,0.807434,-20.613,0.111837,1350.116,162.978,66.003,3.333,high,high,low,False,False,False,False,False,positive,high,0,no strong signal,low,NO_STRONG_SIGNAL,en_AU_DeliveryService_1592668:turn:193,1.0,1.0.0,conversation_risk_v1,heuristic_proxy,False,faster-whisper/small,cardiffnlp/twitter-roberta-base-sentiment-latest
en_AU_DeliveryService_1592668,194,agent,channel1,154,766.48,768.48,especially when you're on the phone.,neutral,0.6982,False,False,False,False,False,2.0,0.066738,0.404297,-23.512,0.121683,1174.583,171.443,86.295,3.0,medium,high,low,False,False,False,False,False,neutral,medium,0,no strong signal,low,NO_STRONG_SIGNAL,en_AU_DeliveryService_1592668:turn:194,1.0,1.0.0,conversation_risk_v1,heuristic_proxy,False,faster-whisper/small,cardiffnlp/twitter-roberta-base-sentiment-latest
en_AU_DeliveryService_1592668,195,agent,channel1,155,768.48,771.48,"You know, it's a very important thing to know.",positive,0.7963,False,False,False,False,False,3.0,0.095792,0.870544,-20.373,0.137212,1269.325,157.814,68.78,3.0,high,high,low,False,False,False,False,False,positive,high,0,no strong signal,low,NO_STRONG_SIGNAL,en_AU_DeliveryService_1592668:turn:195,1.0,1.0.0,conversation_risk_v1,heuristic_proxy,False,faster-whisper/small,cardiffnlp/twitter-roberta-base-sentiment-latest
en_AU_DeliveryService_1592668,196,agent,channel1,156,771.48,773.48,"Just because, you know, how these things happen, people are",neutral,0.7005,False,False,False,False,False,2.0,0.052841,0.405243,-25.541,0.145609,1409.388,143.181,33.797,5.0,low,high,low,False,False,False,False,False,neutral,medium,0,no strong signal,low,NO_STRONG_SIGNAL,en_AU_DeliveryService_1592668:turn:196,1.0,1.0.0,conversation_risk_v1,heuristic_proxy,False,faster-whisper/small,cardiffnlp/twitter-roberta-base-sentiment-latest
en_AU_DeliveryService_1592668,197,agent,channel1,157,773.48,777.48,"missed, and, you know, they go away and someone's there, but the",neutral,0.6371,False,False,False,False,False,4.0,0.063544,0.460083,-23.938,0.124206,1273.934,135.384,54.51,3.0,medium,high,low,False,False,False,False,False,neutral,medium,0,no strong signal,low,NO_STRONG_SIGNAL,en_AU_DeliveryService_1592668:turn:197,1.0,1.0.0,conversation_risk_v1,heuristic_proxy,False,faster-whisper/small,cardiffnlp/twitter-roberta-base-sentiment-latest
en_AU_DeliveryService_1592668,198,customer,channel2,41,775.96,793.96,Yeah well I mean I think because it's an office and I know that they've got nine to five hours with a receptionist there nine to five I think we're okay as long as it makes it there by five p.m.,neutral,0.5556,False,False,False,False,False,18.0,0.047205,0.50647,-26.52,0.103768,1704.383,255.42,115.141,2.278,low,medium,high,False,False,False,False,False,neutral,medium,5,medium customer vocal intensity,low,CUST_MEDIUM_VOCAL_INTENSITY,en_AU_DeliveryService_1592668:turn:198,1.0,1.0.0,conversation_risk_v1,heuristic_proxy,False,faster-whisper/small,cardiffnlp/twitter-roberta-base-sentiment-latest
en_AU_DeliveryService_1592668,199,agent,channel1,158,777.48,780.48,"driver can't find them, and then we don't want any other delays,",negative,0.8373,False,False,False,False,False,3.0,0.084898,0.674866,-21.422,0.0685,760.281,138.346,48.831,4.0,medium,high,low,False,False,False,False,False,negative,medium,8,negative agent sentiment,low,AGENT_NEGATIVE_SENTIMENT,en_AU_DeliveryService_1592668:turn:199,1.0,1.0.0,conversation_risk_v1,heuristic_proxy,False,faster-whisper/small,cardiffnlp/twitter-roberta-base-sentiment-latest
en_AU_DeliveryService_1592668,200,agent,channel1,159,780.48,782.48,"you know, with your package.",neutral,0.8455,False,False,False,False,False,2.0,0.032452,0.270813,-29.775,0.156498,1616.7,156.258,109.579,2.5,low,medium,low,False,False,False,False,False,neutral,low,0,no strong signal,low,NO_STRONG_SIGNAL,en_AU_DeliveryService_1592668:turn:200,1.0,1.0.0,conversation_risk_v1,heuristic_proxy,False,faster-whisper/small,cardiffnlp/twitter-roberta-base-sentiment-latest
en_AU_DeliveryService_1592668,201,customer,channel2,42,793.96,805.96,But can I ask you look I hate to be sort of a negative Nancy but what would happen if it doesn't make it there by five p.m. and the office closes?,neutral,0.5946,False,False,False,False,False,12.0,0.05973,0.827881,-24.476,0.119619,1652.928,226.498,97.871,2.667,medium,medium,medium,False,False,False,False,False,neutral,medium,5,medium customer vocal intensity,low,CUST_MEDIUM_VOCAL_INTENSITY,en_AU_DeliveryService_1592668:turn:201,1.0,1.0.0,conversation_risk_v1,heuristic_proxy,False,faster-whisper/small,cardiffnlp/twitter-roberta-base-sentiment-latest
en_AU_DeliveryService_1592668,202,agent,channel1,160,802.48,805.48,"So, it should definitely be there because it's on that",positive,0.5228,False,False,False,False,False,3.0,0.120363,0.999969,-18.39,0.077393,1205.091,252.282,140.095,3.333,high,high,high,False,False,False,False,False,positive,high,0,no strong signal,low,NO_STRONG_SIGNAL,en_AU_DeliveryService_1592668:turn:202,1.0,1.0.0,conversation_risk_v1,heuristic_proxy,False,faster-whisper/small,cardiffnlp/twitter-roberta-base-sentiment-latest
en_AU_DeliveryService_1592668,203,agent,channel1,161,805.48,807.48,priority service.,neutral,0.6992,False,False,False,False,False,2.0,0.139264,0.952118,-17.123,0.108739,1273.763,176.695,53.294,1.0,high,low,low,False,False,False,False,False,neutral,medium,0,no strong signal,low,NO_STRONG_SIGNAL,en_AU_DeliveryService_1592668:turn:203,1.0,1.0.0,conversation_risk_v1,heuristic_proxy,False,faster-whisper/small,cardiffnlp/twitter-roberta-base-sentiment-latest
en_AU_DeliveryService_1592668,204,agent,channel1,162,807.48,811.48,"More so, it's just about having someone, you know, ready around",neutral,0.6933,False,False,False,False,False,4.0,0.141528,0.987549,-16.983,0.203218,1951.077,187.123,78.869,2.75,high,medium,medium,False,False,False,False,False,neutral,medium,0,no strong signal,low,NO_STRONG_SIGNAL,en_AU_DeliveryService_1592668:turn:204,1.0,1.0.0,conversation_risk_v1,heuristic_proxy,False,faster-whisper/small,cardiffnlp/twitter-roberta-base-sentiment-latest
en_AU_DeliveryService_1592668,205,agent,channel1,163,811.48,812.48,on hand.,neutral,0.7856,False,False,False,False,False,1.0,0.078484,0.325714,-22.104,0.110565,1082.129,167.993,47.163,2.0,medium,medium,low,False,False,False,False,False,neutral,medium,0,no strong signal,low,NO_STRONG_SIGNAL,en_AU_DeliveryService_1592668:turn:205,1.0,1.0.0,conversation_risk_v1,heuristic_proxy,False,faster-whisper/small,cardiffnlp/twitter-roberta-base-sentiment-latest
en_AU_DeliveryService_1592668,206,agent,channel1,164,812.48,815.48,"It's fantastic that there is a receptionist that is, you know,",positive,0.956,False,False,False,False,False,3.0,0.074889,0.473602,-22.512,0.151668,1546.061,171.732,57.475,3.667,medium,high,low,False,False,False,False,False,positive,medium,0,no strong signal,low,NO_STRONG_SIGNAL,en_AU_DeliveryService_1592668:turn:206,1.0,1.0.0,conversation_risk_v1,heuristic_proxy,False,faster-whisper/small,cardiffnlp/twitter-roberta-base-sentiment-latest
en_AU_DeliveryService_1592668,207,agent,channel1,165,815.48,818.48,able to take those calls and be there.,neutral,0.8595,False,False,False,False,False,3.0,0.063464,0.633728,-23.95,0.200741,1991.427,171.27,70.083,2.667,medium,medium,low,False,False,False,False,False,neutral,medium,0,no strong signal,low,NO_STRONG_SIGNAL,en_AU_DeliveryService_1592668:turn:207,1.0,1.0.0,conversation_risk_v1,heuristic_proxy,False,faster-whisper/small,cardiffnlp/twitter-roberta-base-sentiment-latest
en_AU_DeliveryService_1592668,208,agent,channel1,166,818.48,822.48,"We also took your number, if you recall, on the call, like",neutral,0.9197,False,False,False,False,False,4.0,0.121632,0.999969,-18.299,0.113979,1564.982,199.62,96.29,3.0,high,high,medium,False,False,False,False,False,neutral,high,0,no strong signal,low,NO_STRONG_SIGNAL,en_AU_DeliveryService_1592668:turn:208,1.0,1.0.0,conversation_risk_v1,heuristic_proxy,False,faster-whisper/small,cardiffnlp/twitter-roberta-base-sentiment-latest
en_AU_DeliveryService_1592668,209,agent,channel1,167,822.48,826.48,"earlier on our call, and that was so that if there is or are",neutral,0.8898,False,False,False,False,False,4.0,0.103337,0.813416,-19.715,0.101295,1186.907,193.989,73.5,3.5,high,high,medium,False,False,False,False,False,neutral,high,0,no strong signal,low,NO_STRONG_SIGNAL,en_AU_DeliveryService_1592668:turn:209,1.0,1.0.0,conversation_risk_v1,heuristic_proxy,False,faster-whisper/small,cardiffnlp/twitter-roberta-base-sentiment-latest
en_AU_DeliveryService_1592668,210,customer,channel2,43,823.96,845.96,Okay.,neutral,0.5693,False,False,False,False,False,22.0,6.3e-05,0.00827,-83.987,0.051391,1890.042,291.383,146.677,0.045,low,low,high,False,False,False,False,False,neutral,medium,5,medium customer vocal intensity,low,CUST_MEDIUM_VOCAL_INTENSITY,en_AU_DeliveryService_1592668:turn:210,1.0,1.0.0,conversation_risk_v1,heuristic_proxy,False,faster-whisper/small,cardiffnlp/twitter-roberta-base-sentiment-latest
en_AU_DeliveryService_1592668,211,agent,channel1,168,826.48,830.48,"any issues with getting, you know, a hold of someone at the",neutral,0.8703,False,False,False,False,False,4.0,0.09212,0.786621,-20.713,0.131565,1496.251,186.604,75.311,3.0,high,high,medium,False,False,False,False,False,neutral,high,0,no strong signal,low,NO_STRONG_SIGNAL,en_AU_DeliveryService_1592668:turn:211,1.0,1.0.0,conversation_risk_v1,heuristic_proxy,False,faster-whisper/small,cardiffnlp/twitter-roberta-base-sentiment-latest
en_AU_DeliveryService_1592668,212,agent,channel1,169,830.48,833.48,"power matter office, I can instruct the driver to give",neutral,0.8869,False,False,False,False,False,3.0,0.067869,0.690186,-23.367,0.192617,1971.693,177.544,94.074,3.333,medium,high,low,False,False,False,False,False,neutral,medium,0,no strong signal,low,NO_STRONG_SIGNAL,en_AU_DeliveryService_1592668:turn:212,1.0,1.0.0,conversation_risk_v1,heuristic_proxy,False,faster-whisper/small,cardiffnlp/twitter-roberta-base-sentiment-latest
en_AU_DeliveryService_1592668,213,agent,channel1,170,833.48,837.48,"you a call straight away, and then that way they can call",neutral,0.8041,False,False,False,False,False,4.0,0.101723,0.976898,-19.852,0.109782,1217.434,165.633,63.042,3.0,high,high,low,False,False,False,False,False,neutral,high,0,no strong signal,low,NO_STRONG_SIGNAL,en_AU_DeliveryService_1592668:turn:213,1.0,1.0.0,conversation_risk_v1,heuristic_proxy,False,faster-whisper/small,cardiffnlp/twitter-roberta-base-sentiment-latest
en_AU_DeliveryService_1592668,214,agent,channel1,171,837.48,840.48,"you, and then, you know, you can see if anything has",neutral,0.8723,False,False,False,False,False,3.0,0.06419,0.546661,-23.851,0.120055,1319.97,150.392,47.389,3.667,medium,high,low,False,False,False,False,False,neutral,medium,0,no strong signal,low,NO_STRONG_SIGNAL,en_AU_DeliveryService_1592668:turn:214,1.0,1.0.0,conversation_risk_v1,heuristic_proxy,False,faster-whisper/small,cardiffnlp/twitter-roberta-base-sentiment-latest
en_AU_DeliveryService_1592668,215,agent,channel1,172,840.48,842.48,happened with you first.,neutral,0.8966,False,False,False,False,False,2.0,0.122446,1.0,-18.241,0.245567,2271.704,153.672,88.946,2.0,high,medium,low,False,False,False,False,False,neutral,medium,0,no strong signal,low,NO_STRONG_SIGNAL,en_AU_DeliveryService_1592668:turn:215,1.0,1.0.0,conversation_risk_v1,heuristic_proxy,False,faster-whisper/small,cardiffnlp/twitter-roberta-base-sentiment-latest
en_AU_DeliveryService_1592668,216,agent,channel1,173,842.48,845.48,"That's only if we can't get through to them, of course.",negative,0.6818,False,False,False,False,False,3.0,0.114465,0.996063,-18.827,0.127841,1503.852,186.145,70.669,3.667,high,high,medium,False,False,False,False,False,negative,high,8,negative agent sentiment,low,AGENT_NEGATIVE_SENTIMENT,en_AU_DeliveryService_1592668:turn:216,1.0,1.0.0,conversation_risk_v1,heuristic_proxy,False,faster-whisper/small,cardiffnlp/twitter-roberta-base-sentiment-latest
en_AU_DeliveryService_1592668,217,customer,channel2,44,845.96,869.96,Okay and so do I have to pay for a re-delivery fee if they don't make it by five p.m.,neutral,0.5821,False,False,False,False,False,24.0,0.036124,0.63559,-28.844,0.064527,1596.0,276.977,127.885,0.833,low,low,high,False,False,False,False,False,neutral,medium,5,medium customer vocal intensity,low,CUST_MEDIUM_VOCAL_INTENSITY,en_AU_DeliveryService_1592668:turn:217,1.0,1.0.0,conversation_risk_v1,heuristic_proxy,False,faster-whisper/small,cardiffnlp/twitter-roberta-base-sentiment-latest
en_AU_DeliveryService_1592668,218,agent,channel1,174,853.48,856.48,"Look, Maria, if it doesn't get there today, I can assure",neutral,0.4718,False,False,False,False,False,3.0,0.072358,0.458557,-22.81,0.074333,1140.882,197.769,106.121,3.667,medium,high,medium,False,False,False,False,False,neutral,medium,0,no strong signal,low,NO_STRONG_SIGNAL,en_AU_DeliveryService_1592668:turn:218,1.0,1.0.0,conversation_risk_v1,heuristic_proxy,False,faster-whisper/small,cardiffnlp/twitter-roberta-base-sentiment-latest
en_AU_DeliveryService_1592668,219,agent,channel1,175,856.48,859.48,"you, you know, I'll speak with my supervisor to",neutral,0.8703,False,False,False,False,False,3.0,0.049987,0.315369,-26.023,0.11392,1182.276,147.168,60.695,3.0,low,high,low,False,False,False,False,False,neutral,medium,0,no strong signal,low,NO_STRONG_SIGNAL,en_AU_DeliveryService_1592668:turn:219,1.0,1.0.0,conversation_risk_v1,heuristic_proxy,False,faster-whisper/small,cardiffnlp/twitter-roberta-base-sentiment-latest
en_AU_DeliveryService_1592668,220,agent,channel1,176,859.48,863.48,"confirm one second, but, you know, I think we should be",neutral,0.787,False,False,False,False,False,4.0,0.076017,0.835907,-22.382,0.113029,1211.809,162.588,83.208,2.75,medium,medium,low,False,False,False,False,False,neutral,medium,0,no strong signal,low,NO_STRONG_SIGNAL,en_AU_DeliveryService_1592668:turn:220,1.0,1.0.0,conversation_risk_v1,heuristic_proxy,False,faster-whisper/small,cardiffnlp/twitter-roberta-base-sentiment-latest
en_AU_DeliveryService_1592668,221,agent,channel1,177,863.48,867.48,"able to get that through to you, you know, you without",neutral,0.7465,False,False,False,False,False,4.0,0.051101,0.473938,-25.831,0.112886,1378.106,151.645,80.635,2.75,low,medium,low,False,False,False,False,False,neutral,low,0,no strong signal,low,NO_STRONG_SIGNAL,en_AU_DeliveryService_1592668:turn:221,1.0,1.0.0,conversation_risk_v1,heuristic_proxy,False,faster-whisper/small,cardiffnlp/twitter-roberta-base-sentiment-latest
en_AU_DeliveryService_1592668,222,agent,channel1,178,867.48,870.48,additional costs to you if that happened.,negative,0.55,False,False,False,False,False,3.0,0.049212,0.58902,-26.159,0.168597,1787.122,144.42,89.843,2.333,low,medium,low,False,False,False,False,False,negative,low,8,negative agent sentiment,low,AGENT_NEGATIVE_SENTIMENT,en_AU_DeliveryService_1592668:turn:222,1.0,1.0.0,conversation_risk_v1,heuristic_proxy,False,faster-whisper/small,cardiffnlp/twitter-roberta-base-sentiment-latest
en_AU_DeliveryService_1592668,223,customer,channel2,45,869.96,888.96,Okay look um you can never be too sure and you know once these things start to go wrong they just seem to go down this rabbit hole Danielle as you know um so I just want to make sure that these documents get to my accountant and I can just finish my tax return um and just be done with it.,neutral,0.6168,False,False,False,False,False,19.0,0.063606,0.607361,-23.93,0.1484,1906.756,191.791,74.713,3.263,medium,high,medium,False,False,False,False,False,neutral,medium,5,medium customer vocal intensity,low,CUST_MEDIUM_VOCAL_INTENSITY,en_AU_DeliveryService_1592668:turn:223,1.0,1.0.0,conversation_risk_v1,heuristic_proxy,False,faster-whisper/small,cardiffnlp/twitter-roberta-base-sentiment-latest
en_AU_DeliveryService_1592668,224,customer,channel2,46,888.96,895.96,But thank you so much for being so helpful.,positive,0.9711,False,False,False,False,False,7.0,0.034297,0.468994,-29.295,0.084085,1799.716,251.253,136.354,1.286,low,low,high,False,False,False,False,False,positive,medium,5,medium customer vocal intensity,low,CUST_MEDIUM_VOCAL_INTENSITY,en_AU_DeliveryService_1592668:turn:224,1.0,1.0.0,conversation_risk_v1,heuristic_proxy,False,faster-whisper/small,cardiffnlp/twitter-roberta-base-sentiment-latest
en_AU_DeliveryService_1592668,225,agent,channel1,179,889.48,892.48,"Yeah, of course, no worries.",positive,0.7985,False,False,False,False,False,3.0,0.092106,0.661682,-20.714,0.073247,1102.818,237.365,126.394,1.667,high,medium,high,False,False,False,False,False,positive,high,0,no strong signal,low,NO_STRONG_SIGNAL,en_AU_DeliveryService_1592668:turn:225,1.0,1.0.0,conversation_risk_v1,heuristic_proxy,False,faster-whisper/small,cardiffnlp/twitter-roberta-base-sentiment-latest
en_AU_DeliveryService_1592668,226,agent,channel1,180,892.48,895.48,"Look, Maria, is there anything else I can help you with today?",neutral,0.7943,False,False,True,True,False,3.0,0.118126,0.629822,-18.553,0.099111,1296.488,206.91,43.514,4.0,high,high,medium,False,False,True,True,False,neutral,high,0,agent probing question detected | agent ownership detected,low,AGENT_PROBING|AGENT_OWNERSHIP,en_AU_DeliveryService_1592668:turn:226,1.0,1.0.0,conversation_risk_v1,heuristic_proxy,False,faster-whisper/small,cardiffnlp/twitter-roberta-base-sentiment-latest
en_AU_DeliveryService_1592668,227,customer,channel2,47,895.96,901.96,No thank you so much take care.,positive,0.8481,False,False,False,False,False,6.0,0.043867,0.582062,-27.157,0.097534,1888.636,246.319,131.479,1.167,low,low,high,False,False,False,False,False,positive,medium,5,medium customer vocal intensity,low,CUST_MEDIUM_VOCAL_INTENSITY,en_AU_DeliveryService_1592668:turn:227,1.0,1.0.0,conversation_risk_v1,heuristic_proxy,False,faster-whisper/small,cardiffnlp/twitter-roberta-base-sentiment-latest
en_AU_DeliveryService_1592668,228,agent,channel1,181,898.48,899.48,You're welcome.,positive,0.8279,False,False,False,False,False,1.0,0.104024,0.643036,-19.657,0.056381,859.584,164.104,61.342,2.0,high,medium,low,False,False,False,False,False,positive,medium,0,no strong signal,low,NO_STRONG_SIGNAL,en_AU_DeliveryService_1592668:turn:228,1.0,1.0.0,conversation_risk_v1,heuristic_proxy,False,faster-whisper/small,cardiffnlp/twitter-roberta-base-sentiment-latest
en_AU_DeliveryService_1592668,229,agent,channel1,182,899.48,901.48,Good luck with your tax return.,positive,0.9356,False,False,False,False,False,2.0,0.071623,0.573273,-22.899,0.127046,1424.407,189.472,75.668,3.0,medium,high,medium,False,False,False,False,False,positive,medium,0,no strong signal,low,NO_STRONG_SIGNAL,en_AU_DeliveryService_1592668:turn:229,1.0,1.0.0,conversation_risk_v1,heuristic_proxy,False,faster-whisper/small,cardiffnlp/twitter-roberta-base-sentiment-latest
en_AU_DeliveryService_1592668,230,customer,channel2,48,901.96,913.96,Thanks.,positive,0.7303,False,False,False,False,False,11.961,0.006113,0.218292,-44.274,0.089267,1766.01,244.49,156.009,0.084,low,low,high,False,False,False,False,False,positive,medium,5,medium customer vocal intensity,low,CUST_MEDIUM_VOCAL_INTENSITY,en_AU_DeliveryService_1592668:turn:230,1.0,1.0.0,conversation_risk_v1,heuristic_proxy,False,faster-whisper/small,cardiffnlp/twitter-roberta-base-sentiment-latest
