call_id,turn_id,speaker,channel,segment_id,start_time,end_time,text,sentiment_label,sentiment_score,frustration_flag,empathy_flag,probing_flag,ownership_flag,next_steps_flag,segment_duration_sec,rms_energy,peak_amplitude,rms_db,zero_crossing_rate,spectral_centroid,pitch_mean_hz,pitch_std_hz,speaking_rate_wps,volume_level,speaking_rate_level,pitch_level,frustration_flag_bool,empathy_flag_bool,probing_flag_bool,ownership_flag_bool,next_steps_flag_bool,normalized_sentiment,vocal_intensity_level,turn_risk_score,turn_main_signal,turn_risk_level,turn_reason_codes,evidence_id,signal_coverage_confidence,analytical_contract_version,risk_rubric_version,risk_score_type,risk_score_calibrated,asr_model_id,sentiment_model_id
en_AU_Banking_1592666,1,agent,channel1,1,0.0,20.4,"Good afternoon, you've reached Commonwealth Customer Care.",positive,0.6994,False,False,False,False,False,20.4,0.043503,0.996918,-27.23,0.032377,842.132,283.897,137.759,0.343,low,low,high,False,False,False,False,False,positive,medium,0,no strong signal,low,NO_STRONG_SIGNAL,en_AU_Banking_1592666:turn:1,1.0,1.0.0,conversation_risk_v1,heuristic_proxy,False,faster-whisper/small,cardiffnlp/twitter-roberta-base-sentiment-latest
en_AU_Banking_1592666,2,customer,channel2,1,0.0,29.54,"Hi, Danielle, my name is Maria Nguyen, look, I need to transfer some money from my savings",neutral,0.8637,False,False,False,False,False,29.54,0.025769,0.457825,-31.778,0.050538,1725.991,302.436,123.159,0.575,low,low,high,False,False,False,False,False,neutral,medium,5,medium customer vocal intensity,low,CUST_MEDIUM_VOCAL_INTENSITY,en_AU_Banking_1592666:turn:2,1.0,1.0.0,conversation_risk_v1,heuristic_proxy,False,faster-whisper/small,cardiffnlp/twitter-roberta-base-sentiment-latest
en_AU_Banking_1592666,3,agent,channel1,2,20.4,21.4,My name is Danielle.,neutral,0.8506,False,False,False,False,False,1.0,0.085037,0.505188,-21.408,0.099167,1317.861,189.277,44.185,4.0,high,high,low,False,False,False,False,False,neutral,high,0,no strong signal,low,NO_STRONG_SIGNAL,en_AU_Banking_1592666:turn:3,1.0,1.0.0,conversation_risk_v1,heuristic_proxy,False,faster-whisper/small,cardiffnlp/twitter-roberta-base-sentiment-latest
en_AU_Banking_1592666,4,agent,channel1,3,21.4,28.4,How can I help you today?,neutral,0.7191,False,False,True,False,False,7.0,0.027308,0.389709,-31.274,0.070384,1141.357,275.196,127.202,0.857,low,low,high,False,False,True,False,False,neutral,medium,0,agent probing question detected,low,AGENT_PROBING,en_AU_Banking_1592666:turn:4,1.0,1.0.0,conversation_risk_v1,heuristic_proxy,False,faster-whisper/small,cardiffnlp/twitter-roberta-base-sentiment-latest
en_AU_Banking_1592666,5,agent,channel1,4,28.4,39.88,"Yeah, you've come through to the right place, so I can help you with that, Maria.",positive,0.7247,False,False,False,True,False,11.48,0.064617,0.963348,-23.793,0.068381,1019.098,261.487,123.491,1.394,medium,low,high,False,False,False,True,False,positive,medium,0,agent ownership detected,low,AGENT_OWNERSHIP,en_AU_Banking_1592666:turn:5,1.0,1.0.0,conversation_risk_v1,heuristic_proxy,False,faster-whisper/small,cardiffnlp/twitter-roberta-base-sentiment-latest
en_AU_Banking_1592666,6,customer,channel2,2,29.54,34.54,"account to my everyday account, pretty urgently, if that's possible.",neutral,0.7445,False,False,False,False,False,5.0,0.039378,0.345734,-28.095,0.143443,1939.688,197.718,87.878,2.0,low,low,medium,False,False,False,False,False,neutral,low,0,no strong signal,low,NO_STRONG_SIGNAL,en_AU_Banking_1592666:turn:6,1.0,1.0.0,conversation_risk_v1,heuristic_proxy,False,faster-whisper/small,cardiffnlp/twitter-roberta-base-sentiment-latest
en_AU_Banking_1592666,7,agent,channel1,5,39.88,46.32,"Before we get started, I need to verify your identity, of course, for security purposes.",neutral,0.8365,False,False,False,False,False,6.44,0.060881,0.54303,-24.31,0.158285,1568.791,182.387,71.478,2.329,medium,medium,low,False,False,False,False,False,neutral,medium,0,no strong signal,low,NO_STRONG_SIGNAL,en_AU_Banking_1592666:turn:7,1.0,1.0.0,conversation_risk_v1,heuristic_proxy,False,faster-whisper/small,cardiffnlp/twitter-roberta-base-sentiment-latest
en_AU_Banking_1592666,8,agent,channel1,6,46.32,56.32,Can we please start with your date of birth?,neutral,0.9347,False,False,True,False,False,10.0,0.027064,0.55188,-31.352,0.049432,918.212,285.567,134.861,0.9,low,low,high,False,False,True,False,False,neutral,medium,0,agent probing question detected,low,AGENT_PROBING,en_AU_Banking_1592666:turn:8,1.0,1.0.0,conversation_risk_v1,heuristic_proxy,False,faster-whisper/small,cardiffnlp/twitter-roberta-base-sentiment-latest
en_AU_Banking_1592666,9,customer,channel2,3,47.54,54.54,"Oh, yeah, yeah, for sure. It's 15th March 1987.",positive,0.6982,False,False,False,False,False,7.0,0.053754,0.671021,-25.392,0.156997,2130.946,209.252,100.202,1.286,medium,low,medium,False,False,False,False,False,positive,medium,5,medium customer vocal intensity,low,CUST_MEDIUM_VOCAL_INTENSITY,en_AU_Banking_1592666:turn:9,1.0,1.0.0,conversation_risk_v1,heuristic_proxy,False,faster-whisper/small,cardiffnlp/twitter-roberta-base-sentiment-latest
en_AU_Banking_1592666,10,agent,channel1,7,56.32,57.32,"Perfect, thank you.",positive,0.9737,False,False,False,False,False,1.0,0.051458,0.273285,-25.771,0.173141,1683.47,162.881,63.76,3.0,low,high,low,False,False,False,False,False,positive,medium,0,no strong signal,low,NO_STRONG_SIGNAL,en_AU_Banking_1592666:turn:10,1.0,1.0.0,conversation_risk_v1,heuristic_proxy,False,faster-whisper/small,cardiffnlp/twitter-roberta-base-sentiment-latest
en_AU_Banking_1592666,11,agent,channel1,8,57.32,64.32,And can you confirm the postcode on your account for me?,neutral,0.9042,False,False,True,False,False,7.0,0.039459,0.413086,-28.077,0.048286,946.052,285.03,124.355,1.571,low,low,high,False,False,True,False,False,neutral,medium,0,agent probing question detected,low,AGENT_PROBING,en_AU_Banking_1592666:turn:11,1.0,1.0.0,conversation_risk_v1,heuristic_proxy,False,faster-whisper/small,cardiffnlp/twitter-roberta-base-sentiment-latest
en_AU_Banking_1592666,12,customer,channel2,4,59.54,66.54,"I think if my address is correct, it's 2046, we're in Haberfield.",neutral,0.8951,False,False,False,False,False,7.0,0.064758,0.517853,-23.774,0.196445,2207.256,215.334,89.888,1.714,medium,low,medium,False,False,False,False,False,neutral,medium,5,medium customer vocal intensity,low,CUST_MEDIUM_VOCAL_INTENSITY,en_AU_Banking_1592666:turn:12,1.0,1.0.0,conversation_risk_v1,heuristic_proxy,False,faster-whisper/small,cardiffnlp/twitter-roberta-base-sentiment-latest
en_AU_Banking_1592666,13,agent,channel1,9,64.32,68.56,"Yes, lovely.",positive,0.9642,False,False,False,False,False,4.24,0.029676,0.400909,-30.552,0.046695,991.137,289.803,134.701,0.472,low,low,high,False,False,False,False,False,positive,medium,0,no strong signal,low,NO_STRONG_SIGNAL,en_AU_Banking_1592666:turn:13,1.0,1.0.0,conversation_risk_v1,heuristic_proxy,False,faster-whisper/small,cardiffnlp/twitter-roberta-base-sentiment-latest
en_AU_Banking_1592666,14,agent,channel1,10,68.56,69.56,"Thank you, Maria.",positive,0.9322,False,False,False,False,False,1.0,0.07826,0.357544,-22.129,0.089432,1063.103,178.725,46.603,3.0,medium,high,low,False,False,False,False,False,positive,medium,0,no strong signal,low,NO_STRONG_SIGNAL,en_AU_Banking_1592666:turn:14,1.0,1.0.0,conversation_risk_v1,heuristic_proxy,False,faster-whisper/small,cardiffnlp/twitter-roberta-base-sentiment-latest
en_AU_Banking_1592666,15,agent,channel1,11,69.56,70.56,All right.,neutral,0.5239,False,False,False,False,False,1.0,0.08975,0.608429,-20.939,0.107574,1196.966,224.67,66.269,2.0,high,low,medium,False,False,False,False,False,neutral,medium,0,no strong signal,low,NO_STRONG_SIGNAL,en_AU_Banking_1592666:turn:15,1.0,1.0.0,conversation_risk_v1,heuristic_proxy,False,faster-whisper/small,cardiffnlp/twitter-roberta-base-sentiment-latest
en_AU_Banking_1592666,16,agent,channel1,12,70.56,72.12,I've got your accounts pulled up here.,neutral,0.8607,False,False,False,False,False,1.56,0.060177,0.467682,-24.411,0.157276,1530.136,203.8,86.22,4.487,medium,high,medium,False,False,False,False,False,neutral,medium,0,no strong signal,low,NO_STRONG_SIGNAL,en_AU_Banking_1592666:turn:16,1.0,1.0.0,conversation_risk_v1,heuristic_proxy,False,faster-whisper/small,cardiffnlp/twitter-roberta-base-sentiment-latest
en_AU_Banking_1592666,17,agent,channel1,13,72.12,76.96,I can see you've got your net bank saver and your smart access account with us.,positive,0.5204,False,False,False,False,False,4.84,0.06917,0.588928,-23.202,0.178653,1637.873,200.943,68.912,3.306,medium,high,medium,False,False,False,False,False,positive,medium,0,no strong signal,low,NO_STRONG_SIGNAL,en_AU_Banking_1592666:turn:17,1.0,1.0.0,conversation_risk_v1,heuristic_proxy,False,faster-whisper/small,cardiffnlp/twitter-roberta-base-sentiment-latest
en_AU_Banking_1592666,18,agent,channel1,14,76.96,83.12,Which would you like to transfer between today?,neutral,0.9471,False,False,True,False,False,6.16,0.034622,0.5224,-29.213,0.059446,1090.302,259.949,137.438,1.299,low,low,high,False,False,True,False,False,neutral,medium,0,agent probing question detected,low,AGENT_PROBING,en_AU_Banking_1592666:turn:18,1.0,1.0.0,conversation_risk_v1,heuristic_proxy,False,faster-whisper/small,cardiffnlp/twitter-roberta-base-sentiment-latest
en_AU_Banking_1592666,19,customer,channel2,5,78.54,80.54,"Oh, yeah, that's right. Yeah.",positive,0.8304,False,False,False,False,False,2.0,0.07427,0.440125,-22.584,0.116459,1943.124,235.328,103.831,2.5,medium,medium,medium,False,False,False,False,False,positive,medium,5,medium customer vocal intensity,low,CUST_MEDIUM_VOCAL_INTENSITY,en_AU_Banking_1592666:turn:19,1.0,1.0.0,conversation_risk_v1,heuristic_proxy,False,faster-whisper/small,cardiffnlp/twitter-roberta-base-sentiment-latest
en_AU_Banking_1592666,20,customer,channel2,6,81.54,86.54,"Yeah, look, I need to move money from the net bank saver into the smart access.",neutral,0.6703,False,False,False,False,False,5.0,0.067808,0.40271,-23.374,0.151442,1852.245,220.777,74.831,3.2,medium,high,medium,False,False,False,False,False,neutral,medium,5,medium customer vocal intensity,low,CUST_MEDIUM_VOCAL_INTENSITY,en_AU_Banking_1592666:turn:20,1.0,1.0.0,conversation_risk_v1,heuristic_proxy,False,faster-whisper/small,cardiffnlp/twitter-roberta-base-sentiment-latest
en_AU_Banking_1592666,21,agent,channel1,15,83.12,105.12,"Yeah, absolutely.",positive,0.4347,False,False,False,False,False,22.0,0.019661,0.441681,-34.128,0.016936,752.171,314.565,132.962,0.091,low,low,high,False,False,False,False,False,positive,medium,0,no strong signal,low,NO_STRONG_SIGNAL,en_AU_Banking_1592666:turn:21,1.0,1.0.0,conversation_risk_v1,heuristic_proxy,False,faster-whisper/small,cardiffnlp/twitter-roberta-base-sentiment-latest
en_AU_Banking_1592666,22,customer,channel2,7,86.54,89.54,"I've just got some bills that need to be paid today, actually.",neutral,0.7331,False,False,False,False,False,3.0,0.071058,0.416443,-22.968,0.118491,1544.165,230.772,82.367,4.0,medium,high,medium,False,False,False,False,False,neutral,medium,5,medium customer vocal intensity,low,CUST_MEDIUM_VOCAL_INTENSITY,en_AU_Banking_1592666:turn:22,1.0,1.0.0,conversation_risk_v1,heuristic_proxy,False,faster-whisper/small,cardiffnlp/twitter-roberta-base-sentiment-latest
en_AU_Banking_1592666,23,customer,channel2,8,90.54,99.54,"The electricity bill is from Origin and it just came through and it's just, it's much higher than I expected with all the cold weather we've been having.",negative,0.834,False,False,False,False,False,9.0,0.055404,0.439453,-25.129,0.151168,1777.075,205.825,74.479,3.111,medium,high,medium,False,False,False,False,False,negative,medium,20,negative customer sentiment | medium customer vocal intensity,low,CUST_NEGATIVE_SENTIMENT|CUST_MEDIUM_VOCAL_INTENSITY,en_AU_Banking_1592666:turn:23,1.0,1.0.0,conversation_risk_v1,heuristic_proxy,False,faster-whisper/small,cardiffnlp/twitter-roberta-base-sentiment-latest
en_AU_Banking_1592666,24,customer,channel2,9,100.54,102.54,You know how it is with the heaters running constantly.,neutral,0.7223,False,False,False,False,False,2.0,0.06682,0.473175,-23.502,0.099447,1617.065,195.546,49.375,5.0,medium,high,low,False,False,False,False,False,neutral,medium,5,medium customer vocal intensity,low,CUST_MEDIUM_VOCAL_INTENSITY,en_AU_Banking_1592666:turn:24,1.0,1.0.0,conversation_risk_v1,heuristic_proxy,False,faster-whisper/small,cardiffnlp/twitter-roberta-base-sentiment-latest
en_AU_Banking_1592666,25,agent,channel1,16,105.12,107.12,I hear you.,neutral,0.6599,False,False,False,False,False,2.0,0.103128,0.968292,-19.732,0.098873,1230.507,186.039,88.301,1.5,high,low,low,False,False,False,False,False,neutral,medium,0,no strong signal,low,NO_STRONG_SIGNAL,en_AU_Banking_1592666:turn:25,1.0,1.0.0,conversation_risk_v1,heuristic_proxy,False,faster-whisper/small,cardiffnlp/twitter-roberta-base-sentiment-latest
en_AU_Banking_1592666,26,agent,channel1,17,108.12,110.12,"My bill was shocking last month, too.",negative,0.9388,False,False,False,False,False,2.0,0.071826,0.492798,-22.874,0.142764,1558.222,174.247,65.144,3.5,medium,high,low,False,False,False,False,False,negative,medium,8,negative agent sentiment,low,AGENT_NEGATIVE_SENTIMENT,en_AU_Banking_1592666:turn:26,1.0,1.0.0,conversation_risk_v1,heuristic_proxy,False,faster-whisper/small,cardiffnlp/twitter-roberta-base-sentiment-latest
en_AU_Banking_1592666,27,agent,channel1,18,110.12,113.12,"The winter really does make a difference, doesn't it?",neutral,0.4656,False,False,True,False,False,3.0,0.047581,0.377472,-26.451,0.126828,1312.255,168.046,75.446,3.0,low,high,low,False,False,True,False,False,neutral,medium,0,agent probing question detected,low,AGENT_PROBING,en_AU_Banking_1592666:turn:27,1.0,1.0.0,conversation_risk_v1,heuristic_proxy,False,faster-whisper/small,cardiffnlp/twitter-roberta-base-sentiment-latest
en_AU_Banking_1592666,28,agent,channel1,19,113.12,117.12,So you need those funds available today to pay your bills.,neutral,0.7897,False,False,False,False,False,4.0,0.057818,0.389191,-24.759,0.101179,1282.757,162.488,68.525,2.75,medium,medium,low,False,False,False,False,False,neutral,medium,0,no strong signal,low,NO_STRONG_SIGNAL,en_AU_Banking_1592666:turn:28,1.0,1.0.0,conversation_risk_v1,heuristic_proxy,False,faster-whisper/small,cardiffnlp/twitter-roberta-base-sentiment-latest
en_AU_Banking_1592666,29,agent,channel1,20,117.12,119.12,I completely understand the urgency.,neutral,0.5977,False,True,False,False,False,2.0,0.058802,0.44165,-24.612,0.159373,1466.935,167.613,92.461,2.5,medium,medium,low,False,True,False,False,False,neutral,medium,0,agent empathy detected,low,AGENT_EMPATHY,en_AU_Banking_1592666:turn:29,1.0,1.0.0,conversation_risk_v1,heuristic_proxy,False,faster-whisper/small,cardiffnlp/twitter-roberta-base-sentiment-latest
en_AU_Banking_1592666,30,customer,channel2,10,117.54,127.54,Let me just check the bill again and do some quick calculations.,neutral,0.8419,False,False,False,False,False,10.0,0.039782,0.445068,-28.006,0.08815,1836.349,252.721,122.816,1.2,low,low,high,False,False,False,False,False,neutral,medium,5,medium customer vocal intensity,low,CUST_MEDIUM_VOCAL_INTENSITY,en_AU_Banking_1592666:turn:30,1.0,1.0.0,conversation_risk_v1,heuristic_proxy,False,faster-whisper/small,cardiffnlp/twitter-roberta-base-sentiment-latest
en_AU_Banking_1592666,31,agent,channel1,21,119.12,122.12,"Look, Maria, how much are you looking to transfer across?",neutral,0.9149,False,False,True,False,False,3.0,0.103154,0.907074,-19.73,0.145342,1549.619,220.898,73.147,3.333,high,high,medium,False,False,True,False,False,neutral,high,0,agent probing question detected,low,AGENT_PROBING,en_AU_Banking_1592666:turn:31,1.0,1.0.0,conversation_risk_v1,heuristic_proxy,False,faster-whisper/small,cardiffnlp/twitter-roberta-base-sentiment-latest
en_AU_Banking_1592666,32,customer,channel2,11,128.54,132.54,"Okay, look, I think I need to move 2500 today, please.",neutral,0.684,False,False,False,False,False,4.0,0.082779,0.777069,-21.642,0.128736,1842.17,235.576,70.81,2.75,high,medium,medium,False,False,False,False,False,neutral,medium,5,medium customer vocal intensity,low,CUST_MEDIUM_VOCAL_INTENSITY,en_AU_Banking_1592666:turn:32,1.0,1.0.0,conversation_risk_v1,heuristic_proxy,False,faster-whisper/small,cardiffnlp/twitter-roberta-base-sentiment-latest
en_AU_Banking_1592666,33,customer,channel2,12,133.54,138.54,That should cover the power bill and then my Foxtel payment that's coming out tomorrow as well.,neutral,0.7082,False,False,False,False,False,5.0,0.049357,0.45163,-26.133,0.133963,1587.152,201.76,75.402,3.4,low,high,medium,False,False,False,False,False,neutral,medium,5,medium customer vocal intensity,low,CUST_MEDIUM_VOCAL_INTENSITY,en_AU_Banking_1592666:turn:33,1.0,1.0.0,conversation_risk_v1,heuristic_proxy,False,faster-whisper/small,cardiffnlp/twitter-roberta-base-sentiment-latest
en_AU_Banking_1592666,34,agent,channel1,22,137.12,138.12,"Yeah, absolutely.",positive,0.4347,False,False,False,False,False,1.0,2e-05,0.000275,-93.794,0.009033,587.38,337.228,124.98,2.0,low,low,high,False,False,False,False,False,positive,medium,0,no strong signal,low,NO_STRONG_SIGNAL,en_AU_Banking_1592666:turn:34,1.0,1.0.0,conversation_risk_v1,heuristic_proxy,False,faster-whisper/small,cardiffnlp/twitter-roberta-base-sentiment-latest
en_AU_Banking_1592666,35,agent,channel1,23,138.12,139.12,"Look, no problem at all.",positive,0.7932,False,False,False,False,False,1.0,2.3e-05,0.000214,-92.727,0.012238,927.834,313.916,140.087,5.0,low,high,high,False,False,False,False,False,positive,medium,0,no strong signal,low,NO_STRONG_SIGNAL,en_AU_Banking_1592666:turn:35,1.0,1.0.0,conversation_risk_v1,heuristic_proxy,False,faster-whisper/small,cardiffnlp/twitter-roberta-base-sentiment-latest
en_AU_Banking_1592666,36,agent,channel1,24,139.12,143.12,"And just so you're aware, Maria, because we're transferring just between your own accounts,",neutral,0.8747,False,False,False,False,False,4.0,0.071237,0.959564,-22.946,0.101225,1415.6,201.438,106.509,3.5,medium,high,medium,False,False,False,False,False,neutral,medium,0,no strong signal,low,NO_STRONG_SIGNAL,en_AU_Banking_1592666:turn:36,1.0,1.0.0,conversation_risk_v1,heuristic_proxy,False,faster-whisper/small,cardiffnlp/twitter-roberta-base-sentiment-latest
en_AU_Banking_1592666,37,agent,channel1,25,143.12,148.12,"they're processed instantly, so the money will be in your smart access account straight",neutral,0.5838,False,False,False,False,False,5.0,0.082995,0.638,-21.619,0.15109,1577.364,193.066,70.297,2.8,high,medium,low,False,False,False,False,False,neutral,medium,0,no strong signal,low,NO_STRONG_SIGNAL,en_AU_Banking_1592666:turn:37,1.0,1.0.0,conversation_risk_v1,heuristic_proxy,False,faster-whisper/small,cardiffnlp/twitter-roberta-base-sentiment-latest
en_AU_Banking_1592666,38,customer,channel2,13,146.54,160.54,"Oh, that's great. I was worried that I'd have to wait a day or something.",positive,0.5557,False,False,False,False,False,14.0,0.039621,0.484558,-28.041,0.115763,2413.22,229.729,138.9,1.071,low,low,medium,False,False,False,False,False,positive,low,0,no strong signal,low,NO_STRONG_SIGNAL,en_AU_Banking_1592666:turn:38,1.0,1.0.0,conversation_risk_v1,heuristic_proxy,False,faster-whisper/small,cardiffnlp/twitter-roberta-base-sentiment-latest
en_AU_Banking_1592666,39,agent,channel1,26,148.12,149.12,away.,neutral,0.6561,False,False,False,False,False,1.0,0.052272,0.354919,-25.635,0.191238,1858.397,240.314,95.012,1.0,medium,low,high,False,False,False,False,False,neutral,medium,0,no strong signal,low,NO_STRONG_SIGNAL,en_AU_Banking_1592666:turn:39,1.0,1.0.0,conversation_risk_v1,heuristic_proxy,False,faster-whisper/small,cardiffnlp/twitter-roberta-base-sentiment-latest
en_AU_Banking_1592666,40,agent,channel1,27,149.12,164.12,You'll also be able to use it for your BPay payments whenever you need to immediately.,neutral,0.6604,False,False,False,False,False,15.0,0.057301,0.654877,-24.837,0.08496,1171.017,249.55,120.232,1.067,medium,low,high,False,False,False,False,False,neutral,medium,0,no strong signal,low,NO_STRONG_SIGNAL,en_AU_Banking_1592666:turn:40,1.0,1.0.0,conversation_risk_v1,heuristic_proxy,False,faster-whisper/small,cardiffnlp/twitter-roberta-base-sentiment-latest
en_AU_Banking_1592666,41,customer,channel2,14,161.54,168.54,"Like actually, while I'm thinking about it, is there a limit on how much I can transfer in a day just in case I need to move more money around in the future?",neutral,0.8657,False,False,False,False,False,7.0,0.049367,0.362244,-26.131,0.115477,1641.279,203.322,56.163,4.714,low,high,medium,False,False,False,False,False,neutral,medium,5,medium customer vocal intensity,low,CUST_MEDIUM_VOCAL_INTENSITY,en_AU_Banking_1592666:turn:41,1.0,1.0.0,conversation_risk_v1,heuristic_proxy,False,faster-whisper/small,cardiffnlp/twitter-roberta-base-sentiment-latest
en_AU_Banking_1592666,42,agent,channel1,28,164.12,172.12,"Yeah, look, Maria, of course, that's a really good question.",positive,0.9658,False,False,False,False,False,8.0,0.057714,0.780609,-24.774,0.045601,923.149,286.635,129.933,1.25,medium,low,high,False,False,False,False,False,positive,medium,0,no strong signal,low,NO_STRONG_SIGNAL,en_AU_Banking_1592666:turn:42,1.0,1.0.0,conversation_risk_v1,heuristic_proxy,False,faster-whisper/small,cardiffnlp/twitter-roberta-base-sentiment-latest
en_AU_Banking_1592666,43,agent,channel1,29,172.12,177.12,"So for transfers between your own accounts with us, there's actually no daily limit.",neutral,0.778,False,False,False,False,False,5.0,0.095257,0.980835,-20.422,0.144326,1505.196,207.053,71.517,2.8,high,medium,medium,False,False,False,False,False,neutral,medium,0,no strong signal,low,NO_STRONG_SIGNAL,en_AU_Banking_1592666:turn:43,1.0,1.0.0,conversation_risk_v1,heuristic_proxy,False,faster-whisper/small,cardiffnlp/twitter-roberta-base-sentiment-latest
en_AU_Banking_1592666,44,customer,channel2,15,176.54,177.54,Okay.,neutral,0.5693,False,False,False,False,False,1.0,1.6e-05,0.000244,-96.021,0.044159,1921.26,314.323,121.681,1.0,low,low,high,False,False,False,False,False,neutral,medium,5,medium customer vocal intensity,low,CUST_MEDIUM_VOCAL_INTENSITY,en_AU_Banking_1592666:turn:44,1.0,1.0.0,conversation_risk_v1,heuristic_proxy,False,faster-whisper/small,cardiffnlp/twitter-roberta-base-sentiment-latest
en_AU_Banking_1592666,45,agent,channel1,30,177.12,182.12,You can move as much as you like between your net bank saver account and your smart access.,neutral,0.7353,False,False,False,False,False,5.0,0.076055,0.541473,-22.377,0.133512,1436.751,190.083,67.961,3.6,medium,high,low,False,False,False,False,False,neutral,medium,0,no strong signal,low,NO_STRONG_SIGNAL,en_AU_Banking_1592666:turn:45,1.0,1.0.0,conversation_risk_v1,heuristic_proxy,False,faster-whisper/small,cardiffnlp/twitter-roberta-base-sentiment-latest
en_AU_Banking_1592666,46,agent,channel1,31,182.12,187.12,"However, if you were transferring to another bank or to someone else's account, there",neutral,0.8937,False,False,True,False,False,5.0,0.09245,0.78894,-20.682,0.1511,1541.136,202.165,77.312,2.8,high,medium,medium,False,False,True,False,False,neutral,medium,0,agent probing question detected,low,AGENT_PROBING,en_AU_Banking_1592666:turn:46,1.0,1.0.0,conversation_risk_v1,heuristic_proxy,False,faster-whisper/small,cardiffnlp/twitter-roberta-base-sentiment-latest
en_AU_Banking_1592666,47,agent,channel1,32,187.12,190.12,would be different limits depending on how you are making the transfer.,neutral,0.8874,False,False,False,False,False,3.0,0.053052,0.405334,-25.506,0.113951,1192.708,160.203,47.871,4.0,medium,high,low,False,False,False,False,False,neutral,medium,0,no strong signal,low,NO_STRONG_SIGNAL,en_AU_Banking_1592666:turn:47,1.0,1.0.0,conversation_risk_v1,heuristic_proxy,False,faster-whisper/small,cardiffnlp/twitter-roberta-base-sentiment-latest
en_AU_Banking_1592666,48,agent,channel1,33,190.12,198.12,"Through NetBank or the ComBank app, you can transfer up to $20,000 per day to other people",neutral,0.8524,False,False,False,False,False,8.0,0.087153,0.873718,-21.194,0.12593,1450.067,181.26,82.19,2.125,high,medium,low,False,False,False,False,False,neutral,medium,0,no strong signal,low,NO_STRONG_SIGNAL,en_AU_Banking_1592666:turn:48,1.0,1.0.0,conversation_risk_v1,heuristic_proxy,False,faster-whisper/small,cardiffnlp/twitter-roberta-base-sentiment-latest
en_AU_Banking_1592666,49,agent,channel1,34,198.12,200.12,or institutions.,neutral,0.6755,False,False,False,False,False,2.0,0.044642,0.274811,-27.005,0.123551,1583.234,142.784,65.84,1.0,low,low,low,False,False,False,False,False,neutral,low,0,no strong signal,low,NO_STRONG_SIGNAL,en_AU_Banking_1592666:turn:49,1.0,1.0.0,conversation_risk_v1,heuristic_proxy,False,faster-whisper/small,cardiffnlp/twitter-roberta-base-sentiment-latest
en_AU_Banking_1592666,50,agent,channel1,35,200.12,215.12,"If you needed to go higher than that, you would need to call us or visit a branch.",neutral,0.8797,False,False,False,False,False,15.0,0.042165,0.511444,-27.501,0.046772,967.326,270.783,134.753,1.2,low,low,high,False,False,False,False,False,neutral,medium,0,no strong signal,low,NO_STRONG_SIGNAL,en_AU_Banking_1592666:turn:50,1.0,1.0.0,conversation_risk_v1,heuristic_proxy,False,faster-whisper/small,cardiffnlp/twitter-roberta-base-sentiment-latest
en_AU_Banking_1592666,51,customer,channel2,16,204.54,205.54,Right.,neutral,0.6264,False,False,False,False,False,1.0,0.046456,0.187744,-26.659,0.083267,1484.29,230.263,65.446,1.0,low,low,medium,False,False,False,False,False,neutral,low,0,no strong signal,low,NO_STRONG_SIGNAL,en_AU_Banking_1592666:turn:51,1.0,1.0.0,conversation_risk_v1,heuristic_proxy,False,faster-whisper/small,cardiffnlp/twitter-roberta-base-sentiment-latest
en_AU_Banking_1592666,52,customer,channel2,17,205.54,207.54,"Okay, that's good to know.",positive,0.8634,False,False,False,False,False,2.0,0.063021,0.38797,-24.01,0.121109,1690.397,225.132,64.154,2.5,medium,medium,medium,False,False,False,False,False,positive,medium,5,medium customer vocal intensity,low,CUST_MEDIUM_VOCAL_INTENSITY,en_AU_Banking_1592666:turn:52,1.0,1.0.0,conversation_risk_v1,heuristic_proxy,False,faster-whisper/small,cardiffnlp/twitter-roberta-base-sentiment-latest
en_AU_Banking_1592666,53,customer,channel2,18,208.54,214.54,"I sometimes help my mum out with her bills, so that's really handy, but for today 2500 would be fine.",positive,0.6703,False,False,False,False,False,6.0,0.065805,0.614777,-23.635,0.129628,1577.128,199.051,62.772,3.333,medium,high,medium,False,False,False,False,False,positive,medium,5,medium customer vocal intensity,low,CUST_MEDIUM_VOCAL_INTENSITY,en_AU_Banking_1592666:turn:53,1.0,1.0.0,conversation_risk_v1,heuristic_proxy,False,faster-whisper/small,cardiffnlp/twitter-roberta-base-sentiment-latest
en_AU_Banking_1592666,54,agent,channel1,36,215.12,216.12,Perfect.,positive,0.9075,False,False,False,False,False,1.0,0.001337,0.015686,-57.476,0.052185,893.097,274.131,145.302,1.0,low,low,high,False,False,False,False,False,positive,medium,0,no strong signal,low,NO_STRONG_SIGNAL,en_AU_Banking_1592666:turn:54,1.0,1.0.0,conversation_risk_v1,heuristic_proxy,False,faster-whisper/small,cardiffnlp/twitter-roberta-base-sentiment-latest
en_AU_Banking_1592666,55,agent,channel1,37,216.12,217.12,"Okay, great.",positive,0.9292,False,False,False,False,False,1.0,0.094923,0.494141,-20.453,0.135757,1459.494,197.021,87.984,2.0,high,low,medium,False,False,False,False,False,positive,medium,0,no strong signal,low,NO_STRONG_SIGNAL,en_AU_Banking_1592666:turn:55,1.0,1.0.0,conversation_risk_v1,heuristic_proxy,False,faster-whisper/small,cardiffnlp/twitter-roberta-base-sentiment-latest
en_AU_Banking_1592666,56,agent,channel1,38,217.12,222.12,"So just to confirm, you mentioned you needed this for bill payments.",neutral,0.8793,False,False,False,False,False,5.0,0.083413,0.738678,-21.575,0.134153,1586.223,193.928,72.902,2.4,high,medium,low,False,False,False,False,False,neutral,medium,0,no strong signal,low,NO_STRONG_SIGNAL,en_AU_Banking_1592666:turn:56,1.0,1.0.0,conversation_risk_v1,heuristic_proxy,False,faster-whisper/small,cardiffnlp/twitter-roberta-base-sentiment-latest
en_AU_Banking_1592666,57,agent,channel1,39,222.12,233.12,Are you paying these through BPay or Direct Debit?,neutral,0.9456,False,False,True,False,False,11.0,0.044429,0.786224,-27.047,0.038564,903.02,285.348,132.249,0.818,low,low,high,False,False,True,False,False,neutral,medium,0,agent probing question detected,low,AGENT_PROBING,en_AU_Banking_1592666:turn:57,1.0,1.0.0,conversation_risk_v1,heuristic_proxy,False,faster-whisper/small,cardiffnlp/twitter-roberta-base-sentiment-latest
en_AU_Banking_1592666,58,customer,channel2,19,225.54,232.54,The Origin one I'll pay through BP today and the Foxtel one just comes out automatically tomorrow morning.,neutral,0.8915,False,False,False,False,False,7.0,0.065484,0.498993,-23.677,0.126235,1644.485,234.795,84.472,2.571,medium,medium,medium,False,False,False,False,False,neutral,medium,5,medium customer vocal intensity,low,CUST_MEDIUM_VOCAL_INTENSITY,en_AU_Banking_1592666:turn:58,1.0,1.0.0,conversation_risk_v1,heuristic_proxy,False,faster-whisper/small,cardiffnlp/twitter-roberta-base-sentiment-latest
en_AU_Banking_1592666,59,agent,channel1,40,233.12,234.12,"Okay, excellent.",positive,0.943,False,False,False,False,False,1.0,0.075622,0.498016,-22.427,0.057632,959.753,236.487,125.153,2.0,medium,low,medium,False,False,False,False,False,positive,medium,0,no strong signal,low,NO_STRONG_SIGNAL,en_AU_Banking_1592666:turn:59,1.0,1.0.0,conversation_risk_v1,heuristic_proxy,False,faster-whisper/small,cardiffnlp/twitter-roberta-base-sentiment-latest
en_AU_Banking_1592666,60,agent,channel1,41,234.12,236.12,"So look, you'll have plenty of time.",positive,0.8514,False,False,False,False,False,2.0,0.117716,0.877502,-18.583,0.167945,1794.119,220.863,68.849,3.5,high,high,medium,False,False,False,False,False,positive,high,0,no strong signal,low,NO_STRONG_SIGNAL,en_AU_Banking_1592666:turn:60,1.0,1.0.0,conversation_risk_v1,heuristic_proxy,False,faster-whisper/small,cardiffnlp/twitter-roberta-base-sentiment-latest
en_AU_Banking_1592666,61,customer,channel2,20,235.54,254.54,"Yep, that's right.",positive,0.7371,False,False,False,False,False,19.0,0.021619,0.492645,-33.303,0.06173,2006.152,279.022,143.592,0.158,low,low,high,False,False,False,False,False,positive,medium,5,medium customer vocal intensity,low,CUST_MEDIUM_VOCAL_INTENSITY,en_AU_Banking_1592666:turn:61,1.0,1.0.0,conversation_risk_v1,heuristic_proxy,False,faster-whisper/small,cardiffnlp/twitter-roberta-base-sentiment-latest
en_AU_Banking_1592666,62,agent,channel1,42,236.12,240.12,"Right, let me just process this transfer for you now.",neutral,0.8745,False,False,False,False,False,4.0,0.081977,0.745331,-21.726,0.160877,1643.443,215.127,77.1,2.5,high,medium,medium,False,False,False,False,False,neutral,medium,0,no strong signal,low,NO_STRONG_SIGNAL,en_AU_Banking_1592666:turn:62,1.0,1.0.0,conversation_risk_v1,heuristic_proxy,False,faster-whisper/small,cardiffnlp/twitter-roberta-base-sentiment-latest
en_AU_Banking_1592666,63,agent,channel1,43,240.12,246.12,"I'm moving $2,500 from your NetBank saver account, ending in $7392.",neutral,0.8606,False,False,False,False,False,6.0,0.078086,0.597534,-22.149,0.138449,1533.802,193.111,58.324,1.833,medium,low,low,False,False,False,False,False,neutral,medium,0,no strong signal,low,NO_STRONG_SIGNAL,en_AU_Banking_1592666:turn:63,1.0,1.0.0,conversation_risk_v1,heuristic_proxy,False,faster-whisper/small,cardiffnlp/twitter-roberta-base-sentiment-latest
en_AU_Banking_1592666,64,agent,channel1,44,246.12,250.12,"To your smart access account, ending in $4156.",neutral,0.9019,False,False,False,False,False,4.0,0.076397,0.653473,-22.338,0.153235,1609.132,185.675,75.127,2.0,medium,low,low,False,False,False,False,False,neutral,medium,0,no strong signal,low,NO_STRONG_SIGNAL,en_AU_Banking_1592666:turn:64,1.0,1.0.0,conversation_risk_v1,heuristic_proxy,False,faster-whisper/small,cardiffnlp/twitter-roberta-base-sentiment-latest
en_AU_Banking_1592666,65,agent,channel1,45,250.12,254.12,Could you please confirm that's correct?,neutral,0.8715,False,False,True,False,False,4.0,0.063516,0.572632,-23.942,0.134134,1610.537,220.674,121.183,1.5,medium,low,medium,False,False,True,False,False,neutral,medium,0,agent probing question detected,low,AGENT_PROBING,en_AU_Banking_1592666:turn:65,1.0,1.0.0,conversation_risk_v1,heuristic_proxy,False,faster-whisper/small,cardiffnlp/twitter-roberta-base-sentiment-latest
en_AU_Banking_1592666,66,agent,channel1,46,254.12,255.12,"Okay, beautiful.",positive,0.942,False,False,False,False,False,1.0,0.082282,0.796112,-21.694,0.045471,940.702,279.271,132.027,2.0,high,low,high,False,False,False,False,False,positive,high,0,no strong signal,low,NO_STRONG_SIGNAL,en_AU_Banking_1592666:turn:66,1.0,1.0.0,conversation_risk_v1,heuristic_proxy,False,faster-whisper/small,cardiffnlp/twitter-roberta-base-sentiment-latest
en_AU_Banking_1592666,67,agent,channel1,47,255.12,259.12,"Right, so just about to process that now for you.",neutral,0.8373,False,False,False,False,False,4.0,0.113617,0.934204,-18.891,0.17575,1678.915,189.731,72.774,2.5,high,medium,low,False,False,False,False,False,neutral,medium,0,no strong signal,low,NO_STRONG_SIGNAL,en_AU_Banking_1592666:turn:67,1.0,1.0.0,conversation_risk_v1,heuristic_proxy,False,faster-whisper/small,cardiffnlp/twitter-roberta-base-sentiment-latest
en_AU_Banking_1592666,68,agent,channel1,48,259.12,263.12,"One moment, please.",neutral,0.5025,False,False,False,False,False,4.0,0.040961,0.421478,-27.753,0.084492,1258.032,252.502,137.994,0.75,low,low,high,False,False,False,False,False,neutral,medium,0,no strong signal,low,NO_STRONG_SIGNAL,en_AU_Banking_1592666:turn:68,1.0,1.0.0,conversation_risk_v1,heuristic_proxy,False,faster-whisper/small,cardiffnlp/twitter-roberta-base-sentiment-latest
en_AU_Banking_1592666,69,customer,channel2,21,259.54,260.54,Okay.,neutral,0.5693,False,False,False,False,False,1.0,0.043873,0.282928,-27.156,0.109344,2179.284,206.832,122.741,1.0,low,low,medium,False,False,False,False,False,neutral,low,0,no strong signal,low,NO_STRONG_SIGNAL,en_AU_Banking_1592666:turn:69,1.0,1.0.0,conversation_risk_v1,heuristic_proxy,False,faster-whisper/small,cardiffnlp/twitter-roberta-base-sentiment-latest
en_AU_Banking_1592666,70,agent,channel1,49,263.12,264.12,"Okay, Maria, done.",neutral,0.7814,False,False,False,False,False,1.0,0.166684,0.804169,-15.562,0.1026,1520.371,204.322,88.287,3.0,high,high,medium,False,False,False,False,False,neutral,high,0,no strong signal,low,NO_STRONG_SIGNAL,en_AU_Banking_1592666:turn:70,1.0,1.0.0,conversation_risk_v1,heuristic_proxy,False,faster-whisper/small,cardiffnlp/twitter-roberta-base-sentiment-latest
en_AU_Banking_1592666,71,agent,channel1,50,264.12,266.12,The transfer is complete.,neutral,0.5309,False,False,False,False,False,2.0,0.116004,0.83606,-18.711,0.124574,1480.59,197.046,58.025,2.0,high,low,medium,False,False,False,False,False,neutral,medium,0,no strong signal,low,NO_STRONG_SIGNAL,en_AU_Banking_1592666:turn:71,1.0,1.0.0,conversation_risk_v1,heuristic_proxy,False,faster-whisper/small,cardiffnlp/twitter-roberta-base-sentiment-latest
en_AU_Banking_1592666,72,customer,channel2,22,265.54,280.54,"Oh, that's brilliant. So I can go ahead and pay that bill right now, right?",positive,0.9555,False,False,False,False,False,15.0,0.052064,0.56543,-25.669,0.097897,2017.21,262.095,130.152,1.0,medium,low,high,False,False,False,False,False,positive,medium,5,medium customer vocal intensity,low,CUST_MEDIUM_VOCAL_INTENSITY,en_AU_Banking_1592666:turn:72,1.0,1.0.0,conversation_risk_v1,heuristic_proxy,False,faster-whisper/small,cardiffnlp/twitter-roberta-base-sentiment-latest
en_AU_Banking_1592666,73,agent,channel1,51,266.12,268.12,"You'll have $2,500.",neutral,0.7805,False,False,False,False,False,2.0,0.093172,0.6586,-20.614,0.147523,1772.339,216.979,64.835,1.5,high,low,medium,False,False,False,False,False,neutral,medium,0,no strong signal,low,NO_STRONG_SIGNAL,en_AU_Banking_1592666:turn:73,1.0,1.0.0,conversation_risk_v1,heuristic_proxy,False,faster-whisper/small,cardiffnlp/twitter-roberta-base-sentiment-latest
en_AU_Banking_1592666,74,agent,channel1,52,268.12,275.12,"So $2,500 is now in your smart access account and available for you to use immediately.",neutral,0.5076,False,False,False,False,False,7.0,0.072899,0.679657,-22.746,0.121092,1368.775,186.813,62.012,2.286,medium,medium,low,False,False,False,False,False,neutral,medium,0,no strong signal,low,NO_STRONG_SIGNAL,en_AU_Banking_1592666:turn:74,1.0,1.0.0,conversation_risk_v1,heuristic_proxy,False,faster-whisper/small,cardiffnlp/twitter-roberta-base-sentiment-latest
en_AU_Banking_1592666,75,agent,channel1,53,275.12,276.12,"Yeah, absolutely.",positive,0.4347,False,False,False,False,False,1.0,0.000147,0.000946,-76.654,0.028397,782.961,270.557,154.453,2.0,low,low,high,False,False,False,False,False,positive,medium,0,no strong signal,low,NO_STRONG_SIGNAL,en_AU_Banking_1592666:turn:75,1.0,1.0.0,conversation_risk_v1,heuristic_proxy,False,faster-whisper/small,cardiffnlp/twitter-roberta-base-sentiment-latest
en_AU_Banking_1592666,76,agent,channel1,54,276.12,288.12,"So you can do it through the ComBank app, NetBank Online, or even over the phone with BPay if",neutral,0.871,False,False,False,False,False,12.0,0.068866,0.999969,-23.24,0.069103,1043.678,265.548,113.487,1.583,medium,low,high,False,False,False,False,False,neutral,medium,0,no strong signal,low,NO_STRONG_SIGNAL,en_AU_Banking_1592666:turn:76,1.0,1.0.0,conversation_risk_v1,heuristic_proxy,False,faster-whisper/small,cardiffnlp/twitter-roberta-base-sentiment-latest
en_AU_Banking_1592666,77,agent,channel1,55,288.12,289.12,you prefer.,neutral,0.7792,False,False,False,False,False,1.0,0.101432,0.450409,-19.877,0.125244,1406.475,225.532,63.627,2.0,high,low,medium,False,False,False,False,False,neutral,medium,0,no strong signal,low,NO_STRONG_SIGNAL,en_AU_Banking_1592666:turn:77,1.0,1.0.0,conversation_risk_v1,heuristic_proxy,False,faster-whisper/small,cardiffnlp/twitter-roberta-base-sentiment-latest
en_AU_Banking_1592666,78,agent,channel1,56,289.12,290.12,The funds are there.,neutral,0.7665,False,False,False,False,False,1.0,0.113615,0.720612,-18.891,0.111862,1266.953,238.659,53.656,4.0,high,high,medium,False,False,False,False,False,neutral,high,0,no strong signal,low,NO_STRONG_SIGNAL,en_AU_Banking_1592666:turn:78,1.0,1.0.0,conversation_risk_v1,heuristic_proxy,False,faster-whisper/small,cardiffnlp/twitter-roberta-base-sentiment-latest
en_AU_Banking_1592666,79,customer,channel2,23,289.54,292.54,That is such a relief. Thank you so much.,positive,0.9666,False,False,False,False,False,3.0,0.036632,0.325195,-28.723,0.099869,1653.813,258.683,102.686,3.0,low,high,high,False,False,False,False,False,positive,medium,5,medium customer vocal intensity,low,CUST_MEDIUM_VOCAL_INTENSITY,en_AU_Banking_1592666:turn:79,1.0,1.0.0,conversation_risk_v1,heuristic_proxy,False,faster-whisper/small,cardiffnlp/twitter-roberta-base-sentiment-latest
en_AU_Banking_1592666,80,agent,channel1,57,290.12,301.12,They're ready to go for you.,neutral,0.6006,False,False,False,False,False,11.0,0.002583,0.085022,-51.756,0.013141,677.558,319.13,133.686,0.545,low,low,high,False,False,False,False,False,neutral,medium,0,no strong signal,low,NO_STRONG_SIGNAL,en_AU_Banking_1592666:turn:80,1.0,1.0.0,conversation_risk_v1,heuristic_proxy,False,faster-whisper/small,cardiffnlp/twitter-roberta-base-sentiment-latest
en_AU_Banking_1592666,81,customer,channel2,24,292.54,294.54,I hate those reminder notices from Origin.,negative,0.9401,False,False,False,False,False,2.0,0.040329,0.337433,-27.888,0.136789,1627.079,211.936,77.709,3.5,low,high,medium,False,False,False,False,False,negative,medium,20,negative customer sentiment | medium customer vocal intensity,low,CUST_NEGATIVE_SENTIMENT|CUST_MEDIUM_VOCAL_INTENSITY,en_AU_Banking_1592666:turn:81,1.0,1.0.0,conversation_risk_v1,heuristic_proxy,False,faster-whisper/small,cardiffnlp/twitter-roberta-base-sentiment-latest
en_AU_Banking_1592666,82,customer,channel2,25,295.54,300.54,"Actually, Danielle, you might be able to help me with just something else I've just thought of.",neutral,0.5143,False,False,False,False,False,5.0,0.047358,0.325928,-26.492,0.177576,2047.467,217.539,102.783,3.4,low,high,medium,False,False,False,False,False,neutral,medium,5,medium customer vocal intensity,low,CUST_MEDIUM_VOCAL_INTENSITY,en_AU_Banking_1592666:turn:82,1.0,1.0.0,conversation_risk_v1,heuristic_proxy,False,faster-whisper/small,cardiffnlp/twitter-roberta-base-sentiment-latest
en_AU_Banking_1592666,83,agent,channel1,58,301.12,311.12,Yeah.,neutral,0.5798,False,False,False,False,False,10.0,0.010655,0.271515,-39.449,0.015045,728.969,310.522,137.252,0.1,low,low,high,False,False,False,False,False,neutral,medium,0,no strong signal,low,NO_STRONG_SIGNAL,en_AU_Banking_1592666:turn:83,1.0,1.0.0,conversation_risk_v1,heuristic_proxy,False,faster-whisper/small,cardiffnlp/twitter-roberta-base-sentiment-latest
en_AU_Banking_1592666,84,customer,channel2,26,301.54,309.54,This is the third time in like the last couple of months I've had to call in and move money around because I've forgotten to transfer enough to cover my bills.,negative,0.8586,False,False,False,False,False,8.0,0.056164,0.454529,-25.011,0.123988,1696.73,202.799,73.786,3.875,medium,high,medium,False,False,False,False,False,negative,medium,20,negative customer sentiment | medium customer vocal intensity,low,CUST_NEGATIVE_SENTIMENT|CUST_MEDIUM_VOCAL_INTENSITY,en_AU_Banking_1592666:turn:84,1.0,1.0.0,conversation_risk_v1,heuristic_proxy,False,faster-whisper/small,cardiffnlp/twitter-roberta-base-sentiment-latest
en_AU_Banking_1592666,85,customer,channel2,27,310.54,316.54,Is there a way that I can set up some kind of automatic transfer like maybe move a certain amount every fortnight or something?,neutral,0.9359,False,False,False,False,False,6.0,0.059183,0.589966,-24.556,0.11579,1597.219,213.502,68.662,4.0,medium,high,medium,False,False,False,False,False,neutral,medium,5,medium customer vocal intensity,low,CUST_MEDIUM_VOCAL_INTENSITY,en_AU_Banking_1592666:turn:85,1.0,1.0.0,conversation_risk_v1,heuristic_proxy,False,faster-whisper/small,cardiffnlp/twitter-roberta-base-sentiment-latest
en_AU_Banking_1592666,86,agent,channel1,59,311.12,320.12,"Oh, yes, absolutely.",positive,0.9085,False,False,False,False,False,9.0,0.035795,0.999969,-28.923,0.032666,914.919,302.646,133.426,0.333,low,low,high,False,False,False,False,False,positive,medium,0,no strong signal,low,NO_STRONG_SIGNAL,en_AU_Banking_1592666:turn:86,1.0,1.0.0,conversation_risk_v1,heuristic_proxy,False,faster-whisper/small,cardiffnlp/twitter-roberta-base-sentiment-latest
en_AU_Banking_1592666,87,agent,channel1,60,320.12,322.12,"Look, you're definitely not alone in that.",neutral,0.4816,False,False,False,False,False,2.0,0.107806,0.819885,-19.347,0.111165,1352.487,191.129,61.706,3.5,high,high,low,False,False,False,False,False,neutral,high,0,no strong signal,low,NO_STRONG_SIGNAL,en_AU_Banking_1592666:turn:87,1.0,1.0.0,conversation_risk_v1,heuristic_proxy,False,faster-whisper/small,cardiffnlp/twitter-roberta-base-sentiment-latest
en_AU_Banking_1592666,88,agent,channel1,61,322.12,325.12,It's one of the most common things people set up.,negative,0.605,False,False,False,False,False,3.0,0.090474,0.786591,-20.869,0.130511,1460.501,193.123,80.614,3.333,high,high,low,False,False,False,False,False,negative,high,8,negative agent sentiment,low,AGENT_NEGATIVE_SENTIMENT,en_AU_Banking_1592666:turn:88,1.0,1.0.0,conversation_risk_v1,heuristic_proxy,False,faster-whisper/small,cardiffnlp/twitter-roberta-base-sentiment-latest
en_AU_Banking_1592666,89,customer,channel2,28,322.54,341.54,"Okay, so can you run me through those options?",neutral,0.9106,False,False,False,False,False,19.0,0.032277,0.520691,-29.822,0.060463,1892.62,286.616,137.251,0.474,low,low,high,False,False,False,False,False,neutral,medium,5,medium customer vocal intensity,low,CUST_MEDIUM_VOCAL_INTENSITY,en_AU_Banking_1592666:turn:89,1.0,1.0.0,conversation_risk_v1,heuristic_proxy,False,faster-whisper/small,cardiffnlp/twitter-roberta-base-sentiment-latest
en_AU_Banking_1592666,90,agent,channel1,62,325.12,327.12,So it's called an automatic transfer.,neutral,0.9081,False,False,False,False,False,2.0,0.106764,0.617218,-19.431,0.147972,1563.927,192.149,63.527,3.0,high,high,low,False,False,False,False,False,neutral,high,0,no strong signal,low,NO_STRONG_SIGNAL,en_AU_Banking_1592666:turn:90,1.0,1.0.0,conversation_risk_v1,heuristic_proxy,False,faster-whisper/small,cardiffnlp/twitter-roberta-base-sentiment-latest
en_AU_Banking_1592666,91,agent,channel1,63,327.12,333.12,We can arrange what's called a recurring transfer or a scheduled transfer for you.,neutral,0.8974,False,False,False,False,False,6.0,0.066502,0.514526,-23.543,0.155619,1546.454,172.943,72.731,2.333,medium,medium,low,False,False,False,False,False,neutral,medium,0,no strong signal,low,NO_STRONG_SIGNAL,en_AU_Banking_1592666:turn:91,1.0,1.0.0,conversation_risk_v1,heuristic_proxy,False,faster-whisper/small,cardiffnlp/twitter-roberta-base-sentiment-latest
en_AU_Banking_1592666,92,agent,channel1,64,333.12,337.12,"There are a couple of different ways we can do this, depending on what works and what's",neutral,0.6968,False,False,False,False,False,4.0,0.095989,0.844116,-20.356,0.119082,1286.497,196.08,64.736,4.25,high,high,low,False,False,False,False,False,neutral,high,0,no strong signal,low,NO_STRONG_SIGNAL,en_AU_Banking_1592666:turn:92,1.0,1.0.0,conversation_risk_v1,heuristic_proxy,False,faster-whisper/small,cardiffnlp/twitter-roberta-base-sentiment-latest
en_AU_Banking_1592666,93,agent,channel1,65,337.12,342.12,best for you.,positive,0.8293,False,False,False,False,False,5.0,0.018572,0.283661,-34.623,0.05061,942.81,281.092,140.994,0.6,low,low,high,False,False,False,False,False,positive,medium,0,no strong signal,low,NO_STRONG_SIGNAL,en_AU_Banking_1592666:turn:93,1.0,1.0.0,conversation_risk_v1,heuristic_proxy,False,faster-whisper/small,cardiffnlp/twitter-roberta-base-sentiment-latest
en_AU_Banking_1592666,94,agent,channel1,66,342.12,343.12,"Yeah, look, absolutely.",positive,0.51,False,False,False,False,False,1.0,0.114109,0.798218,-18.854,0.123596,1336.135,179.016,72.247,3.0,high,high,low,False,False,False,False,False,positive,high,0,no strong signal,low,NO_STRONG_SIGNAL,en_AU_Banking_1592666:turn:94,1.0,1.0.0,conversation_risk_v1,heuristic_proxy,False,faster-whisper/small,cardiffnlp/twitter-roberta-base-sentiment-latest
en_AU_Banking_1592666,95,agent,channel1,67,343.12,348.12,"So with the first option, it's a regular recurring transfer where you choose an amount",neutral,0.9417,False,False,False,False,False,5.0,0.101341,0.871063,-19.884,0.148453,1580.233,216.746,70.012,3.0,high,high,medium,False,False,False,False,False,neutral,high,0,no strong signal,low,NO_STRONG_SIGNAL,en_AU_Banking_1592666:turn:95,1.0,1.0.0,conversation_risk_v1,heuristic_proxy,False,faster-whisper/small,cardiffnlp/twitter-roberta-base-sentiment-latest
en_AU_Banking_1592666,96,agent,channel1,68,348.12,349.12,and a frequency.,neutral,0.8342,False,False,False,False,False,1.0,0.091132,0.704376,-20.807,0.106949,1116.708,195.632,51.393,3.0,high,high,low,False,False,False,False,False,neutral,high,0,no strong signal,low,NO_STRONG_SIGNAL,en_AU_Banking_1592666:turn:96,1.0,1.0.0,conversation_risk_v1,heuristic_proxy,False,faster-whisper/small,cardiffnlp/twitter-roberta-base-sentiment-latest
en_AU_Banking_1592666,97,agent,channel1,69,349.12,356.12,"So you could have, say, $500 transferred from your savings to your everyday account every",neutral,0.8542,False,False,False,False,False,7.0,0.104649,0.877258,-19.605,0.119607,1442.485,201.843,75.465,2.143,high,medium,medium,False,False,False,False,False,neutral,medium,0,no strong signal,low,NO_STRONG_SIGNAL,en_AU_Banking_1592666:turn:97,1.0,1.0.0,conversation_risk_v1,heuristic_proxy,False,faster-whisper/small,cardiffnlp/twitter-roberta-base-sentiment-latest
en_AU_Banking_1592666,98,customer,channel2,29,352.54,374.54,"Yeah, that could work. What are the other options?",neutral,0.5588,False,False,False,False,False,22.0,0.022925,0.504333,-32.794,0.044952,1784.049,302.996,135.452,0.409,low,low,high,False,False,False,False,False,neutral,medium,5,medium customer vocal intensity,low,CUST_MEDIUM_VOCAL_INTENSITY,en_AU_Banking_1592666:turn:98,1.0,1.0.0,conversation_risk_v1,heuristic_proxy,False,faster-whisper/small,cardiffnlp/twitter-roberta-base-sentiment-latest
en_AU_Banking_1592666,99,agent,channel1,70,356.12,360.12,fortnight or every month or even weekly if you wanted.,neutral,0.7968,False,False,False,False,False,4.0,0.06605,0.614807,-23.602,0.108391,1288.839,185.807,73.331,2.5,medium,medium,low,False,False,False,False,False,neutral,medium,0,no strong signal,low,NO_STRONG_SIGNAL,en_AU_Banking_1592666:turn:99,1.0,1.0.0,conversation_risk_v1,heuristic_proxy,False,faster-whisper/small,cardiffnlp/twitter-roberta-base-sentiment-latest
en_AU_Banking_1592666,100,agent,channel1,71,360.12,362.12,That happens automatically.,neutral,0.7174,False,False,False,False,False,2.0,0.101734,0.999969,-19.851,0.1178,1361.339,198.708,58.774,1.5,high,low,medium,False,False,False,False,False,neutral,medium,0,no strong signal,low,NO_STRONG_SIGNAL,en_AU_Banking_1592666:turn:100,1.0,1.0.0,conversation_risk_v1,heuristic_proxy,False,faster-whisper/small,cardiffnlp/twitter-roberta-base-sentiment-latest
en_AU_Banking_1592666,101,agent,channel1,72,362.12,367.12,So on the date you choose and you can set it up with a start date and even an end date,neutral,0.9113,False,False,False,False,False,5.0,0.071413,0.897583,-22.924,0.12217,1476.833,184.516,65.285,4.2,medium,high,low,False,False,False,False,False,neutral,medium,0,no strong signal,low,NO_STRONG_SIGNAL,en_AU_Banking_1592666:turn:101,1.0,1.0.0,conversation_risk_v1,heuristic_proxy,False,faster-whisper/small,cardiffnlp/twitter-roberta-base-sentiment-latest
en_AU_Banking_1592666,102,agent,channel1,73,367.12,375.12,if you wanted or just let it run indefinitely.,neutral,0.8388,False,False,False,False,False,8.0,0.05099,0.790833,-25.85,0.066931,941.642,241.029,129.201,1.125,low,low,high,False,False,False,False,False,neutral,medium,0,no strong signal,low,NO_STRONG_SIGNAL,en_AU_Banking_1592666:turn:102,1.0,1.0.0,conversation_risk_v1,heuristic_proxy,False,faster-whisper/small,cardiffnlp/twitter-roberta-base-sentiment-latest
en_AU_Banking_1592666,103,agent,channel1,74,375.12,376.12,Yep.,neutral,0.5717,False,False,False,False,False,1.0,0.092288,0.90451,-20.697,0.115021,1389.756,238.957,128.94,1.0,high,low,high,False,False,False,False,False,neutral,high,0,no strong signal,low,NO_STRONG_SIGNAL,en_AU_Banking_1592666:turn:103,1.0,1.0.0,conversation_risk_v1,heuristic_proxy,False,faster-whisper/small,cardiffnlp/twitter-roberta-base-sentiment-latest
en_AU_Banking_1592666,104,agent,channel1,75,376.12,378.12,So the other option is a bit more flexible.,neutral,0.5777,False,False,False,False,False,2.0,0.094918,0.533722,-20.453,0.123574,1330.097,227.146,59.709,4.5,high,high,medium,False,False,False,False,False,neutral,high,0,no strong signal,low,NO_STRONG_SIGNAL,en_AU_Banking_1592666:turn:104,1.0,1.0.0,conversation_risk_v1,heuristic_proxy,False,faster-whisper/small,cardiffnlp/twitter-roberta-base-sentiment-latest
en_AU_Banking_1592666,105,agent,channel1,76,378.12,381.12,You can set up what we call a keep a balance transfer.,neutral,0.8866,False,False,False,False,False,3.0,0.111497,0.772034,-19.055,0.142672,1510.229,214.403,71.625,4.0,high,high,medium,False,False,False,False,False,neutral,high,0,no strong signal,low,NO_STRONG_SIGNAL,en_AU_Banking_1592666:turn:105,1.0,1.0.0,conversation_risk_v1,heuristic_proxy,False,faster-whisper/small,cardiffnlp/twitter-roberta-base-sentiment-latest
en_AU_Banking_1592666,106,agent,channel1,77,381.12,387.12,"So for example, you could say you wanted to keep a minimum of $1,000 in your smart access",neutral,0.843,False,False,False,False,False,6.0,0.093064,0.999969,-20.624,0.125987,1319.77,209.48,66.075,3.0,high,high,medium,False,False,False,False,False,neutral,high,0,no strong signal,low,NO_STRONG_SIGNAL,en_AU_Banking_1592666:turn:106,1.0,1.0.0,conversation_risk_v1,heuristic_proxy,False,faster-whisper/small,cardiffnlp/twitter-roberta-base-sentiment-latest
en_AU_Banking_1592666,107,customer,channel2,30,382.54,403.54,"Yeah, that makes sense. Okay, I like the sound of the second one actually.",positive,0.905,False,False,False,False,False,21.0,0.021126,0.371399,-33.504,0.061572,1820.871,288.539,136.001,0.667,low,low,high,False,False,False,False,False,positive,medium,5,medium customer vocal intensity,low,CUST_MEDIUM_VOCAL_INTENSITY,en_AU_Banking_1592666:turn:107,1.0,1.0.0,conversation_risk_v1,heuristic_proxy,False,faster-whisper/small,cardiffnlp/twitter-roberta-base-sentiment-latest
en_AU_Banking_1592666,108,agent,channel1,78,387.12,388.12,account at all times.,neutral,0.8229,False,False,False,False,False,1.0,0.053582,0.613617,-25.42,0.181503,1507.841,172.154,60.248,4.0,medium,high,low,False,False,False,False,False,neutral,medium,0,no strong signal,low,NO_STRONG_SIGNAL,en_AU_Banking_1592666:turn:108,1.0,1.0.0,conversation_risk_v1,heuristic_proxy,False,faster-whisper/small,cardiffnlp/twitter-roberta-base-sentiment-latest
en_AU_Banking_1592666,109,agent,channel1,79,388.12,393.12,Then if your balance drops below that will automatically top it up from your savings account.,neutral,0.8679,False,False,False,False,False,5.0,0.076527,0.686646,-22.324,0.137341,1397.555,193.103,78.947,3.2,medium,high,low,False,False,False,False,False,neutral,medium,0,no strong signal,low,NO_STRONG_SIGNAL,en_AU_Banking_1592666:turn:109,1.0,1.0.0,conversation_risk_v1,heuristic_proxy,False,faster-whisper/small,cardiffnlp/twitter-roberta-base-sentiment-latest
en_AU_Banking_1592666,110,agent,channel1,80,393.12,397.12,"That way you're never caught short, but you're not moving money unnecessarily,",neutral,0.6294,False,False,False,False,False,4.0,0.079231,0.638306,-22.022,0.123547,1340.936,176.64,64.047,3.0,high,high,low,False,False,False,False,False,neutral,high,0,no strong signal,low,NO_STRONG_SIGNAL,en_AU_Banking_1592666:turn:110,1.0,1.0.0,conversation_risk_v1,heuristic_proxy,False,faster-whisper/small,cardiffnlp/twitter-roberta-base-sentiment-latest
en_AU_Banking_1592666,111,agent,channel1,81,397.12,399.12,like unnecessarily if you don't have to.,negative,0.637,False,False,False,False,False,2.0,0.051247,0.310242,-25.807,0.148864,1326.179,160.479,85.054,3.5,low,high,low,False,False,False,False,False,negative,medium,8,negative agent sentiment,low,AGENT_NEGATIVE_SENTIMENT,en_AU_Banking_1592666:turn:111,1.0,1.0.0,conversation_risk_v1,heuristic_proxy,False,faster-whisper/small,cardiffnlp/twitter-roberta-base-sentiment-latest
en_AU_Banking_1592666,112,customer,channel2,31,404.54,408.54,So it would just top up automatically if I get too low.,neutral,0.8429,False,False,False,False,False,4.0,0.073778,0.542114,-22.642,0.141311,1732.718,203.279,68.708,3.0,medium,high,medium,False,False,False,False,False,neutral,medium,5,medium customer vocal intensity,low,CUST_MEDIUM_VOCAL_INTENSITY,en_AU_Banking_1592666:turn:112,1.0,1.0.0,conversation_risk_v1,heuristic_proxy,False,faster-whisper/small,cardiffnlp/twitter-roberta-base-sentiment-latest
en_AU_Banking_1592666,113,agent,channel1,82,409.12,410.12,Exactly right.,neutral,0.4676,False,False,False,False,False,1.0,0.023237,0.163422,-32.676,0.048508,1089.201,280.73,129.948,2.0,low,low,high,False,False,False,False,False,neutral,medium,0,no strong signal,low,NO_STRONG_SIGNAL,en_AU_Banking_1592666:turn:113,1.0,1.0.0,conversation_risk_v1,heuristic_proxy,False,faster-whisper/small,cardiffnlp/twitter-roberta-base-sentiment-latest
en_AU_Banking_1592666,114,agent,channel1,83,410.12,416.12,So what it does is it checks your balance and then if your balance drops below whatever threshold,neutral,0.892,False,False,False,False,False,6.0,0.096499,0.999969,-20.31,0.132402,1424.806,193.408,66.902,3.0,high,high,low,False,False,False,False,False,neutral,high,0,no strong signal,low,NO_STRONG_SIGNAL,en_AU_Banking_1592666:turn:114,1.0,1.0.0,conversation_risk_v1,heuristic_proxy,False,faster-whisper/small,cardiffnlp/twitter-roberta-base-sentiment-latest
en_AU_Banking_1592666,115,customer,channel2,32,412.54,432.54,"Yeah, that sounds perfect for me, Danielle.",positive,0.9772,False,False,False,False,False,20.0,0.029159,0.461212,-30.705,0.041264,1718.656,307.059,131.495,0.35,low,low,high,False,False,False,False,False,positive,medium,5,medium customer vocal intensity,low,CUST_MEDIUM_VOCAL_INTENSITY,en_AU_Banking_1592666:turn:115,1.0,1.0.0,conversation_risk_v1,heuristic_proxy,False,faster-whisper/small,cardiffnlp/twitter-roberta-base-sentiment-latest
en_AU_Banking_1592666,116,agent,channel1,84,416.12,420.12,"you'll set, it'll transfer the difference across from your savings.",neutral,0.8599,False,False,False,False,False,4.0,0.056044,0.452057,-25.029,0.155622,1560.412,185.76,77.877,2.5,medium,medium,low,False,False,False,False,False,neutral,medium,0,no strong signal,low,NO_STRONG_SIGNAL,en_AU_Banking_1592666:turn:116,1.0,1.0.0,conversation_risk_v1,heuristic_proxy,False,faster-whisper/small,cardiffnlp/twitter-roberta-base-sentiment-latest
en_AU_Banking_1592666,117,agent,channel1,85,420.12,424.12,"Some people find it gives them a bit more peace of mind, especially for bill payments.",positive,0.7608,False,False,False,False,False,4.0,0.064619,0.497162,-23.793,0.123144,1379.811,187.579,54.024,4.0,medium,high,low,False,False,False,False,False,positive,medium,0,no strong signal,low,NO_STRONG_SIGNAL,en_AU_Banking_1592666:turn:117,1.0,1.0.0,conversation_risk_v1,heuristic_proxy,False,faster-whisper/small,cardiffnlp/twitter-roberta-base-sentiment-latest
en_AU_Banking_1592666,118,agent,channel1,86,424.12,428.12,So they don't have to continuously check and make sure you know that there's a set amount,neutral,0.7928,False,False,False,False,False,4.0,0.063518,0.629608,-23.942,0.162547,1553.692,170.045,77.162,4.25,medium,high,low,False,False,False,False,False,neutral,medium,0,no strong signal,low,NO_STRONG_SIGNAL,en_AU_Banking_1592666:turn:118,1.0,1.0.0,conversation_risk_v1,heuristic_proxy,False,faster-whisper/small,cardiffnlp/twitter-roberta-base-sentiment-latest
en_AU_Banking_1592666,119,agent,channel1,87,428.12,431.12,in the account before money gets taken out.,neutral,0.8509,False,False,False,False,False,3.0,0.056104,0.464386,-25.02,0.112912,1145.268,144.188,68.816,2.667,medium,medium,low,False,False,False,False,False,neutral,medium,0,no strong signal,low,NO_STRONG_SIGNAL,en_AU_Banking_1592666:turn:119,1.0,1.0.0,conversation_risk_v1,heuristic_proxy,False,faster-whisper/small,cardiffnlp/twitter-roberta-base-sentiment-latest
en_AU_Banking_1592666,120,customer,channel2,33,433.54,447.54,"My pay goes into the smart access, but then I usually move most of it into savings across, you know, I'll transfer the difference across from, you know, but sometimes I forget to move enough back.",neutral,0.8449,False,False,False,False,False,14.0,0.054024,0.708374,-25.348,0.1519,1820.479,196.118,83.127,2.571,medium,medium,medium,False,False,False,False,False,neutral,medium,5,medium customer vocal intensity,low,CUST_MEDIUM_VOCAL_INTENSITY,en_AU_Banking_1592666:turn:120,1.0,1.0.0,conversation_risk_v1,heuristic_proxy,False,faster-whisper/small,cardiffnlp/twitter-roberta-base-sentiment-latest
en_AU_Banking_1592666,121,agent,channel1,88,438.12,454.12,Yeah.,neutral,0.5798,False,False,False,False,False,16.0,0.000279,0.014038,-71.081,0.01185,677.734,319.631,134.428,0.062,low,low,high,False,False,False,False,False,neutral,medium,0,no strong signal,low,NO_STRONG_SIGNAL,en_AU_Banking_1592666:turn:121,1.0,1.0.0,conversation_risk_v1,heuristic_proxy,False,faster-whisper/small,cardiffnlp/twitter-roberta-base-sentiment-latest
en_AU_Banking_1592666,122,customer,channel2,34,448.54,452.54,How much can I set it to top up to?,neutral,0.9367,False,False,False,False,False,4.0,0.081252,0.484344,-21.803,0.15036,1901.924,225.401,84.271,2.5,high,medium,medium,False,False,False,False,False,neutral,medium,5,medium customer vocal intensity,low,CUST_MEDIUM_VOCAL_INTENSITY,en_AU_Banking_1592666:turn:122,1.0,1.0.0,conversation_risk_v1,heuristic_proxy,False,faster-whisper/small,cardiffnlp/twitter-roberta-base-sentiment-latest
en_AU_Banking_1592666,123,agent,channel1,89,454.12,456.12,So you can set whatever amount works for you.,neutral,0.7219,False,False,False,False,False,2.0,0.157381,0.999969,-16.061,0.131712,1465.176,202.867,79.303,4.5,high,high,medium,False,False,False,False,False,neutral,high,0,no strong signal,low,NO_STRONG_SIGNAL,en_AU_Banking_1592666:turn:123,1.0,1.0.0,conversation_risk_v1,heuristic_proxy,False,faster-whisper/small,cardiffnlp/twitter-roberta-base-sentiment-latest
en_AU_Banking_1592666,124,agent,channel1,90,456.12,461.12,"A lot of people do somewhere between $1,000 and $2,000, but it really depends on your",neutral,0.8207,False,False,False,False,False,5.0,0.084336,0.850281,-21.48,0.123868,1441.768,187.744,61.612,3.2,high,high,low,False,False,False,False,False,neutral,high,0,no strong signal,low,NO_STRONG_SIGNAL,en_AU_Banking_1592666:turn:124,1.0,1.0.0,conversation_risk_v1,heuristic_proxy,False,faster-whisper/small,cardiffnlp/twitter-roberta-base-sentiment-latest
en_AU_Banking_1592666,125,agent,channel1,91,461.12,462.12,regular expenses.,neutral,0.7284,False,False,False,False,False,1.0,0.098786,0.569,-20.106,0.125153,1504.774,155.757,44.513,2.0,high,low,low,False,False,False,False,False,neutral,medium,0,no strong signal,low,NO_STRONG_SIGNAL,en_AU_Banking_1592666:turn:125,1.0,1.0.0,conversation_risk_v1,heuristic_proxy,False,faster-whisper/small,cardiffnlp/twitter-roberta-base-sentiment-latest
en_AU_Banking_1592666,126,agent,channel1,92,462.12,463.12,What were you thinking?,neutral,0.8692,False,False,True,False,False,1.0,0.082002,0.449036,-21.724,0.155594,1649.157,197.505,75.206,4.0,high,high,medium,False,False,True,False,False,neutral,high,0,agent probing question detected,low,AGENT_PROBING,en_AU_Banking_1592666:turn:126,1.0,1.0.0,conversation_risk_v1,heuristic_proxy,False,faster-whisper/small,cardiffnlp/twitter-roberta-base-sentiment-latest
en_AU_Banking_1592666,127,customer,channel2,35,462.54,477.54,"I don't know, like, could I set it to maintain 1500? You know, that should cover my regular bills, things like groceries, things like that without me having to worry.",neutral,0.6582,False,False,False,False,False,15.0,0.06159,0.58194,-24.21,0.143779,1942.514,217.888,107.158,2.0,medium,low,medium,False,False,False,False,False,neutral,medium,5,medium customer vocal intensity,low,CUST_MEDIUM_VOCAL_INTENSITY,en_AU_Banking_1592666:turn:127,1.0,1.0.0,conversation_risk_v1,heuristic_proxy,False,faster-whisper/small,cardiffnlp/twitter-roberta-base-sentiment-latest
en_AU_Banking_1592666,128,agent,channel1,93,480.12,481.12,Yeah.,neutral,0.5798,False,False,False,False,False,1.0,0.096203,0.885223,-20.336,0.141113,1724.348,227.991,125.478,1.0,high,low,medium,False,False,False,False,False,neutral,medium,0,no strong signal,low,NO_STRONG_SIGNAL,en_AU_Banking_1592666:turn:128,1.0,1.0.0,conversation_risk_v1,heuristic_proxy,False,faster-whisper/small,cardiffnlp/twitter-roberta-base-sentiment-latest
en_AU_Banking_1592666,129,agent,channel1,94,481.12,483.12,"Look, absolutely $1,500 is perfect.",positive,0.9704,False,False,False,False,False,2.0,0.076277,0.449585,-22.352,0.153809,2004.819,240.096,71.677,2.5,medium,medium,high,False,False,False,False,False,positive,medium,0,no strong signal,low,NO_STRONG_SIGNAL,en_AU_Banking_1592666:turn:129,1.0,1.0.0,conversation_risk_v1,heuristic_proxy,False,faster-whisper/small,cardiffnlp/twitter-roberta-base-sentiment-latest
en_AU_Banking_1592666,130,agent,channel1,95,483.12,488.12,"Now I can set up the parameters for you right now over the phone, but you need to log into",neutral,0.9049,False,False,False,False,False,5.0,0.087378,0.693542,-21.172,0.15968,1791.783,228.988,76.883,4.0,high,high,medium,False,False,False,False,False,neutral,high,0,no strong signal,low,NO_STRONG_SIGNAL,en_AU_Banking_1592666:turn:130,1.0,1.0.0,conversation_risk_v1,heuristic_proxy,False,faster-whisper/small,cardiffnlp/twitter-roberta-base-sentiment-latest
en_AU_Banking_1592666,131,agent,channel1,96,488.12,493.12,NetBank or the ComBank app to give final authorization for the recurring transfer.,neutral,0.9137,False,False,False,False,False,5.0,0.05837,0.527588,-24.676,0.133074,1575.743,192.28,59.146,2.6,medium,medium,low,False,False,False,False,False,neutral,medium,0,no strong signal,low,NO_STRONG_SIGNAL,en_AU_Banking_1592666:turn:131,1.0,1.0.0,conversation_risk_v1,heuristic_proxy,False,faster-whisper/small,cardiffnlp/twitter-roberta-base-sentiment-latest
en_AU_Banking_1592666,132,customer,channel2,36,492.54,521.54,"Oh, I can do it in the app myself. I've got it on my phone. Do I just go to transfers? Like, which part do I go to?",neutral,0.8786,False,False,False,False,False,29.0,0.039,0.585602,-28.179,0.103179,2134.299,256.511,134.406,0.966,low,low,high,False,False,False,False,False,neutral,medium,5,medium customer vocal intensity,low,CUST_MEDIUM_VOCAL_INTENSITY,en_AU_Banking_1592666:turn:132,1.0,1.0.0,conversation_risk_v1,heuristic_proxy,False,faster-whisper/small,cardiffnlp/twitter-roberta-base-sentiment-latest
en_AU_Banking_1592666,133,agent,channel1,97,493.12,497.12,"It's just an extra security measure we have in place, of course.",neutral,0.8275,False,False,False,False,False,4.0,0.080092,0.688049,-21.928,0.202218,2147.296,213.72,84.369,3.0,high,high,medium,False,False,False,False,False,neutral,high,0,no strong signal,low,NO_STRONG_SIGNAL,en_AU_Banking_1592666:turn:133,1.0,1.0.0,conversation_risk_v1,heuristic_proxy,False,faster-whisper/small,cardiffnlp/twitter-roberta-base-sentiment-latest
en_AU_Banking_1592666,134,agent,channel1,98,497.12,502.12,"So if you put, or actually Maria, if you prefer, I can talk you through setting it up yourself",neutral,0.8968,False,False,False,False,False,5.0,0.072822,0.544434,-22.755,0.169188,1743.476,195.353,67.802,3.8,medium,high,low,False,False,False,False,False,neutral,medium,0,no strong signal,low,NO_STRONG_SIGNAL,en_AU_Banking_1592666:turn:134,1.0,1.0.0,conversation_risk_v1,heuristic_proxy,False,faster-whisper/small,cardiffnlp/twitter-roberta-base-sentiment-latest
en_AU_Banking_1592666,135,agent,channel1,99,502.12,503.12,right now.,neutral,0.8178,False,False,False,False,False,1.0,0.062912,0.404449,-24.025,0.157486,1357.35,170.914,53.092,2.0,medium,low,low,False,False,False,False,False,neutral,medium,0,no strong signal,low,NO_STRONG_SIGNAL,en_AU_Banking_1592666:turn:135,1.0,1.0.0,conversation_risk_v1,heuristic_proxy,False,faster-whisper/small,cardiffnlp/twitter-roberta-base-sentiment-latest
en_AU_Banking_1592666,136,agent,channel1,100,503.12,507.12,"Look, it only takes a couple of minutes and it's really straightforward.",positive,0.8881,False,False,False,False,False,4.0,0.072071,0.730896,-22.845,0.137478,1587.011,175.621,78.258,3.0,medium,high,low,False,False,False,False,False,positive,medium,0,no strong signal,low,NO_STRONG_SIGNAL,en_AU_Banking_1592666:turn:136,1.0,1.0.0,conversation_risk_v1,heuristic_proxy,False,faster-whisper/small,cardiffnlp/twitter-roberta-base-sentiment-latest
en_AU_Banking_1592666,137,agent,channel1,101,515.12,517.12,"Yeah, that's exactly it.",neutral,0.4534,False,False,False,False,False,2.0,0.102061,0.999969,-19.823,0.083186,1475.838,230.225,111.468,2.0,high,low,medium,False,False,False,False,False,neutral,medium,0,no strong signal,low,NO_STRONG_SIGNAL,en_AU_Banking_1592666:turn:137,1.0,1.0.0,conversation_risk_v1,heuristic_proxy,False,faster-whisper/small,cardiffnlp/twitter-roberta-base-sentiment-latest
en_AU_Banking_1592666,138,agent,channel1,102,517.12,523.12,"So if you open your ComBank app, have you, are you opening the app now?",neutral,0.9357,False,False,True,False,False,6.0,0.055258,0.585938,-25.152,0.114336,1425.826,209.322,107.093,2.5,medium,medium,medium,False,False,True,False,False,neutral,medium,0,agent probing question detected,low,AGENT_PROBING,en_AU_Banking_1592666:turn:138,1.0,1.0.0,conversation_risk_v1,heuristic_proxy,False,faster-whisper/small,cardiffnlp/twitter-roberta-base-sentiment-latest
en_AU_Banking_1592666,139,customer,channel2,37,522.54,541.54,"Yep. Yep. Okay, yep.",positive,0.799,False,False,False,False,False,19.0,0.01747,0.453064,-35.154,0.05036,1664.688,285.365,139.321,0.211,low,low,high,False,False,False,False,False,positive,medium,5,medium customer vocal intensity,low,CUST_MEDIUM_VOCAL_INTENSITY,en_AU_Banking_1592666:turn:139,1.0,1.0.0,conversation_risk_v1,heuristic_proxy,False,faster-whisper/small,cardiffnlp/twitter-roberta-base-sentiment-latest
en_AU_Banking_1592666,140,agent,channel1,103,523.12,524.12,Yep.,neutral,0.5717,False,False,False,False,False,1.0,0.018825,0.204987,-34.505,0.026001,603.49,298.787,130.257,1.0,low,low,high,False,False,False,False,False,neutral,medium,0,no strong signal,low,NO_STRONG_SIGNAL,en_AU_Banking_1592666:turn:140,1.0,1.0.0,conversation_risk_v1,heuristic_proxy,False,faster-whisper/small,cardiffnlp/twitter-roberta-base-sentiment-latest
en_AU_Banking_1592666,141,agent,channel1,104,524.12,525.12,"Okay, great.",positive,0.9292,False,False,False,False,False,1.0,0.067848,0.48941,-23.369,0.091354,1277.585,217.373,91.37,2.0,medium,low,medium,False,False,False,False,False,positive,medium,0,no strong signal,low,NO_STRONG_SIGNAL,en_AU_Banking_1592666:turn:141,1.0,1.0.0,conversation_risk_v1,heuristic_proxy,False,faster-whisper/small,cardiffnlp/twitter-roberta-base-sentiment-latest
en_AU_Banking_1592666,142,agent,channel1,105,525.12,536.12,"So yeah, if you open the ComBank app, then you go to transfer.",neutral,0.9189,False,False,False,False,False,11.0,0.053504,0.715607,-25.432,0.08538,1276.636,239.58,125.167,1.182,medium,low,high,False,False,False,False,False,neutral,medium,0,no strong signal,low,NO_STRONG_SIGNAL,en_AU_Banking_1592666:turn:142,1.0,1.0.0,conversation_risk_v1,heuristic_proxy,False,faster-whisper/small,cardiffnlp/twitter-roberta-base-sentiment-latest
en_AU_Banking_1592666,143,agent,channel1,106,536.12,544.12,So then you'll see an option that says manage recurring transfers or set up recurring transfer.,neutral,0.9283,False,False,False,False,False,8.0,0.054557,0.515808,-25.263,0.129793,1484.182,213.938,115.294,2.0,medium,low,medium,False,False,False,False,False,neutral,medium,0,no strong signal,low,NO_STRONG_SIGNAL,en_AU_Banking_1592666:turn:143,1.0,1.0.0,conversation_risk_v1,heuristic_proxy,False,faster-whisper/small,cardiffnlp/twitter-roberta-base-sentiment-latest
en_AU_Banking_1592666,144,customer,channel2,38,541.54,548.54,"I think, yep, okay.",positive,0.7877,False,False,False,False,False,7.0,0.049231,0.453522,-26.155,0.073291,1848.255,256.069,133.449,0.571,low,low,high,False,False,False,False,False,positive,medium,5,medium customer vocal intensity,low,CUST_MEDIUM_VOCAL_INTENSITY,en_AU_Banking_1592666:turn:144,1.0,1.0.0,conversation_risk_v1,heuristic_proxy,False,faster-whisper/small,cardiffnlp/twitter-roberta-base-sentiment-latest
en_AU_Banking_1592666,145,agent,channel1,107,544.12,545.12,Yep.,neutral,0.5717,False,False,False,False,False,1.0,0.088467,0.713684,-21.064,0.122711,1589.652,262.452,94.703,1.0,high,low,high,False,False,False,False,False,neutral,high,0,no strong signal,low,NO_STRONG_SIGNAL,en_AU_Banking_1592666:turn:145,1.0,1.0.0,conversation_risk_v1,heuristic_proxy,False,faster-whisper/small,cardiffnlp/twitter-roberta-base-sentiment-latest
en_AU_Banking_1592666,146,agent,channel1,108,545.12,548.12,So tap on that and you'll be able to set up the automatic top up.,neutral,0.8721,False,False,False,False,False,3.0,0.07502,0.662231,-22.496,0.103069,1268.318,204.471,103.143,5.0,medium,high,medium,False,False,False,False,False,neutral,medium,0,no strong signal,low,NO_STRONG_SIGNAL,en_AU_Banking_1592666:turn:146,1.0,1.0.0,conversation_risk_v1,heuristic_proxy,False,faster-whisper/small,cardiffnlp/twitter-roberta-base-sentiment-latest
en_AU_Banking_1592666,147,customer,channel2,39,548.54,570.54,"All right, can I hang on? I just want to make sure I'm in the right area. So I'm in the app. I can see transfer money and then, oh, yep, I can see it. Scheduled, I transfer. Is that it?",neutral,0.6422,False,False,False,False,False,22.0,0.044919,0.879242,-26.951,0.076588,1632.562,264.423,122.674,1.864,low,low,high,False,False,False,False,False,neutral,medium,5,medium customer vocal intensity,low,CUST_MEDIUM_VOCAL_INTENSITY,en_AU_Banking_1592666:turn:147,1.0,1.0.0,conversation_risk_v1,heuristic_proxy,False,faster-whisper/small,cardiffnlp/twitter-roberta-base-sentiment-latest
en_AU_Banking_1592666,148,agent,channel1,109,560.12,561.12,"Yep, that's the one.",positive,0.6051,False,False,False,False,False,1.0,0.113659,0.828827,-18.888,0.116821,1169.592,213.006,92.488,4.0,high,high,medium,False,False,False,False,False,positive,high,0,no strong signal,low,NO_STRONG_SIGNAL,en_AU_Banking_1592666:turn:148,1.0,1.0.0,conversation_risk_v1,heuristic_proxy,False,faster-whisper/small,cardiffnlp/twitter-roberta-base-sentiment-latest
en_AU_Banking_1592666,149,agent,channel1,110,561.12,567.12,So now what you'll want to do is select your NetBank saver as the from account and,neutral,0.9177,False,False,False,False,False,6.0,0.084572,0.734192,-21.455,0.160364,1754.114,217.667,73.259,2.833,high,medium,medium,False,False,False,False,False,neutral,medium,0,no strong signal,low,NO_STRONG_SIGNAL,en_AU_Banking_1592666:turn:149,1.0,1.0.0,conversation_risk_v1,heuristic_proxy,False,faster-whisper/small,cardiffnlp/twitter-roberta-base-sentiment-latest
en_AU_Banking_1592666,150,agent,channel1,111,567.12,570.12,your smart access as the to account.,neutral,0.8357,False,False,False,False,False,3.0,0.037324,0.309326,-28.56,0.171859,1858.519,163.991,80.663,2.333,low,medium,low,False,False,False,False,False,neutral,low,0,no strong signal,low,NO_STRONG_SIGNAL,en_AU_Banking_1592666:turn:150,1.0,1.0.0,conversation_risk_v1,heuristic_proxy,False,faster-whisper/small,cardiffnlp/twitter-roberta-base-sentiment-latest
en_AU_Banking_1592666,151,customer,channel2,40,570.54,589.54,"Okay, I get so mixed up with the account names. Yeah. Okay. Thanks, Danielle. Done.",neutral,0.5679,False,False,False,False,False,19.0,0.036495,0.615082,-28.755,0.055633,1575.467,274.416,130.152,0.789,low,low,high,False,False,False,False,False,neutral,medium,5,medium customer vocal intensity,low,CUST_MEDIUM_VOCAL_INTENSITY,en_AU_Banking_1592666:turn:151,1.0,1.0.0,conversation_risk_v1,heuristic_proxy,False,faster-whisper/small,cardiffnlp/twitter-roberta-base-sentiment-latest
en_AU_Banking_1592666,152,agent,channel1,112,575.12,579.12,"Okay, excellent.",positive,0.943,False,False,False,False,False,4.0,0.030157,0.583313,-30.412,0.041299,1195.559,306.731,131.907,0.5,low,low,high,False,False,False,False,False,positive,medium,0,no strong signal,low,NO_STRONG_SIGNAL,en_AU_Banking_1592666:turn:152,1.0,1.0.0,conversation_risk_v1,heuristic_proxy,False,faster-whisper/small,cardiffnlp/twitter-roberta-base-sentiment-latest
en_AU_Banking_1592666,153,agent,channel1,113,579.12,582.12,So now you should see some options for how you want the transfer to work.,neutral,0.9018,False,False,False,False,False,3.0,0.065601,0.477997,-23.662,0.169345,1667.988,182.029,58.51,5.0,medium,high,low,False,False,False,False,False,neutral,medium,0,no strong signal,low,NO_STRONG_SIGNAL,en_AU_Banking_1592666:turn:153,1.0,1.0.0,conversation_risk_v1,heuristic_proxy,False,faster-whisper/small,cardiffnlp/twitter-roberta-base-sentiment-latest
en_AU_Banking_1592666,154,agent,channel1,114,582.12,587.12,One of them will say something like maintain minimum balance or keep my balance at.,neutral,0.8073,False,False,False,False,False,5.0,0.091417,0.882904,-20.779,0.137605,1689.466,201.399,62.121,3.0,high,high,medium,False,False,False,False,False,neutral,high,0,no strong signal,low,NO_STRONG_SIGNAL,en_AU_Banking_1592666:turn:154,1.0,1.0.0,conversation_risk_v1,heuristic_proxy,False,faster-whisper/small,cardiffnlp/twitter-roberta-base-sentiment-latest
en_AU_Banking_1592666,155,agent,channel1,115,587.12,588.12,That's the one you want.,neutral,0.7268,False,False,False,False,False,1.0,0.073383,0.772827,-22.688,0.15506,1664.506,141.575,59.755,5.0,medium,high,low,False,False,False,False,False,neutral,medium,0,no strong signal,low,NO_STRONG_SIGNAL,en_AU_Banking_1592666:turn:155,1.0,1.0.0,conversation_risk_v1,heuristic_proxy,False,faster-whisper/small,cardiffnlp/twitter-roberta-base-sentiment-latest
en_AU_Banking_1592666,156,agent,channel1,116,588.12,589.12,Can you see that?,neutral,0.9014,False,False,True,False,False,1.0,0.078505,0.913391,-22.102,0.180084,2121.27,174.56,59.624,4.0,high,high,low,False,False,True,False,False,neutral,high,0,agent probing question detected,low,AGENT_PROBING,en_AU_Banking_1592666:turn:156,1.0,1.0.0,conversation_risk_v1,heuristic_proxy,False,faster-whisper/small,cardiffnlp/twitter-roberta-base-sentiment-latest
en_AU_Banking_1592666,157,customer,channel2,41,589.54,598.54,"Hold on. Let me, I'm just, I'm really not good with this sort of tech stuff.",negative,0.8151,False,False,False,False,False,9.0,0.05009,0.331726,-26.005,0.139016,1767.002,183.311,87.542,1.778,low,low,low,False,False,False,False,False,negative,low,15,negative customer sentiment,low,CUST_NEGATIVE_SENTIMENT,en_AU_Banking_1592666:turn:157,1.0,1.0.0,conversation_risk_v1,heuristic_proxy,False,faster-whisper/small,cardiffnlp/twitter-roberta-base-sentiment-latest
en_AU_Banking_1592666,158,customer,channel2,42,598.54,618.54,"Oh, yeah, I can see it. Okay. So I keep my balance at a minimum amount. Perfect. So I just put 1500 here.",positive,0.6446,False,False,False,False,False,20.0,0.031698,0.734283,-29.979,0.069244,1729.608,272.212,126.769,1.15,low,low,high,False,False,False,False,False,positive,medium,5,medium customer vocal intensity,low,CUST_MEDIUM_VOCAL_INTENSITY,en_AU_Banking_1592666:turn:158,1.0,1.0.0,conversation_risk_v1,heuristic_proxy,False,faster-whisper/small,cardiffnlp/twitter-roberta-base-sentiment-latest
en_AU_Banking_1592666,159,agent,channel1,117,605.12,607.12,"Yep, that's exactly right.",positive,0.873,False,False,False,False,False,2.0,0.000329,0.003235,-69.664,0.01685,979.331,310.306,137.265,2.0,low,low,high,False,False,False,False,False,positive,medium,0,no strong signal,low,NO_STRONG_SIGNAL,en_AU_Banking_1592666:turn:159,1.0,1.0.0,conversation_risk_v1,heuristic_proxy,False,faster-whisper/small,cardiffnlp/twitter-roberta-base-sentiment-latest
en_AU_Banking_1592666,160,agent,channel1,118,607.12,611.12,And what it'll do is it'll ask you to confirm which account to transfer from.,neutral,0.8021,False,False,False,False,False,4.0,0.068061,0.744202,-23.342,0.064027,1142.502,214.553,113.791,3.75,medium,high,medium,False,False,False,False,False,neutral,medium,0,no strong signal,low,NO_STRONG_SIGNAL,en_AU_Banking_1592666:turn:160,1.0,1.0.0,conversation_risk_v1,heuristic_proxy,False,faster-whisper/small,cardiffnlp/twitter-roberta-base-sentiment-latest
en_AU_Banking_1592666,161,agent,channel1,119,611.12,615.12,"If you go below that amount, that'll be your savings account.",neutral,0.767,False,False,False,False,False,4.0,0.05824,0.422363,-24.696,0.155975,1526.422,174.919,70.013,2.75,medium,medium,low,False,False,False,False,False,neutral,medium,0,no strong signal,low,NO_STRONG_SIGNAL,en_AU_Banking_1592666:turn:161,1.0,1.0.0,conversation_risk_v1,heuristic_proxy,False,faster-whisper/small,cardiffnlp/twitter-roberta-base-sentiment-latest
en_AU_Banking_1592666,162,customer,channel2,43,618.54,644.54,"Oh, got it. Okay, done. All right. So do I need to set a minimum transfer amount or anything?",neutral,0.7645,False,False,False,False,False,26.0,0.031615,0.442383,-30.002,0.04185,1567.219,297.972,131.621,0.731,low,low,high,False,False,False,False,False,neutral,medium,5,medium customer vocal intensity,low,CUST_MEDIUM_VOCAL_INTENSITY,en_AU_Banking_1592666:turn:162,1.0,1.0.0,conversation_risk_v1,heuristic_proxy,False,faster-whisper/small,cardiffnlp/twitter-roberta-base-sentiment-latest
en_AU_Banking_1592666,163,agent,channel1,120,623.12,625.12,"Look, good thinking.",positive,0.9225,False,False,False,False,False,2.0,5e-05,0.000702,-86.086,0.00744,716.032,323.651,132.498,1.5,low,low,high,False,False,False,False,False,positive,medium,0,no strong signal,low,NO_STRONG_SIGNAL,en_AU_Banking_1592666:turn:163,1.0,1.0.0,conversation_risk_v1,heuristic_proxy,False,faster-whisper/small,cardiffnlp/twitter-roberta-base-sentiment-latest
en_AU_Banking_1592666,164,agent,channel1,121,625.12,631.12,"Yes, you can set a maximum if you want, which is handy if you want to make sure you're",positive,0.4979,False,False,False,False,False,6.0,0.091999,0.978668,-20.724,0.126834,1491.717,227.71,106.05,3.167,high,high,medium,False,False,False,False,False,positive,high,0,no strong signal,low,NO_STRONG_SIGNAL,en_AU_Banking_1592666:turn:164,1.0,1.0.0,conversation_risk_v1,heuristic_proxy,False,faster-whisper/small,cardiffnlp/twitter-roberta-base-sentiment-latest
en_AU_Banking_1592666,165,agent,channel1,122,631.12,633.12,not accidentally draining your savings.,neutral,0.6023,False,False,False,False,False,2.0,0.069759,0.411926,-23.128,0.130022,1547.904,210.834,83.538,2.5,medium,medium,medium,False,False,False,False,False,neutral,medium,0,no strong signal,low,NO_STRONG_SIGNAL,en_AU_Banking_1592666:turn:165,1.0,1.0.0,conversation_risk_v1,heuristic_proxy,False,faster-whisper/small,cardiffnlp/twitter-roberta-base-sentiment-latest
en_AU_Banking_1592666,166,agent,channel1,123,633.12,637.12,"A lot of people set it to something like $2,000 or $3,000.",neutral,0.8353,False,False,False,False,False,4.0,0.091947,0.879425,-20.729,0.15015,1541.933,189.553,70.872,3.0,high,high,low,False,False,False,False,False,neutral,high,0,no strong signal,low,NO_STRONG_SIGNAL,en_AU_Banking_1592666:turn:166,1.0,1.0.0,conversation_risk_v1,heuristic_proxy,False,faster-whisper/small,cardiffnlp/twitter-roberta-base-sentiment-latest
en_AU_Banking_1592666,167,agent,channel1,124,637.12,642.12,"That way if something unusual happens, it won't transfer your entire savings across.",neutral,0.8093,False,False,False,False,False,5.0,0.100708,0.887939,-19.939,0.148624,1721.585,200.277,71.043,2.6,high,medium,medium,False,False,False,False,False,neutral,medium,0,no strong signal,low,NO_STRONG_SIGNAL,en_AU_Banking_1592666:turn:167,1.0,1.0.0,conversation_risk_v1,heuristic_proxy,False,faster-whisper/small,cardiffnlp/twitter-roberta-base-sentiment-latest
en_AU_Banking_1592666,168,agent,channel1,125,642.12,644.12,"Oh, how lovely.",positive,0.96,False,False,False,False,False,2.0,0.071019,0.383728,-22.972,0.190747,1886.622,188.265,84.512,1.5,medium,low,low,False,False,False,False,False,positive,medium,0,no strong signal,low,NO_STRONG_SIGNAL,en_AU_Banking_1592666:turn:168,1.0,1.0.0,conversation_risk_v1,heuristic_proxy,False,faster-whisper/small,cardiffnlp/twitter-roberta-base-sentiment-latest
en_AU_Banking_1592666,169,agent,channel1,126,644.12,647.12,"Yeah, look, the gold coast is beautiful in January.",positive,0.978,False,False,False,False,False,3.0,0.027912,0.387756,-31.084,0.116907,1592.665,259.598,142.157,3.0,low,high,high,False,False,False,False,False,positive,medium,0,no strong signal,low,NO_STRONG_SIGNAL,en_AU_Banking_1592666:turn:169,1.0,1.0.0,conversation_risk_v1,heuristic_proxy,False,faster-whisper/small,cardiffnlp/twitter-roberta-base-sentiment-latest
en_AU_Banking_1592666,170,customer,channel2,44,644.54,655.54,"Oh, that's what I meant maximum. Yeah, that's really smart. I'll set it to 2000 max just to be safe. I've got a bit of a buffer in my savings that I want to keep for emergencies.",positive,0.7716,False,False,False,False,False,11.0,0.056193,0.613281,-25.006,0.141427,1720.005,201.246,75.838,3.364,medium,high,medium,False,False,False,False,False,positive,medium,5,medium customer vocal intensity,low,CUST_MEDIUM_VOCAL_INTENSITY,en_AU_Banking_1592666:turn:170,1.0,1.0.0,conversation_risk_v1,heuristic_proxy,False,faster-whisper/small,cardiffnlp/twitter-roberta-base-sentiment-latest
en_AU_Banking_1592666,171,agent,channel1,127,647.12,651.12,"Look, great idea to keep that emergency fund separate.",positive,0.956,False,False,False,False,False,4.0,4.9e-05,0.001251,-86.198,0.018051,980.584,326.574,130.289,2.25,low,medium,high,False,False,False,False,False,positive,medium,0,no strong signal,low,NO_STRONG_SIGNAL,en_AU_Banking_1592666:turn:171,1.0,1.0.0,conversation_risk_v1,heuristic_proxy,False,faster-whisper/small,cardiffnlp/twitter-roberta-base-sentiment-latest
en_AU_Banking_1592666,172,agent,channel1,128,651.12,652.12,"Look, right, Maria?",neutral,0.7511,False,False,True,False,False,1.0,1.6e-05,0.000214,-95.765,0.014511,752.947,347.178,113.069,3.0,low,high,high,False,False,True,False,False,neutral,medium,0,agent probing question detected,low,AGENT_PROBING,en_AU_Banking_1592666:turn:172,1.0,1.0.0,conversation_risk_v1,heuristic_proxy,False,faster-whisper/small,cardiffnlp/twitter-roberta-base-sentiment-latest
en_AU_Banking_1592666,173,agent,channel1,129,652.12,655.12,"So once you set that maximum, you should do the same thing.",neutral,0.851,False,False,False,False,False,3.0,1.3e-05,0.000153,-97.846,0.017391,1062.597,337.039,122.563,4.0,low,high,high,False,False,False,False,False,neutral,medium,0,no strong signal,low,NO_STRONG_SIGNAL,en_AU_Banking_1592666:turn:173,1.0,1.0.0,conversation_risk_v1,heuristic_proxy,False,faster-whisper/small,cardiffnlp/twitter-roberta-base-sentiment-latest
en_AU_Banking_1592666,174,agent,channel1,130,655.12,659.12,So you can set a maximum if you want to make sure you're not accidentally draining,neutral,0.7784,False,False,False,False,False,4.0,1.8e-05,0.000305,-94.739,0.016667,1028.109,327.092,127.166,4.0,low,high,high,False,False,False,False,False,neutral,medium,0,no strong signal,low,NO_STRONG_SIGNAL,en_AU_Banking_1592666:turn:174,1.0,1.0.0,conversation_risk_v1,heuristic_proxy,False,faster-whisper/small,cardiffnlp/twitter-roberta-base-sentiment-latest
en_AU_Banking_1592666,175,customer,channel2,45,655.54,683.54,"We're hoping to go up to the Gold Coast, for example. That's one thing. Maybe January. Yeah.",neutral,0.6805,False,False,False,False,False,28.0,0.01926,0.312927,-34.307,0.033759,1545.913,297.28,128.847,0.607,low,low,high,False,False,False,False,False,neutral,medium,5,medium customer vocal intensity,low,CUST_MEDIUM_VOCAL_INTENSITY,en_AU_Banking_1592666:turn:175,1.0,1.0.0,conversation_risk_v1,heuristic_proxy,False,faster-whisper/small,cardiffnlp/twitter-roberta-base-sentiment-latest
en_AU_Banking_1592666,176,agent,channel1,131,659.12,660.12,your savings account.,neutral,0.8108,False,False,False,False,False,1.0,1.3e-05,0.000153,-97.549,0.018906,876.336,343.243,118.54,3.0,low,high,high,False,False,False,False,False,neutral,medium,0,no strong signal,low,NO_STRONG_SIGNAL,en_AU_Banking_1592666:turn:176,1.0,1.0.0,conversation_risk_v1,heuristic_proxy,False,faster-whisper/small,cardiffnlp/twitter-roberta-base-sentiment-latest
en_AU_Banking_1592666,177,agent,channel1,132,660.12,664.12,And then you can set a maximum if you want to make sure you're not accidentally,neutral,0.844,False,False,False,False,False,4.0,0.092938,0.793488,-20.636,0.094293,1418.849,240.716,93.206,4.0,high,high,high,False,False,False,False,False,neutral,high,0,no strong signal,low,NO_STRONG_SIGNAL,en_AU_Banking_1592666:turn:177,1.0,1.0.0,conversation_risk_v1,heuristic_proxy,False,faster-whisper/small,cardiffnlp/twitter-roberta-base-sentiment-latest
en_AU_Banking_1592666,178,agent,channel1,133,664.12,666.12,draining your savings account.,neutral,0.5694,False,False,False,False,False,2.0,0.084013,0.704407,-21.513,0.086449,1281.527,203.052,85.169,2.0,high,low,medium,False,False,False,False,False,neutral,medium,0,no strong signal,low,NO_STRONG_SIGNAL,en_AU_Banking_1592666:turn:178,1.0,1.0.0,conversation_risk_v1,heuristic_proxy,False,faster-whisper/small,cardiffnlp/twitter-roberta-base-sentiment-latest
en_AU_Banking_1592666,179,agent,channel1,134,666.12,669.12,So you can set a maximum if you want to make sure you're not accidentally,neutral,0.8402,False,False,False,False,False,3.0,0.061021,0.458618,-24.29,0.151315,1610.686,187.052,83.843,5.0,medium,high,low,False,False,False,False,False,neutral,medium,0,no strong signal,low,NO_STRONG_SIGNAL,en_AU_Banking_1592666:turn:179,1.0,1.0.0,conversation_risk_v1,heuristic_proxy,False,faster-whisper/small,cardiffnlp/twitter-roberta-base-sentiment-latest
en_AU_Banking_1592666,180,agent,channel1,135,669.12,670.12,draining your savings account.,neutral,0.5694,False,False,False,False,False,1.0,0.142803,0.773743,-16.905,0.080444,1230.43,243.786,27.774,4.0,high,high,high,False,False,False,False,False,neutral,high,0,no strong signal,low,NO_STRONG_SIGNAL,en_AU_Banking_1592666:turn:180,1.0,1.0.0,conversation_risk_v1,heuristic_proxy,False,faster-whisper/small,cardiffnlp/twitter-roberta-base-sentiment-latest
en_AU_Banking_1592666,181,agent,channel1,136,670.12,671.12,"Look, right, Maria?",neutral,0.7511,False,False,True,False,False,1.0,0.10364,0.592957,-19.689,0.145065,1719.993,252.077,46.677,3.0,high,high,high,False,False,True,False,False,neutral,high,0,agent probing question detected,low,AGENT_PROBING,en_AU_Banking_1592666:turn:181,1.0,1.0.0,conversation_risk_v1,heuristic_proxy,False,faster-whisper/small,cardiffnlp/twitter-roberta-base-sentiment-latest
en_AU_Banking_1592666,182,agent,channel1,137,671.12,675.12,"So once you set that maximum, you should just need to review and confirm the",neutral,0.9015,False,False,False,False,False,4.0,0.073017,0.68158,-22.732,0.168504,1686.618,193.94,76.044,3.75,medium,high,low,False,False,False,False,False,neutral,medium,0,no strong signal,low,NO_STRONG_SIGNAL,en_AU_Banking_1592666:turn:182,1.0,1.0.0,conversation_risk_v1,heuristic_proxy,False,faster-whisper/small,cardiffnlp/twitter-roberta-base-sentiment-latest
en_AU_Banking_1592666,183,agent,channel1,138,675.12,678.12,"details, then you'll be all set up.",neutral,0.7061,False,False,False,False,False,3.0,0.097167,0.971771,-20.25,0.088109,998.778,171.045,87.457,2.333,high,medium,low,False,False,False,False,False,neutral,medium,0,no strong signal,low,NO_STRONG_SIGNAL,en_AU_Banking_1592666:turn:183,1.0,1.0.0,conversation_risk_v1,heuristic_proxy,False,faster-whisper/small,cardiffnlp/twitter-roberta-base-sentiment-latest
en_AU_Banking_1592666,184,agent,channel1,139,678.12,681.12,Was there something else sorry that you mentioned?,negative,0.6593,False,False,True,False,False,3.0,0.158059,0.981903,-16.024,0.129846,1529.089,232.512,56.375,2.667,high,medium,medium,False,False,True,False,False,negative,medium,3,negative agent sentiment | agent probing question detected,low,AGENT_NEGATIVE_SENTIMENT|AGENT_PROBING,en_AU_Banking_1592666:turn:184,1.0,1.0.0,conversation_risk_v1,heuristic_proxy,False,faster-whisper/small,cardiffnlp/twitter-roberta-base-sentiment-latest
en_AU_Banking_1592666,185,agent,channel1,140,681.12,683.12,I don't know if I cut you off there a bit earlier.,neutral,0.6563,False,False,False,False,False,2.0,0.093942,0.472626,-20.543,0.081101,1010.847,216.465,59.841,6.0,high,high,medium,False,False,False,False,False,neutral,high,0,no strong signal,low,NO_STRONG_SIGNAL,en_AU_Banking_1592666:turn:185,1.0,1.0.0,conversation_risk_v1,heuristic_proxy,False,faster-whisper/small,cardiffnlp/twitter-roberta-base-sentiment-latest
en_AU_Banking_1592666,186,customer,channel2,46,683.54,688.54,"I don't know. It's okay. I just got a bit nervous, Danielle, with this stuff. Like I just feel like I'm going to do something wrong.",negative,0.7466,False,False,False,False,False,5.0,0.061952,0.501953,-24.159,0.123824,1571.9,241.058,60.83,5.2,medium,high,high,False,False,False,False,False,negative,high,30,negative customer sentiment | high customer vocal intensity,medium,CUST_NEGATIVE_SENTIMENT|CUST_HIGH_VOCAL_INTENSITY,en_AU_Banking_1592666:turn:186,1.0,1.0.0,conversation_risk_v1,heuristic_proxy,False,faster-whisper/small,cardiffnlp/twitter-roberta-base-sentiment-latest
en_AU_Banking_1592666,187,customer,channel2,47,688.54,700.54,"But it's asking me to review everything. It's saying maintain $1500 minimum in smart access, transfer from net bank saver, maximum transfer 2000.",neutral,0.7477,False,False,False,False,False,12.0,0.032899,0.298096,-29.656,0.147184,1678.833,199.087,61.922,1.917,low,low,medium,False,False,False,False,False,neutral,low,0,no strong signal,low,NO_STRONG_SIGNAL,en_AU_Banking_1592666:turn:187,1.0,1.0.0,conversation_risk_v1,heuristic_proxy,False,faster-whisper/small,cardiffnlp/twitter-roberta-base-sentiment-latest
en_AU_Banking_1592666,188,agent,channel1,141,699.12,716.12,Perfect.,positive,0.9075,False,False,False,False,False,17.0,0.021138,0.522552,-33.499,0.025156,976.506,309.333,139.676,0.059,low,low,high,False,False,False,False,False,positive,medium,0,no strong signal,low,NO_STRONG_SIGNAL,en_AU_Banking_1592666:turn:188,1.0,1.0.0,conversation_risk_v1,heuristic_proxy,False,faster-whisper/small,cardiffnlp/twitter-roberta-base-sentiment-latest
en_AU_Banking_1592666,189,customer,channel2,48,700.54,708.54,That all looks right. So I just hit confirm and it's asking for my net bank password. Hang on a sec.,neutral,0.7225,False,False,False,False,False,8.0,0.049083,0.442719,-26.181,0.136944,1700.418,210.557,85.525,2.625,low,medium,medium,False,False,False,False,False,neutral,low,0,no strong signal,low,NO_STRONG_SIGNAL,en_AU_Banking_1592666:turn:189,1.0,1.0.0,conversation_risk_v1,heuristic_proxy,False,faster-whisper/small,cardiffnlp/twitter-roberta-base-sentiment-latest
en_AU_Banking_1592666,190,customer,channel2,49,708.54,714.54,"Yep. Okay, done. Oh, it says recurring transfer set up successfully.",positive,0.8679,False,False,False,False,False,6.0,0.049972,0.430908,-26.026,0.126169,1568.205,229.327,101.055,1.833,low,low,medium,False,False,False,False,False,positive,low,0,no strong signal,low,NO_STRONG_SIGNAL,en_AU_Banking_1592666:turn:190,1.0,1.0.0,conversation_risk_v1,heuristic_proxy,False,faster-whisper/small,cardiffnlp/twitter-roberta-base-sentiment-latest
en_AU_Banking_1592666,191,agent,channel1,142,716.12,718.12,"So look, Maria, you're all sorted.",positive,0.8714,False,False,False,False,False,2.0,0.085302,0.520477,-21.381,0.091851,1162.911,201.128,76.641,3.0,high,high,medium,False,False,False,False,False,positive,high,0,no strong signal,low,NO_STRONG_SIGNAL,en_AU_Banking_1592666:turn:191,1.0,1.0.0,conversation_risk_v1,heuristic_proxy,False,faster-whisper/small,cardiffnlp/twitter-roberta-base-sentiment-latest
en_AU_Banking_1592666,192,agent,channel1,143,718.12,723.12,"Look from now on, if your smart access balance drops below $1,500, what will",neutral,0.5872,False,False,False,False,False,5.0,0.077583,0.550751,-22.205,0.14186,1495.151,189.923,67.516,2.8,medium,medium,low,False,False,False,False,False,neutral,medium,0,no strong signal,low,NO_STRONG_SIGNAL,en_AU_Banking_1592666:turn:192,1.0,1.0.0,conversation_risk_v1,heuristic_proxy,False,faster-whisper/small,cardiffnlp/twitter-roberta-base-sentiment-latest
en_AU_Banking_1592666,193,agent,channel1,144,723.12,728.12,happen is the system will automatically top it up right from your savings and,neutral,0.8121,False,False,False,False,False,5.0,0.088674,0.866882,-21.044,0.148294,1492.364,192.725,75.159,2.8,high,medium,low,False,False,False,False,False,neutral,medium,0,no strong signal,low,NO_STRONG_SIGNAL,en_AU_Banking_1592666:turn:193,1.0,1.0.0,conversation_risk_v1,heuristic_proxy,False,faster-whisper/small,cardiffnlp/twitter-roberta-base-sentiment-latest
en_AU_Banking_1592666,194,agent,channel1,145,728.12,731.12,"up to a maximum of $2,000 at a time.",neutral,0.9194,False,False,False,False,False,3.0,0.074929,0.669495,-22.507,0.123649,1306.083,170.637,51.412,3.0,medium,high,low,False,False,False,False,False,neutral,medium,0,no strong signal,low,NO_STRONG_SIGNAL,en_AU_Banking_1592666:turn:194,1.0,1.0.0,conversation_risk_v1,heuristic_proxy,False,faster-whisper/small,cardiffnlp/twitter-roberta-base-sentiment-latest
en_AU_Banking_1592666,195,agent,channel1,146,731.12,737.12,"So it's never going to transfer over $2,000, you know, in one session for you.",neutral,0.4952,False,False,False,False,False,6.0,0.080689,0.893188,-21.864,0.131384,1380.005,150.297,68.212,2.5,high,medium,low,False,False,False,False,False,neutral,medium,0,no strong signal,low,NO_STRONG_SIGNAL,en_AU_Banking_1592666:turn:195,1.0,1.0.0,conversation_risk_v1,heuristic_proxy,False,faster-whisper/small,cardiffnlp/twitter-roberta-base-sentiment-latest
en_AU_Banking_1592666,196,agent,channel1,147,737.12,742.12,You'll get a notification as well on your app whenever your transfer happens.,neutral,0.8893,False,False,False,False,False,5.0,0.11019,0.989044,-19.157,0.117069,1350.675,192.519,67.858,2.6,high,medium,low,False,False,False,False,False,neutral,medium,0,no strong signal,low,NO_STRONG_SIGNAL,en_AU_Banking_1592666:turn:196,1.0,1.0.0,conversation_risk_v1,heuristic_proxy,False,faster-whisper/small,cardiffnlp/twitter-roberta-base-sentiment-latest
en_AU_Banking_1592666,197,customer,channel2,50,738.54,748.54,"That's brilliant. You know, I wish I'd known about this month ago. You would have saved me a lot of stressful phone calls.",positive,0.8973,False,False,False,False,False,10.0,0.042951,0.541504,-27.34,0.074769,1512.102,274.859,117.867,2.3,low,medium,high,False,False,False,False,False,positive,medium,5,medium customer vocal intensity,low,CUST_MEDIUM_VOCAL_INTENSITY,en_AU_Banking_1592666:turn:197,1.0,1.0.0,conversation_risk_v1,heuristic_proxy,False,faster-whisper/small,cardiffnlp/twitter-roberta-base-sentiment-latest
en_AU_Banking_1592666,198,agent,channel1,148,742.12,749.12,So you'll always know when it's kicked in.,neutral,0.6773,False,False,False,False,False,7.0,0.027139,0.433685,-31.328,0.034015,923.636,285.744,141.609,1.143,low,low,high,False,False,False,False,False,neutral,medium,0,no strong signal,low,NO_STRONG_SIGNAL,en_AU_Banking_1592666:turn:198,1.0,1.0.0,conversation_risk_v1,heuristic_proxy,False,faster-whisper/small,cardiffnlp/twitter-roberta-base-sentiment-latest
en_AU_Banking_1592666,199,agent,channel1,149,749.12,752.12,"Well, look, I mean, look to the future.",neutral,0.6687,False,False,False,False,False,3.0,0.124797,0.999969,-18.076,0.103552,1226.907,181.11,58.739,2.667,high,medium,low,False,False,False,False,False,neutral,medium,0,no strong signal,low,NO_STRONG_SIGNAL,en_AU_Banking_1592666:turn:199,1.0,1.0.0,conversation_risk_v1,heuristic_proxy,False,faster-whisper/small,cardiffnlp/twitter-roberta-base-sentiment-latest
en_AU_Banking_1592666,200,agent,channel1,150,752.12,755.12,You don't have to call us again for this same need.,negative,0.6484,False,False,False,False,False,3.0,0.078785,0.975037,-22.071,0.145809,1440.689,179.223,74.076,3.667,high,high,low,False,False,False,False,False,negative,high,8,negative agent sentiment,low,AGENT_NEGATIVE_SENTIMENT,en_AU_Banking_1592666:turn:200,1.0,1.0.0,conversation_risk_v1,heuristic_proxy,False,faster-whisper/small,cardiffnlp/twitter-roberta-base-sentiment-latest
en_AU_Banking_1592666,201,agent,channel1,151,755.12,759.12,"And of course, as you know, you can change it, you know, whenever you need,",positive,0.4925,False,False,False,False,False,4.0,0.077565,0.516235,-22.207,0.098443,1239.072,168.19,53.598,3.75,medium,high,low,False,False,False,False,False,positive,medium,0,no strong signal,low,NO_STRONG_SIGNAL,en_AU_Banking_1592666:turn:201,1.0,1.0.0,conversation_risk_v1,heuristic_proxy,False,faster-whisper/small,cardiffnlp/twitter-roberta-base-sentiment-latest
en_AU_Banking_1592666,202,agent,channel1,152,759.12,761.12,but we are here if you do need to.,neutral,0.5752,False,False,False,False,False,2.0,0.069766,0.621094,-23.127,0.110995,1204.46,169.086,80.531,4.5,medium,high,low,False,False,False,False,False,neutral,medium,0,no strong signal,low,NO_STRONG_SIGNAL,en_AU_Banking_1592666:turn:202,1.0,1.0.0,conversation_risk_v1,heuristic_proxy,False,faster-whisper/small,cardiffnlp/twitter-roberta-base-sentiment-latest
en_AU_Banking_1592666,203,agent,channel1,153,761.12,765.12,No need to worry about it.,neutral,0.6053,False,False,False,False,False,4.0,0.100733,0.685669,-19.937,0.089964,1385.965,192.135,106.049,1.5,high,low,low,False,False,False,False,False,neutral,medium,0,no strong signal,low,NO_STRONG_SIGNAL,en_AU_Banking_1592666:turn:203,1.0,1.0.0,conversation_risk_v1,heuristic_proxy,False,faster-whisper/small,cardiffnlp/twitter-roberta-base-sentiment-latest
en_AU_Banking_1592666,204,agent,channel1,154,765.12,767.12,"Oh, it does actually say that.",neutral,0.702,False,False,False,False,False,2.0,0.134892,0.999969,-17.4,0.11418,1112.93,180.909,101.943,3.0,high,high,low,False,False,False,False,False,neutral,high,0,no strong signal,low,NO_STRONG_SIGNAL,en_AU_Banking_1592666:turn:204,1.0,1.0.0,conversation_risk_v1,heuristic_proxy,False,faster-whisper/small,cardiffnlp/twitter-roberta-base-sentiment-latest
en_AU_Banking_1592666,205,agent,channel1,155,767.12,771.12,"You know, again, just a reminder, if you know you wanted to stop it from",neutral,0.6884,False,False,False,False,False,4.0,0.130831,0.979553,-17.666,0.140338,1517.382,171.524,59.667,3.75,high,high,low,False,False,False,False,False,neutral,high,0,no strong signal,low,NO_STRONG_SIGNAL,en_AU_Banking_1592666:turn:205,1.0,1.0.0,conversation_risk_v1,heuristic_proxy,False,faster-whisper/small,cardiffnlp/twitter-roberta-base-sentiment-latest
en_AU_Banking_1592666,206,customer,channel2,51,768.54,786.54,"Awesome. Okay, thanks so much. So just to make sure I've got everything right, the 2500 I needed today is ready in my account, and I can pay my bills now, right?",positive,0.9545,False,False,False,False,False,18.0,0.042965,0.491913,-27.338,0.086127,1627.706,246.942,115.302,1.778,low,low,high,False,False,False,False,False,positive,medium,5,medium customer vocal intensity,low,CUST_MEDIUM_VOCAL_INTENSITY,en_AU_Banking_1592666:turn:206,1.0,1.0.0,conversation_risk_v1,heuristic_proxy,False,faster-whisper/small,cardiffnlp/twitter-roberta-base-sentiment-latest
en_AU_Banking_1592666,207,agent,channel1,156,771.12,774.12,"happening, you can always turn it off completely if you wanted to go back",neutral,0.7296,False,False,False,False,False,3.0,0.07624,0.628479,-22.356,0.094607,1138.124,163.797,66.114,4.667,medium,high,low,False,False,False,False,False,neutral,medium,0,no strong signal,low,NO_STRONG_SIGNAL,en_AU_Banking_1592666:turn:207,1.0,1.0.0,conversation_risk_v1,heuristic_proxy,False,faster-whisper/small,cardiffnlp/twitter-roberta-base-sentiment-latest
en_AU_Banking_1592666,208,agent,channel1,157,774.12,784.12,to those manual transfers.,neutral,0.7893,False,False,False,False,False,10.0,0.020706,0.296722,-33.678,0.043694,965.938,289.322,142.494,0.4,low,low,high,False,False,False,False,False,neutral,medium,0,no strong signal,low,NO_STRONG_SIGNAL,en_AU_Banking_1592666:turn:208,1.0,1.0.0,conversation_risk_v1,heuristic_proxy,False,faster-whisper/small,cardiffnlp/twitter-roberta-base-sentiment-latest
en_AU_Banking_1592666,209,agent,channel1,158,785.12,787.12,Correct.,neutral,0.601,False,False,False,False,False,2.0,0.048091,0.60849,-26.359,0.018314,876.461,319.073,123.678,0.5,low,low,high,False,False,False,False,False,neutral,medium,0,no strong signal,low,NO_STRONG_SIGNAL,en_AU_Banking_1592666:turn:209,1.0,1.0.0,conversation_risk_v1,heuristic_proxy,False,faster-whisper/small,cardiffnlp/twitter-roberta-base-sentiment-latest
en_AU_Banking_1592666,210,agent,channel1,159,787.12,788.12,Yep.,neutral,0.5717,False,False,False,False,False,1.0,0.177223,0.975433,-15.03,0.16156,1940.441,240.062,90.248,1.0,high,low,high,False,False,False,False,False,neutral,high,0,no strong signal,low,NO_STRONG_SIGNAL,en_AU_Banking_1592666:turn:210,1.0,1.0.0,conversation_risk_v1,heuristic_proxy,False,faster-whisper/small,cardiffnlp/twitter-roberta-base-sentiment-latest
en_AU_Banking_1592666,211,agent,channel1,160,788.12,793.12,"So you're $2,500 in your smart account as we speak available immediately.",neutral,0.6703,False,False,False,False,False,5.0,0.082175,0.912842,-21.705,0.163126,1711.279,198.537,75.683,2.4,high,medium,medium,False,False,False,False,False,neutral,medium,0,no strong signal,low,NO_STRONG_SIGNAL,en_AU_Banking_1592666:turn:211,1.0,1.0.0,conversation_risk_v1,heuristic_proxy,False,faster-whisper/small,cardiffnlp/twitter-roberta-base-sentiment-latest
en_AU_Banking_1592666,212,agent,channel1,161,793.12,795.12,That's the one you and I did over the phone.,neutral,0.904,False,False,False,False,False,2.0,0.105158,0.603516,-19.563,0.088216,1132.059,176.703,53.743,5.0,high,high,low,False,False,False,False,False,neutral,high,0,no strong signal,low,NO_STRONG_SIGNAL,en_AU_Banking_1592666:turn:212,1.0,1.0.0,conversation_risk_v1,heuristic_proxy,False,faster-whisper/small,cardiffnlp/twitter-roberta-base-sentiment-latest
en_AU_Banking_1592666,213,agent,channel1,162,795.12,800.12,And you can go ahead and make your BP a payment to origin and your,neutral,0.8349,False,False,False,False,False,5.0,0.113106,0.951508,-18.93,0.124238,1450.958,196.727,78.125,3.0,high,high,medium,False,False,False,False,False,neutral,high,0,no strong signal,low,NO_STRONG_SIGNAL,en_AU_Banking_1592666:turn:213,1.0,1.0.0,conversation_risk_v1,heuristic_proxy,False,faster-whisper/small,cardiffnlp/twitter-roberta-base-sentiment-latest
en_AU_Banking_1592666,214,customer,channel2,52,799.54,809.54,"Okay. And the automatic transfer will just keep my balance chopped up from now on. Like, does that stop today?",neutral,0.6026,False,False,False,False,False,10.0,0.041897,0.366852,-27.556,0.07925,1638.735,262.429,121.327,2.0,low,low,high,False,False,False,False,False,neutral,medium,5,medium customer vocal intensity,low,CUST_MEDIUM_VOCAL_INTENSITY,en_AU_Banking_1592666:turn:214,1.0,1.0.0,conversation_risk_v1,heuristic_proxy,False,faster-whisper/small,cardiffnlp/twitter-roberta-base-sentiment-latest
en_AU_Banking_1592666,215,agent,channel1,163,800.12,809.12,Foxtel payment tomorrow will go through without any issues.,positive,0.6113,False,False,False,False,False,9.0,0.04293,0.505066,-27.345,0.073015,1065.157,239.733,135.961,1.0,low,low,high,False,False,False,False,False,positive,medium,0,no strong signal,low,NO_STRONG_SIGNAL,en_AU_Banking_1592666:turn:215,1.0,1.0.0,conversation_risk_v1,heuristic_proxy,False,faster-whisper/small,cardiffnlp/twitter-roberta-base-sentiment-latest
en_AU_Banking_1592666,216,agent,channel1,164,809.12,811.12,"Yes, that's exactly right.",positive,0.8803,False,False,False,False,False,2.0,0.068052,0.684448,-23.343,0.070723,1091.596,257.139,134.347,2.0,medium,low,high,False,False,False,False,False,positive,medium,0,no strong signal,low,NO_STRONG_SIGNAL,en_AU_Banking_1592666:turn:216,1.0,1.0.0,conversation_risk_v1,heuristic_proxy,False,faster-whisper/small,cardiffnlp/twitter-roberta-base-sentiment-latest
en_AU_Banking_1592666,217,customer,channel2,53,809.54,835.54,"Okay. So like tomorrow when Foxtel comes out, and my balance goes below 2500, really like that should happen right away.",neutral,0.5061,False,False,False,False,False,26.0,0.040363,0.477295,-27.88,0.047109,1450.16,292.562,122.9,0.808,low,low,high,False,False,False,False,False,neutral,medium,5,medium customer vocal intensity,low,CUST_MEDIUM_VOCAL_INTENSITY,en_AU_Banking_1592666:turn:217,1.0,1.0.0,conversation_risk_v1,heuristic_proxy,False,faster-whisper/small,cardiffnlp/twitter-roberta-base-sentiment-latest
en_AU_Banking_1592666,218,agent,channel1,165,811.12,815.12,"Look, anytime you drop below $1,500, it will automatically transfer funds",neutral,0.7176,False,False,False,False,False,4.0,0.097765,0.607666,-20.196,0.106364,1204.49,185.441,71.597,2.75,high,medium,low,False,False,False,False,False,neutral,medium,0,no strong signal,low,NO_STRONG_SIGNAL,en_AU_Banking_1592666:turn:218,1.0,1.0.0,conversation_risk_v1,heuristic_proxy,False,faster-whisper/small,cardiffnlp/twitter-roberta-base-sentiment-latest
en_AU_Banking_1592666,219,agent,channel1,166,815.12,820.12,"from your savings to bring you back up to that level up to $2,000 at a time.",neutral,0.8185,False,False,False,False,False,5.0,0.084275,0.787292,-21.486,0.149097,1541.551,165.432,78.787,3.4,high,high,low,False,False,False,False,False,neutral,high,0,no strong signal,low,NO_STRONG_SIGNAL,en_AU_Banking_1592666:turn:219,1.0,1.0.0,conversation_risk_v1,heuristic_proxy,False,faster-whisper/small,cardiffnlp/twitter-roberta-base-sentiment-latest
en_AU_Banking_1592666,220,agent,channel1,167,820.12,824.12,You'll never have to worry about being short for those bills again.,negative,0.4693,False,False,False,False,False,4.0,0.099402,0.774689,-20.052,0.11041,1370.139,180.405,66.986,3.0,high,high,low,False,False,False,False,False,negative,high,8,negative agent sentiment,low,AGENT_NEGATIVE_SENTIMENT,en_AU_Banking_1592666:turn:220,1.0,1.0.0,conversation_risk_v1,heuristic_proxy,False,faster-whisper/small,cardiffnlp/twitter-roberta-base-sentiment-latest
en_AU_Banking_1592666,221,agent,channel1,168,824.12,836.12,"And as for when it starts, yep, that's all ready to go.",neutral,0.5294,False,False,False,False,False,12.0,0.049058,0.805267,-26.186,0.051832,1051.96,277.198,139.499,1.0,low,low,high,False,False,False,False,False,neutral,medium,0,no strong signal,low,NO_STRONG_SIGNAL,en_AU_Banking_1592666:turn:221,1.0,1.0.0,conversation_risk_v1,heuristic_proxy,False,faster-whisper/small,cardiffnlp/twitter-roberta-base-sentiment-latest
en_AU_Banking_1592666,222,agent,channel1,169,836.12,847.12,Yes.,neutral,0.5811,False,False,False,False,False,11.0,0.021924,0.750946,-33.182,0.031043,940.962,314.453,135.743,0.091,low,low,high,False,False,False,False,False,neutral,medium,0,no strong signal,low,NO_STRONG_SIGNAL,en_AU_Banking_1592666:turn:222,1.0,1.0.0,conversation_risk_v1,heuristic_proxy,False,faster-whisper/small,cardiffnlp/twitter-roberta-base-sentiment-latest
en_AU_Banking_1592666,223,customer,channel2,54,836.54,859.54,"That is so awesome. Such a weight off my mind. You've been so helpful, Danielle. Oh my goodness. Thank you so much for your time.",positive,0.9846,False,False,False,False,False,23.0,0.033219,0.428589,-29.572,0.064365,1624.836,287.18,126.824,1.087,low,low,high,False,False,False,False,False,positive,medium,5,medium customer vocal intensity,low,CUST_MEDIUM_VOCAL_INTENSITY,en_AU_Banking_1592666:turn:223,1.0,1.0.0,conversation_risk_v1,heuristic_proxy,False,faster-whisper/small,cardiffnlp/twitter-roberta-base-sentiment-latest
en_AU_Banking_1592666,224,agent,channel1,170,847.12,848.12,"You're very welcome, Maria.",positive,0.9652,False,False,False,False,False,1.0,0.179903,0.91745,-14.899,0.114304,1360.301,188.683,62.24,4.0,high,high,low,False,False,False,False,False,positive,high,0,no strong signal,low,NO_STRONG_SIGNAL,en_AU_Banking_1592666:turn:224,1.0,1.0.0,conversation_risk_v1,heuristic_proxy,False,faster-whisper/small,cardiffnlp/twitter-roberta-base-sentiment-latest
en_AU_Banking_1592666,225,agent,channel1,171,848.12,851.12,I'm just so glad we could get it all sorted for you today.,positive,0.9683,False,False,False,False,False,3.0,0.112274,0.789612,-18.994,0.130605,1349.664,156.761,35.171,4.333,high,high,low,False,False,False,False,False,positive,high,0,no strong signal,low,NO_STRONG_SIGNAL,en_AU_Banking_1592666:turn:225,1.0,1.0.0,conversation_risk_v1,heuristic_proxy,False,faster-whisper/small,cardiffnlp/twitter-roberta-base-sentiment-latest
en_AU_Banking_1592666,226,agent,channel1,172,851.12,854.12,"And, you know, of course, such a bonus that this is not something you",positive,0.5755,False,False,False,False,False,3.0,0.057903,0.328156,-24.746,0.14036,1334.967,165.713,65.985,4.667,medium,high,low,False,False,False,False,False,positive,medium,0,no strong signal,low,NO_STRONG_SIGNAL,en_AU_Banking_1592666:turn:226,1.0,1.0.0,conversation_risk_v1,heuristic_proxy,False,faster-whisper/small,cardiffnlp/twitter-roberta-base-sentiment-latest
en_AU_Banking_1592666,227,agent,channel1,173,854.12,856.12,need to do in the future.,neutral,0.8264,False,False,False,False,False,2.0,0.064763,0.462769,-23.774,0.164907,1771.127,188.14,87.312,3.0,medium,high,low,False,False,False,False,False,neutral,medium,0,no strong signal,low,NO_STRONG_SIGNAL,en_AU_Banking_1592666:turn:227,1.0,1.0.0,conversation_risk_v1,heuristic_proxy,False,faster-whisper/small,cardiffnlp/twitter-roberta-base-sentiment-latest
en_AU_Banking_1592666,228,agent,channel1,174,856.12,864.12,"Whilst I've got you, is there anything else I can help you with?",neutral,0.7254,False,False,True,True,False,8.0,0.066113,0.726135,-23.594,0.061521,989.839,274.857,121.993,1.625,medium,low,high,False,False,True,True,False,neutral,medium,0,agent probing question detected | agent ownership detected,low,AGENT_PROBING|AGENT_OWNERSHIP,en_AU_Banking_1592666:turn:228,1.0,1.0.0,conversation_risk_v1,heuristic_proxy,False,faster-whisper/small,cardiffnlp/twitter-roberta-base-sentiment-latest
en_AU_Banking_1592666,229,customer,channel2,55,859.54,862.54,"No, no, I think that's everything. You've been really wonderful.",positive,0.9697,False,False,False,False,False,3.0,0.047492,0.347382,-26.468,0.126517,1941.332,250.621,87.625,3.333,low,high,high,False,False,False,False,False,positive,medium,5,medium customer vocal intensity,low,CUST_MEDIUM_VOCAL_INTENSITY,en_AU_Banking_1592666:turn:229,1.0,1.0.0,conversation_risk_v1,heuristic_proxy,False,faster-whisper/small,cardiffnlp/twitter-roberta-base-sentiment-latest
en_AU_Banking_1592666,230,agent,channel1,175,864.12,865.12,Lovely.,positive,0.9466,False,False,False,False,False,1.0,0.146259,0.589081,-16.698,0.056076,844.532,188.984,64.015,1.0,high,low,low,False,False,False,False,False,positive,medium,0,no strong signal,low,NO_STRONG_SIGNAL,en_AU_Banking_1592666:turn:230,1.0,1.0.0,conversation_risk_v1,heuristic_proxy,False,faster-whisper/small,cardiffnlp/twitter-roberta-base-sentiment-latest
en_AU_Banking_1592666,231,agent,channel1,176,865.12,867.12,"Look, you have a great rest of your day.",positive,0.9738,False,False,False,False,False,2.0,0.103394,0.595551,-19.71,0.123357,1480.816,203.375,68.301,4.5,high,high,medium,False,False,False,False,False,positive,high,0,no strong signal,low,NO_STRONG_SIGNAL,en_AU_Banking_1592666:turn:231,1.0,1.0.0,conversation_risk_v1,heuristic_proxy,False,faster-whisper/small,cardiffnlp/twitter-roberta-base-sentiment-latest
en_AU_Banking_1592666,232,agent,channel1,177,867.12,870.12,Enjoy getting set up for that Gold Coast trip.,positive,0.9358,False,False,False,False,False,3.0,0.091087,0.61795,-20.811,0.146479,1691.039,194.212,69.363,3.0,high,high,low,False,False,False,False,False,positive,high,0,no strong signal,low,NO_STRONG_SIGNAL,en_AU_Banking_1592666:turn:232,1.0,1.0.0,conversation_risk_v1,heuristic_proxy,False,faster-whisper/small,cardiffnlp/twitter-roberta-base-sentiment-latest
en_AU_Banking_1592666,233,agent,channel1,178,870.12,873.12,"And of course, thank you for banking with Australia's favourite bank,",positive,0.9799,False,False,False,False,False,3.0,0.075064,0.412811,-22.491,0.107432,1304.35,231.65,56.767,3.667,medium,high,medium,False,False,False,False,False,positive,medium,0,no strong signal,low,NO_STRONG_SIGNAL,en_AU_Banking_1592666:turn:233,1.0,1.0.0,conversation_risk_v1,heuristic_proxy,False,faster-whisper/small,cardiffnlp/twitter-roberta-base-sentiment-latest
en_AU_Banking_1592666,234,agent,channel1,179,873.12,886.12,"Comben, Maria.",neutral,0.8706,False,False,False,False,False,13.0,0.027298,0.868805,-31.277,0.015289,747.315,312.108,133.726,0.154,low,low,high,False,False,False,False,False,neutral,medium,0,no strong signal,low,NO_STRONG_SIGNAL,en_AU_Banking_1592666:turn:234,1.0,1.0.0,conversation_risk_v1,heuristic_proxy,False,faster-whisper/small,cardiffnlp/twitter-roberta-base-sentiment-latest
en_AU_Banking_1592666,235,customer,channel2,56,873.54,884.54,"Thanks, Danielle. Oh, one last thing, Danielle. Sometimes there's a survey when I have a call with you guys. Is there going to be a survey because I'd love to give you some really good feedback?",positive,0.9617,False,False,False,False,False,11.0,0.055482,0.490875,-25.117,0.133673,1800.843,238.328,94.381,3.273,medium,high,medium,False,False,False,False,False,positive,medium,5,medium customer vocal intensity,low,CUST_MEDIUM_VOCAL_INTENSITY,en_AU_Banking_1592666:turn:235,1.0,1.0.0,conversation_risk_v1,heuristic_proxy,False,faster-whisper/small,cardiffnlp/twitter-roberta-base-sentiment-latest
en_AU_Banking_1592666,236,agent,channel1,180,886.12,888.12,"Oh, look, that would be so lovely.",positive,0.9792,False,False,False,False,False,2.0,0.134188,0.768738,-17.446,0.140323,1620.85,197.456,52.599,3.5,high,high,medium,False,False,False,False,False,positive,high,0,no strong signal,low,NO_STRONG_SIGNAL,en_AU_Banking_1592666:turn:236,1.0,1.0.0,conversation_risk_v1,heuristic_proxy,False,faster-whisper/small,cardiffnlp/twitter-roberta-base-sentiment-latest
en_AU_Banking_1592666,237,agent,channel1,181,888.12,892.12,"Yeah, look, you'll get a text message from us to your confirmed mobile",neutral,0.735,False,False,False,False,False,4.0,0.061242,0.393036,-24.259,0.12774,1484.931,172.944,65.055,3.25,medium,high,low,False,False,False,False,False,neutral,medium,0,no strong signal,low,NO_STRONG_SIGNAL,en_AU_Banking_1592666:turn:237,1.0,1.0.0,conversation_risk_v1,heuristic_proxy,False,faster-whisper/small,cardiffnlp/twitter-roberta-base-sentiment-latest
en_AU_Banking_1592666,238,customer,channel2,57,889.54,900.54,Thanks. Thanks for that. See ya.,positive,0.9567,False,False,False,False,False,11.0,0.038626,0.612518,-28.262,0.049553,1724.485,320.926,125.574,0.545,low,low,high,False,False,False,False,False,positive,medium,5,medium customer vocal intensity,low,CUST_MEDIUM_VOCAL_INTENSITY,en_AU_Banking_1592666:turn:238,1.0,1.0.0,conversation_risk_v1,heuristic_proxy,False,faster-whisper/small,cardiffnlp/twitter-roberta-base-sentiment-latest
en_AU_Banking_1592666,239,agent,channel1,182,892.12,895.12,number ending in 034.,neutral,0.9204,False,False,False,False,False,3.0,0.07761,0.896118,-22.202,0.074343,1107.412,159.622,69.269,1.333,medium,low,low,False,False,False,False,False,neutral,medium,0,no strong signal,low,NO_STRONG_SIGNAL,en_AU_Banking_1592666:turn:239,1.0,1.0.0,conversation_risk_v1,heuristic_proxy,False,faster-whisper/small,cardiffnlp/twitter-roberta-base-sentiment-latest
en_AU_Banking_1592666,240,agent,channel1,183,895.12,902.12,And you can just follow the link in prompts and it takes about two minutes.,neutral,0.5874,False,False,False,False,False,7.0,0.060681,0.507751,-24.339,0.089206,1299.534,241.892,119.04,2.143,medium,medium,high,False,False,False,False,False,neutral,medium,0,no strong signal,low,NO_STRONG_SIGNAL,en_AU_Banking_1592666:turn:240,1.0,1.0.0,conversation_risk_v1,heuristic_proxy,False,faster-whisper/small,cardiffnlp/twitter-roberta-base-sentiment-latest
en_AU_Banking_1592666,241,agent,channel1,184,902.12,903.12,Thank you. Bye.,positive,0.5915,False,False,False,False,False,1.0,0.080949,0.470795,-21.836,0.081894,1271.102,224.369,67.543,3.0,high,high,medium,False,False,False,False,False,positive,high,0,no strong signal,low,NO_STRONG_SIGNAL,en_AU_Banking_1592666:turn:241,1.0,1.0.0,conversation_risk_v1,heuristic_proxy,False,faster-whisper/small,cardiffnlp/twitter-roberta-base-sentiment-latest
